active_alternatives,replicate,NS_null,LRV_null_max,NSV_vector_null
5,0,0.0,3.895601579241544e-16,1.655790202428168e-10
5,1,0.0,2.433390057063442e-16,2.256943629523221e-10
5,2,0.0,3.3989872721142393e-16,1.8814201746594616e-10
5,3,0.0,2.4455166606888606e-16,1.5229343678539873e-10
5,4,0.0,2.634762980980434e-16,1.4347136062209486e-10
5,5,0.0,2.392524178249818e-16,1.3314014014779298e-10
5,6,0.0,2.28932187318911e-16,1.1963540121528713e-10
5,7,0.0,1.9200760757698698e-16,1.1290811754041492e-10
5,8,0.0,4.0429499718908526e-16,1.317115533243474e-10
5,9,0.0,3.161310107063003e-16,1.572027780595031e-10
5,10,0.0,1.6586598225550285e-16,1.7379152575528303e-10
5,11,0.0,2.2381391261834966e-16,1.0519165656682633e-10
5,12,0.0,6.969512912606146e-16,1.3848269782345269e-10
5,13,0.0,4.457514335395259e-16,1.0463408459437806e-10
5,14,0.0,2.0758498728881568e-16,1.6113415584643385e-10
5,15,0.0,1.8219162378524126e-16,1.1489426263845061e-10
5,16,0.0,2.135556627277529e-16,1.4364346566221695e-10
5,17,0.0,1.8637202508158963e-16,9.485641656869027e-11
5,18,0.0,3.204681405357801e-16,1.1714672758413547e-10
5,19,0.0,3.5954774487276833e-16,1.469462049378146e-10
5,20,0.0,1.3730456306917761e-16,1.0660497675300757e-10
5,21,0.0,2.3543535109116506e-16,1.5833535729569416e-10
5,22,0.0,8.228243262725849e-16,1.2356548766500452e-10
5,23,0.0,3.2207950732165974e-16,1.0802582828478589e-10
5,24,0.0,1.3760720625467005e-16,9.545816547238071e-11
5,25,0.0,7.421074851107613e-16,1.4227638409064036e-10
5,26,0.0,4.4375601794882183e-16,1.366725068306105e-10
5,27,0.0,9.425868670550846e-17,1.1897824427559803e-10
5,28,0.0,4.0780110296798433e-16,1.6880956871465662e-10
5,29,0.0,2.759747365407926e-16,1.2301625772610163e-10
5,30,0.0,3.9912479132229816e-16,1.167200737199477e-10
5,31,0.0,6.488871305255753e-16,1.1813117648402155e-10
5,32,0.0,5.241381594992081e-16,1.450133127702388e-10
5,33,0.0,1.5210460622852613e-16,1.0733945132795216e-10
5,34,0.0,1.0969599032112089e-16,1.4059899851508238e-10
5,35,0.0,2.966186825461791e-16,1.4590086255540476e-10
5,36,0.0,1.7256737574667234e-16,1.2845906889815405e-10
5,37,0.0,3.266396139955193e-16,1.463880949933585e-10
5,38,0.0,6.652079855371637e-16,1.1475709002036806e-10
5,39,0.0,3.8600013403316146e-16,1.0825897575162002e-10
5,40,0.0,9.985837411083435e-17,1.0932501822425336e-10
5,41,0.0,1.568914447419756e-16,1.322454368159737e-10
5,42,0.0,4.272844436111475e-16,1.4092326312473252e-10
5,43,0.0,6.07485795902838e-16,1.333736481453903e-10
5,44,0.0,1.8867259564679274e-16,1.326374221091721e-10
5,45,0.0,2.6896284166980315e-16,1.9079545873578517e-10
5,46,0.0,2.433390057063442e-16,1.2788302479820917e-10
5,47,0.0,4.2176786758516605e-16,1.1078459320237996e-10
5,48,0.0,5.102196573270515e-16,1.389699859475138e-10
5,49,0.0,1.0100131548366244e-16,1.0334133257523052e-10
5,50,0.0,4.4264356691842796e-16,1.5967850716489544e-10
5,51,0.0,3.0006845345686047e-16,1.4489808131549272e-10
5,52,0.0,1.1818792112839513e-16,9.94203933165482e-11
5,53,0.0,5.438959822042073e-16,1.2878212573489644e-10
5,54,0.0,6.66466798457362e-16,1.6264539827613912e-10
5,55,0.0,3.211597162747023e-16,1.3171994992287978e-10
5,56,0.0,1.4413671113250083e-16,1.0778966759608789e-10
5,57,0.0,3.182682368868052e-16,1.4337395994531571e-10
5,58,0.0,2.2655079484729705e-16,1.2310673268181983e-10
5,59,0.0,2.9809023030310894e-16,1.2658105793607442e-10
5,60,0.0,2.836179832613846e-16,1.155961504794301e-10
5,61,0.0,3.3966293202022056e-16,1.59297283764259e-10
5,62,0.0,3.6153062281611275e-16,1.2735434606049763e-10
5,63,0.0,1.2818148673484944e-16,9.90861270761905e-11
5,64,0.0,2.580880521926561e-16,1.3500712777017038e-10
5,65,0.0,4.465802252688615e-16,1.3526436164786058e-10
5,66,0.0,2.405369348297753e-16,1.1461517319908829e-10
5,67,0.0,1.1327539742364852e-16,9.886183064371993e-11
5,68,0.0,3.254298334909091e-16,1.3929111918778008e-10
5,69,0.0,3.7551150023435484e-16,1.296927514292007e-10
5,70,0.0,2.5109209995430077e-16,1.1919579226885902e-10
5,71,0.0,1.2377866493701304e-16,1.0719047678426507e-10
5,72,0.0,1.0510534791819674e-16,9.415430236248579e-11
5,73,0.0,4.338117445410943e-16,1.5986014150560094e-10
5,74,0.0,1.034207161991685e-16,1.0722574718186582e-10
5,75,0.0,8.730900030789375e-16,1.3491303015084766e-10
5,76,0.0,3.4168906036440464e-16,1.5356608905457637e-10
5,77,0.0,1.7832822334594722e-16,1.1011929465151429e-10
5,78,0.0,1.6149833955452824e-16,1.1359835043991292e-10
5,79,0.0,1.6601454115877652e-16,1.1507800702465189e-10
5,80,0.0,2.575143099812927e-16,1.4168108179336704e-10
5,81,0.0,3.39299850214661e-16,2.4009353432545486e-10
5,82,0.0,2.8608446115907795e-16,1.2142104440999844e-10
5,83,0.0,2.407162202237567e-16,1.0757310787383051e-10
5,84,0.0,2.0159033352451745e-16,1.3621542575985505e-10
5,85,0.0,5.636172688724026e-16,1.0644760313032701e-10
5,86,0.0,4.1415932088870553e-16,1.5068520753672845e-10
5,87,0.0,2.829653368876349e-16,1.6117071607691694e-10
5,88,0.0,2.730787568572e-16,1.1224504057113915e-10
5,89,0.0,3.988158472468045e-16,1.1587239009860955e-10
5,90,0.0,3.0685166548206027e-16,1.553914509143726e-10
5,91,0.0,1.0534043139484303e-16,8.90313584265732e-11
5,92,0.0,1.1102230246251565e-16,1.7727614631327387e-10
5,93,0.0,2.760863722949401e-16,1.5176466813626612e-10
5,94,0.0,4.034251671728104e-16,1.195775265513459e-10
5,95,0.0,2.162798799918226e-16,1.3302008705284182e-10
5,96,0.0,1.5637994776137816e-16,1.9199804397436236e-10
5,97,0.0,1.7217407965198575e-16,1.0086989956639657e-10
5,98,0.0,4.427549378012869e-16,1.446086548642135e-10
5,99,0.0,1.3813244783552206e-16,1.2808956436944303e-10
5,100,0.0,3.36875402466593e-16,1.2264258853805633e-10
5,101,0.0,1.9760722357353258e-16,1.1956048042352295e-10
5,102,0.0,2.066924004369184e-16,1.2159755532614342e-10
5,103,0.0,3.5961630197985967e-16,1.582488036900334e-10
5,104,0.0,1.1710090180710445e-16,9.387459022692385e-11
5,105,0.0,6.657636375779741e-16,1.2225724138089002e-10
5,106,0.0,4.731686651322533e-16,1.324918897163354e-10
5,107,0.0,3.903187957565045e-16,1.8072099813915506e-10
5,108,0.0,2.1323797882883078e-16,1.4574762857365902e-10
5,109,0.0,4.231100585882985e-16,1.0933187444271452e-10
5,110,0.0,3.899396613340967e-16,1.1183063922338682e-10
5,111,0.0,1.3795386670353575e-16,1.128732188669941e-10
5,112,0.0,4.4602786856364025e-16,1.4330692871261633e-10
5,113,0.0,2.8112986668411826e-16,1.3348728484729158e-10
5,114,0.0,8.976206364996913e-16,1.3669892606946783e-10
5,115,0.0,6.069580238683829e-16,1.7391049409574265e-10
5,116,0.0,1.8736144289136712e-16,1.1235266912505425e-10
5,117,0.0,2.5445672320916056e-16,1.1528233558665102e-10
5,118,0.0,2.1390168887322673e-16,1.2477860328343252e-10
5,119,0.0,2.419929673792527e-16,1.3871493032537867e-10
5,120,0.0,2.2003712881679674e-16,1.1057712126695186e-10
5,121,0.0,3.474838446681962e-16,1.4002673393473607e-10
5,122,0.0,2.679297340257555e-16,1.250940693654702e-10
5,123,0.0,3.5478531281512725e-16,1.2058733647200322e-10
5,124,0.0,2.360366527284141e-16,1.2713941610122076e-10
5,125,0.0,2.8748131378151356e-16,1.2713743291886152e-10
5,126,0.0,1.846277857520329e-16,1.480754475439665e-10
5,127,0.0,2.648527719440551e-16,1.0589904339868115e-10
5,128,0.0,2.698550023868645e-16,1.6551570431504315e-10
5,129,0.0,1.314571572984818e-16,1.39095056931936e-10
5,130,0.0,1.6571729017518503e-16,1.200977207791793e-10
5,131,0.0,3.1135768768520217e-16,2.713897117318897e-10
5,132,0.0,2.520964233718276e-16,1.0675119893903338e-10
5,133,0.0,1.642980039456703e-16,1.5134951806504224e-10
5,134,0.0,3.0560388676713744e-16,1.962060339820061e-10
5,135,0.0,5.956012830044725e-16,1.0441837084953536e-10
5,136,0.0,1.4407256008216092e-16,1.2372660998448568e-10
5,137,0.0,2.0885770962163006e-16,1.1289266918879302e-10
5,138,0.0,6.373105668162646e-16,1.6770562621078654e-10
5,139,0.0,4.481232020162801e-16,1.4941266105617082e-10
5,140,0.0,4.501540236726175e-16,1.4340153069186124e-10
5,141,0.0,2.358538101658004e-16,1.2670726762190657e-10
5,142,0.0,4.243899214440327e-16,1.464188404314221e-10
5,143,0.0,5.114261372743299e-16,1.5938354512660787e-10
5,144,0.0,2.877384527540141e-16,1.0359296191088564e-10
5,145,0.0,1.885418906808825e-16,1.1812849530316668e-10
5,146,0.0,1.8269832252148366e-16,2.628915394924477e-10
5,147,0.0,2.8053734376628007e-16,1.0726887429382229e-10
5,148,0.0,3.5646631748147437e-16,1.2435303652551814e-10
5,149,0.0,2.2298629763331175e-16,1.1565388325348014e-10
5,150,0.0,3.3469127347659317e-16,2.8836862470088455e-10
5,151,0.0,2.655963502367082e-16,1.3415853747701857e-10
5,152,0.0,1.2408946406268675e-16,9.241031234673243e-11
5,153,0.0,3.2337806627593094e-16,1.3634120484781568e-10
5,154,0.0,4.594767673776045e-16,1.1002650214360772e-10
5,155,0.0,6.533546948922308e-16,1.3696336736082013e-10
5,156,0.0,6.526374069977678e-16,1.270431556074011e-10
5,157,0.0,4.962088371261724e-16,1.1430125699407283e-10
5,158,0.0,1.5205395028206235e-16,1.2727611195470204e-10
5,159,0.0,3.2207950732165974e-16,1.333010556036242e-10
5,160,0.0,2.1482170038296687e-16,1.00789159769992e-10
5,161,0.0,8.881784197001252e-16,1.3324954498333432e-10
5,162,0.0,4.2450608127142875e-16,1.5195581171770807e-10
5,163,0.0,2.5062531711346136e-16,1.214176544617005e-10
5,164,0.0,2.007938939006367e-16,1.4701901660894664e-10
5,165,0.0,3.401887123145788e-16,1.7150212203763274e-10
5,166,0.0,1.2588920655232397e-16,1.454931652473158e-10
5,167,0.0,4.641741426862216e-16,1.4509266441598267e-10
5,168,0.0,1.3018518929051675e-16,1.5200453229660414e-10
5,169,0.0,3.05986811298165e-16,1.468030184205783e-10
5,170,0.0,4.31018263162419e-16,1.2161555154244515e-10
5,171,0.0,1.5419714887580464e-16,1.4539135284794619e-10
5,172,0.0,1.6773188315764163e-16,1.5552214085988888e-10
5,173,0.0,3.7327276539370134e-16,1.3652372270259716e-10
5,174,0.0,2.42222067173519e-16,1.3338967279245374e-10
5,175,0.0,3.926487019768835e-16,1.2897964410597327e-10
5,176,0.0,3.12405001749031e-16,1.3593025015741934e-10
5,177,0.0,3.896234341623569e-16,1.1873456270316008e-10
5,178,0.0,5.623912509872904e-16,1.194050839588674e-10
5,179,0.0,2.0924096214595782e-16,1.7580164345585735e-10
5,180,0.0,2.7456423702875604e-16,1.3251046315466688e-10
5,181,0.0,2.2304156750592487e-16,1.2356757872502717e-10
5,182,0.0,2.2306919730689877e-16,1.6599620737560985e-10
5,183,0.0,4.0397475139864473e-16,1.288091062895695e-10
5,184,0.0,1.9446341466721255e-16,1.0764396803415714e-10
5,185,0.0,3.9074488226360434e-16,1.3973679825492957e-10
5,186,0.0,2.998013332002028e-16,1.0487900115894498e-10
5,187,0.0,2.0399120753211e-16,1.368282288553528e-10
5,188,0.0,3.072330348291858e-16,1.300327281372185e-10
5,189,0.0,6.037408732384149e-16,1.4051314809001725e-10
5,190,0.0,2.0423276026034854e-16,1.1297905251272085e-10
5,191,0.0,2.4680934549776475e-16,1.5090892434301714e-10
5,192,0.0,3.052608629176561e-16,1.2894586149823682e-10
5,193,0.0,4.4214205078807194e-16,1.2911402883858315e-10
5,194,0.0,2.0140681930029508e-16,1.2499053500576277e-10
5,195,0.0,2.1344019601872895e-16,1.1326608649540647e-10
5,196,0.0,1.7765303032783458e-16,9.62897638220492e-11
5,197,0.0,2.1596620342357348e-16,1.26738424885748e-10
5,198,0.0,3.1626744630406633e-16,1.0250574219418419e-10
5,199,0.0,6.648372928443832e-16,1.4973284606935735e-10
5,200,0.0,2.4884851026246755e-16,1.1697760177276864e-10
5,201,0.0,1.51129045509052e-16,1.3057234123232163e-10
5,202,0.0,6.299965420058443e-16,1.2419227340500466e-10
5,203,0.0,1.717081137647121e-16,1.5212796739489956e-10
5,204,0.0,2.3022074639253675e-16,1.2036490693635213e-10
5,205,0.0,5.477350299340604e-16,1.0175997491035452e-10
5,206,0.0,4.713939501515094e-16,1.086143846846275e-10
5,207,0.0,1.2231362887266508e-16,1.402104456422788e-10
5,208,0.0,5.111850690840453e-16,1.8397777307640323e-10
5,209,0.0,5.939433778177186e-16,1.1766427336541747e-10
5,210,0.0,3.7786746862491765e-16,1.0049723306303291e-10
5,211,0.0,3.060875012911165e-16,1.535731535528843e-10
5,212,0.0,1.9360583397625738e-16,1.3048795264271718e-10
5,213,0.0,1.9585290785784033e-16,1.8033822656410535e-10
5,214,0.0,2.438450137506071e-16,1.7527334145788409e-10
5,215,0.0,5.466086971979665e-16,1.5607013002205532e-10
5,216,0.0,6.667626443485091e-16,1.029259001052534e-10
5,217,0.0,4.942675000297229e-16,1.1570787968469506e-10
5,218,0.0,1.1096677742655336e-16,1.3610324852437172e-10
5,219,0.0,2.744968896003208e-16,1.224834360489337e-10
5,220,0.0,4.148135544450461e-16,1.0958896436357777e-10
5,221,0.0,2.5722695897866607e-16,1.7109173373517446e-10
5,222,0.0,2.6328910354645594e-16,1.6376431809381356e-10
5,223,0.0,2.861706182039943e-16,1.6095133193917032e-10
5,224,0.0,1.3291414595096804e-16,1.222191329187787e-10
5,225,0.0,2.3749432566548267e-16,9.731068877976086e-11
5,226,0.0,2.9036099814798757e-16,1.1449818029286546e-10
5,227,0.0,4.319894765979209e-16,1.427848989006553e-10
5,228,0.0,1.2832564590325903e-16,1.3687176873227038e-10
5,229,0.0,2.648760403624566e-16,1.2581575573083943e-10
5,230,0.0,2.2059659356123603e-16,1.2623932900357217e-10
5,231,0.0,5.132065224942735e-16,1.2226796271472694e-10
5,232,0.0,1.738837524983979e-16,1.446199349168906e-10
5,233,0.0,3.084742237080508e-16,1.3118019320383538e-10
5,234,0.0,2.3593218861498667e-16,1.1363583406344109e-10
5,235,0.0,4.4286628067688113e-16,1.6822206194954067e-10
5,236,0.0,5.070693752293403e-16,1.0484534269437798e-10
5,237,0.0,3.792350244678169e-16,1.1529344603911165e-10
5,238,0.0,5.158894725606821e-16,1.205928623789965e-10
5,239,0.0,4.182462262026513e-16,1.1890281148447082e-10
5,240,0.0,2.569392866139459e-16,1.553232427823371e-10
5,241,0.0,5.901960635768872e-16,1.1394146669796117e-10
5,242,0.0,3.4492040425095736e-16,1.2487173525504256e-10
5,243,0.0,1.9701376024837097e-16,1.1982643413074966e-10
5,244,0.0,3.0536179228490984e-16,1.2597095368247282e-10
5,245,0.0,3.075137411781281e-16,1.4644773747664528e-10
5,246,0.0,2.2234970664338216e-16,1.3328561069286018e-10
5,247,0.0,2.935695043688897e-16,1.232747720415572e-10
5,248,0.0,3.2979417415616517e-16,1.6081282834803972e-10
5,249,0.0,2.29362511359041e-16,1.2301647146474785e-10
5,250,0.0,4.74729080487311e-16,1.5556255755947508e-10
5,251,0.0,1.3007863052557287e-16,1.0508410529535757e-10
5,252,0.0,2.7267222138875895e-16,1.1921625026465685e-10
5,253,0.0,4.4358932814717956e-16,1.2420879378154813e-10
5,254,0.0,1.0008954590128105e-16,8.703295773368902e-11
5,255,0.0,4.568942077156486e-16,1.4466618232432313e-10
5,256,0.0,1.0428113823535106e-16,9.125136350998624e-11
5,257,0.0,4.564083509149711e-16,1.247067549730255e-10
5,258,0.0,4.439226451596314e-16,1.105338346185834e-10
5,259,0.0,2.7006046707730354e-16,1.6840582255212674e-10
5,260,0.0,3.01216417301681e-16,1.232058834210396e-10
5,261,0.0,3.1791949213824894e-16,1.3844068614205455e-10
5,262,0.0,2.3346382625604825e-16,1.276488236412151e-10
5,263,0.0,4.508107038520305e-16,1.130440997697479e-10
5,264,0.0,2.6552672822924614e-16,9.835614682978228e-11
5,265,0.0,1.5754804068366795e-16,1.6647235436811336e-10
5,266,0.0,2.9325443665993253e-16,1.5286058089132777e-10
5,267,0.0,1.0702285066872294e-16,1.1190329303298492e-10
5,268,0.0,2.778664447149143e-16,1.5854539984967605e-10
5,269,0.0,2.686647964057118e-16,2.0129732603640764e-10
5,270,0.0,1.9459014222361977e-16,1.1337429357417337e-10
5,271,0.0,2.3435963928546433e-16,1.2822803004323086e-10
5,272,0.0,5.368246915321155e-16,1.5633471011311512e-10
5,273,0.0,2.056761192809626e-16,1.4308745489061803e-10
5,274,0.0,2.9524418711792077e-16,1.2132571500890072e-10
5,275,0.0,2.2567860375616377e-16,2.0316197096870857e-10
5,276,0.0,2.4109995427928496e-16,1.1126090214690012e-10
5,277,0.0,5.527528284445165e-16,1.1776905627704708e-10
5,278,0.0,3.6855391344787394e-16,1.0835448781292276e-10
5,279,0.0,2.1608032031577663e-16,1.6648037134317463e-10
5,280,0.0,1.9216802836491458e-16,1.338864957629953e-10
5,281,0.0,1.3651680807082476e-16,9.975002273178643e-11
5,282,0.0,2.707442232575493e-16,1.5583765974453764e-10
5,283,0.0,2.7366490858241177e-16,1.579297225506658e-10
5,284,0.0,4.4602786856364025e-16,1.859999782119372e-10
5,285,0.0,2.153088575358165e-16,1.1463649716478542e-10
5,286,0.0,2.37805521683226e-16,1.1335605833551616e-10
5,287,0.0,2.5780134069641733e-16,1.158557552634309e-10
5,288,0.0,1.9590010322569464e-16,1.1553992214121263e-10
5,289,0.0,2.2248825093163567e-16,1.267963303603918e-10
5,290,0.0,2.336221605070434e-16,1.788342183096524e-10
5,291,0.0,1.9553798096515908e-16,1.1489385273440648e-10
5,292,0.0,1.8384166940077193e-16,1.1593091858846981e-10
5,293,0.0,4.2450608127142875e-16,1.380714236938619e-10
5,294,0.0,7.014993182022221e-16,1.4608848663886987e-10
5,295,0.0,2.767329715893257e-16,1.2000255922746822e-10
5,296,0.0,5.904048716724266e-16,1.3756427911385338e-10
5,297,0.0,6.998809315416959e-16,1.247783447383855e-10
5,298,0.0,2.765324646399801e-16,1.2984134105215643e-10
5,299,0.0,4.807663104146924e-16,1.6047656552939476e-10
5,300,0.0,6.329245045284193e-16,1.3486966023393896e-10
5,301,0.0,3.2505085370298485e-16,1.723965006529892e-10
5,302,0.0,2.8281283602132375e-16,1.0675755152488706e-10
5,303,0.0,1.7832822334594722e-16,1.2291569842510038e-10
5,304,0.0,2.243914268996476e-16,1.4346695370046137e-10
5,305,0.0,1.5761648244596702e-16,1.491450074722733e-10
5,306,0.0,3.505211633955539e-16,1.1439509305201971e-10
5,307,0.0,2.1665000314020352e-16,9.938773463780957e-11
5,308,0.0,1.934466055308848e-16,1.1138532419710091e-10
5,309,0.0,2.3551386880256624e-16,1.4801270298339694e-10
5,310,0.0,4.2276033262255756e-16,1.1291318537341793e-10
5,311,0.0,2.6150407209324e-16,1.2979415637690078e-10
5,312,0.0,3.0935204632364077e-16,9.545220843127867e-11
5,313,0.0,4.0023501541774394e-16,1.3126569766884914e-10
5,314,0.0,4.345498581144397e-16,1.1249101073714922e-10
5,315,0.0,5.57637075593802e-16,1.6032120923227887e-10
5,316,0.0,1.9550646037480918e-16,1.668459713630344e-10
5,317,0.0,1.0296883694396086e-16,9.005345058936083e-11
5,318,0.0,2.6636099125681815e-16,1.545034976832577e-10
5,319,0.0,1.7413167731470528e-16,1.0397849654076856e-10
5,320,0.0,4.474074817208936e-16,1.1626677919172441e-10
5,321,0.0,3.146459019361876e-16,1.2016924429101058e-10
5,322,0.0,1.6393186411433787e-16,1.2357970384566757e-10
5,323,0.0,2.1835013386598806e-16,1.1456371205235169e-10
5,324,0.0,1.460164883030148e-16,1.1252649875571441e-10
5,325,0.0,1.8001368523610051e-16,1.2311162290689006e-10
5,326,0.0,8.565282493038633e-16,1.296910979139126e-10
5,327,0.0,2.3873667586321565e-16,1.2069738869349357e-10
5,328,0.0,4.366720416215028e-16,1.108248840937306e-10
5,329,0.0,2.850485454054523e-16,1.3164568388531326e-10
5,330,0.0,1.5724458336623581e-16,1.370704889941363e-10
5,331,0.0,2.7176663196815983e-16,1.089234222319303e-10
5,332,0.0,8.838937260826437e-16,1.358039035258276e-10
5,333,0.0,1.8968250538482612e-16,1.0702183457596246e-10
5,334,0.0,4.348334143326169e-16,1.335444593107696e-10
5,335,0.0,2.912087692897636e-16,1.46366622796271e-10
5,336,0.0,4.592084284144747e-16,1.3104435968457538e-10
5,337,0.0,2.77733335033161e-16,1.3268246675030394e-10
5,338,0.0,4.0134216833621577e-16,1.8365063936719744e-10
5,339,0.0,3.9912479132229816e-16,2.6811601065789165e-10
5,340,0.0,1.881492309891085e-16,1.3939512823910194e-10
5,341,0.0,3.3068994993235396e-16,1.3226552191333015e-10
5,342,0.0,4.263603345139729e-16,1.3740108195141405e-10
5,343,0.0,1.3455014484288012e-16,1.0257415727652608e-10
5,344,0.0,4.698224580010564e-16,1.0103162377627717e-10
5,345,0.0,4.574873319737386e-16,1.3442231756488552e-10
5,346,0.0,1.983387876137089e-16,1.0732150337281669e-10
5,347,0.0,3.924603059474965e-16,1.1844145274781035e-10
5,348,0.0,2.217112878420589e-16,1.2232321669182325e-10
5,349,0.0,2.260060698588879e-16,1.5628844183624903e-10
5,350,0.0,2.279609881787543e-16,1.2443181977991021e-10
5,351,0.0,4.46663019860668e-16,1.9268129476747692e-10
5,352,0.0,2.1018137570293107e-16,1.0615314967995267e-10
5,353,0.0,3.8729124126009994e-16,1.3534924838140795e-10
5,354,0.0,3.184811706822248e-16,1.7847401053343632e-10
5,355,0.0,3.5817384705135445e-16,1.6017582212666946e-10
5,356,0.0,3.261297851113138e-16,1.2274803076000696e-10
5,357,0.0,2.95348539500608e-16,2.0444950163993946e-10
5,358,0.0,6.571169895805094e-16,1.19620572054052e-10
5,359,0.0,3.6255199397114215e-16,1.2380515413642904e-10
5,360,0.0,4.440892098500626e-16,1.4933671576208142e-10
5,361,0.0,2.4020362121735504e-16,1.1528310364641476e-10
5,362,0.0,2.1344019601872895e-16,1.4549497322567354e-10
5,363,0.0,1.6571729017518503e-16,2.3486055822309374e-10
5,364,0.0,4.2918413457291997e-16,1.188336020402577e-10
5,365,0.0,4.4057812756756914e-16,1.171779324637491e-10
5,366,0.0,1.701577515482029e-16,1.1067375386052402e-10
5,367,0.0,2.2408910504077397e-16,1.1577214337720419e-10
5,368,0.0,4.3301544592510696e-16,1.087926179832555e-10
5,369,0.0,1.485377172401009e-16,1.1478329785006776e-10
5,370,0.0,2.331996969416416e-16,1.345686810058856e-10
5,371,0.0,4.0689333059569784e-16,1.241459912137842e-10
5,372,0.0,1.7313784796629086e-16,1.3261610401425315e-10
5,373,0.0,3.8830833941857337e-16,1.1452571518643722e-10
5,374,0.0,3.721152251246591e-16,1.2379385383004624e-10
5,375,0.0,2.5158251467926407e-16,1.8134368319762832e-10
5,376,0.0,2.2611511983862736e-16,1.0521669668555706e-10
5,377,0.0,2.634061157310452e-16,1.1681752824607208e-10
5,378,0.0,3.2979417415616517e-16,1.1428693288909226e-10
5,379,0.0,5.359514689909907e-16,1.5353389525599973e-10
5,380,0.0,2.285010528735387e-16,1.4917258999332664e-10
5,381,0.0,2.3110246314955477e-16,1.145143427554177e-10
5,382,0.0,2.4665947643496396e-16,1.2198071768390977e-10
5,383,0.0,2.0519612768317902e-16,9.896800486644518e-11
5,384,0.0,3.4436605635236095e-16,1.4632861984242947e-10
5,385,0.0,2.204848141805799e-16,1.1397767573452719e-10
5,386,0.0,4.665579342744296e-16,1.2260491025862027e-10
5,387,0.0,3.5115355650677866e-16,1.5264148341560642e-10
5,388,0.0,1.5841602680077366e-16,1.375371158991434e-10
5,389,0.0,4.3130414119554875e-16,1.5157556895462498e-10
5,390,0.0,2.0603537915175077e-16,1.328743640018008e-10
5,391,0.0,1.595016118833212e-16,1.439223926551838e-10
5,392,0.0,1.336885555457667e-16,1.1955082742090724e-10
5,393,0.0,3.033977700609825e-16,1.2742575443440968e-10
5,394,0.0,4.555433260181763e-16,1.292839305776102e-10
5,395,0.0,4.70962312542298e-16,1.2652766135290272e-10
5,396,0.0,4.1159188451208835e-16,1.033344446571701e-10
5,397,0.0,4.4375601794882183e-16,1.4577599934827037e-10
5,398,0.0,2.719933119908613e-16,1.3266611729431706e-10
5,399,0.0,5.404859424301949e-16,1.349730973686631e-10
5,400,0.0,6.397043024580965e-16,1.654071219180665e-10
5,401,0.0,4.517393666920789e-16,2.1562950218411238e-10
5,402,0.0,1.6091532840689078e-16,2.0829321325679408e-10
5,403,0.0,3.7551150023435484e-16,1.6357863796002347e-10
5,404,0.0,7.499061393330694e-16,1.9742547268932888e-10
5,405,0.0,2.318213734067276e-16,1.0609815102539762e-10
5,406,0.0,2.383232787117382e-16,1.1932422794045423e-10
5,407,0.0,1.449255726278473e-16,9.858926909960745e-11
5,408,0.0,4.0048131391208125e-16,1.405291866734213e-10
5,409,0.0,2.483526968385241e-16,1.4452365841731245e-10
5,410,0.0,4.566513439315785e-16,1.263986940625345e-10
5,411,0.0,4.671915578361179e-16,1.9626843075675711e-10
5,412,0.0,4.065296540767991e-16,1.340478508062095e-10
5,413,0.0,9.00088967637077e-16,1.2708069279165155e-10
5,414,0.0,4.74832925852326e-16,1.7621165414458878e-10
5,415,0.0,1.3106981004004752e-16,1.5438150382477994e-10
5,416,0.0,4.569481599160747e-16,1.2646895414731147e-10
5,417,0.0,2.7720025712322884e-16,1.0057997334961835e-10
5,418,0.0,5.693615092709196e-16,1.3798657610428943e-10
5,419,0.0,2.9044588661585817e-16,1.4017297699760454e-10
5,420,0.0,2.752144125093401e-16,1.0725906254826901e-10
5,421,0.0,1.7199501139797033e-16,1.8258628547423783e-10
5,422,0.0,2.0871011741210043e-16,1.0755641862915099e-10
5,423,0.0,5.851623165178149e-16,1.3729332183438982e-10
5,424,0.0,2.021703629411682e-16,1.4332686218642554e-10
5,425,0.0,5.287739470645962e-16,1.2932746499955961e-10
5,426,0.0,1.36155173506899e-16,1.084707594331916e-10
5,427,0.0,8.379941032408459e-16,1.4121077014940993e-10
5,428,0.0,3.2646975949748417e-16,1.2269701218677062e-10
5,429,0.0,4.002966042486721e-16,2.56231428619741e-10
5,430,0.0,2.543113608875523e-16,1.260209314534612e-10
5,431,0.0,4.880942464081559e-16,1.3250391588344373e-10
5,432,0.0,1.3032713211584112e-16,1.108229908242843e-10
5,433,0.0,1.7041109727200425e-16,1.7580370955742874e-10
5,434,0.0,4.419189720398715e-16,1.2696385612134633e-10
5,435,0.0,2.174733925295885e-16,1.7365966298314158e-10
5,436,0.0,2.874169930929847e-16,1.2830827477549048e-10
5,437,0.0,4.001734171079651e-16,1.815357717679434e-10
5,438,0.0,4.623115848735762e-16,1.3013394021093888e-10
5,439,0.0,2.4865030353228366e-16,1.3774967867946133e-10
5,440,0.0,2.4099768494094917e-16,1.0972135004621913e-10
5,441,0.0,2.290398441258579e-16,1.2248005709329563e-10
5,442,0.0,5.696212347505292e-16,1.050005748709221e-10
5,443,0.0,2.6552672822924614e-16,1.2374706755446535e-10
5,444,0.0,1.1368271767870484e-16,1.5111578782378844e-10
5,445,0.0,3.410391175708777e-16,1.5092828103775107e-10
5,446,0.0,2.5214531242947176e-16,1.402185525964094e-10
5,447,0.0,1.575969306897117e-16,1.1076061357365315e-10
5,448,0.0,1.8643814962689592e-16,1.0740702749971383e-10
5,449,0.0,2.4550744090463515e-16,1.3815272059957168e-10
5,450,0.0,3.3483855237193987e-16,1.4571872457473556e-10
5,451,0.0,6.895548641130485e-16,1.1554431801994828e-10
5,452,0.0,3.833084183753514e-16,1.2537998235724608e-10
5,453,0.0,6.179066904694994e-16,1.6837196847455394e-10
5,454,0.0,2.1995308636845123e-16,1.0956991267115636e-10
5,455,0.0,4.0646900968859317e-16,1.152149215595609e-10
5,456,0.0,2.584698394608246e-16,1.5048857495491005e-10
5,457,0.0,3.048568113005685e-16,1.8765192477846918e-10
5,458,0.0,5.152678899499238e-16,1.5298744665117304e-10
5,459,0.0,2.2469334198890885e-16,1.2806633332880665e-10
5,460,0.0,4.579720440983668e-16,1.2811740581384529e-10
5,461,0.0,1.8283320502233827e-16,1.2327414834509137e-10
5,462,0.0,1.7413167731470528e-16,1.9475477409187444e-10
5,463,0.0,2.4545722974941025e-16,1.2385616855150312e-10
5,464,0.0,3.8784779729209717e-16,1.283005374955617e-10
5,465,0.0,2.698550023868645e-16,1.1529147422976116e-10
5,466,0.0,4.606556018376985e-16,1.4982045587309262e-10
5,467,0.0,1.92288256126899e-16,1.936646880173319e-10
5,468,0.0,5.916978371587988e-16,1.7766702805550502e-10
5,469,0.0,1.0012032847802031e-16,9.998051816415392e-11
5,470,0.0,2.427304036553607e-16,1.7351063284802797e-10
5,471,0.0,2.1891391000157223e-16,1.418258775665933e-10
5,472,0.0,2.480547330877581e-16,1.3752697454185127e-10
5,473,0.0,2.1505108827574394e-16,1.088296331229316e-10
5,474,0.0,3.483164395096258e-16,1.3327749564301886e-10
5,475,0.0,3.2533512993173737e-16,1.0678113937679308e-10
5,476,0.0,5.252188094446662e-16,1.480492519717991e-10
5,477,0.0,4.1015190849047716e-16,1.993024039838205e-10
5,478,0.0,4.1534806994919335e-16,1.3607246035558863e-10
5,479,0.0,6.865452576994138e-16,1.242307801414854e-10
5,480,0.0,2.575143099812927e-16,1.18757151147357e-10
5,481,0.0,1.4712026062715328e-16,1.1149725658471507e-10
5,482,0.0,2.9010618370825313e-16,1.0250934052676568e-10
5,483,0.0,4.432557604889171e-16,1.0276508466566552e-10
5,484,0.0,2.8591206918129103e-16,1.699204721573492e-10
5,485,0.0,2.316085955983258e-16,1.0759879340099602e-10
5,486,0.0,1.3228669565258701e-16,1.1225232774067866e-10
5,487,0.0,4.1344443084902956e-16,1.7642745910506876e-10
5,488,0.0,1.465326167240059e-16,9.804381732506067e-11
5,489,0.0,3.5297410559181755e-16,1.6702867823418325e-10
5,490,0.0,2.592317271545189e-16,1.311659097409548e-10
5,491,0.0,4.984889017266269e-16,1.1382237278331522e-10
5,492,0.0,4.3889631155166457e-16,1.278037353607817e-10
5,493,0.0,1.898773513585258e-16,1.674965879358386e-10
5,494,0.0,4.449210979532187e-16,1.380353405479041e-10
5,495,0.0,1.4563612632704754e-16,9.753104785662961e-11
5,496,0.0,1.8076531140805638e-16,1.127733522954254e-10
5,497,0.0,1.3578122908425204e-16,9.903800519672815e-11
5,498,0.0,2.1306449705462524e-16,1.2451561664019566e-10
5,499,0.0,1.7167221784840794e-16,2.0586470520599715e-10
5,500,0.0,4.3979408045001793e-16,1.3224540786059672e-10
5,501,0.0,1.9534878113278938e-16,1.2732375229351077e-10
5,502,0.0,1.0316714227243877e-16,1.0230475250041007e-10
5,503,0.0,1.7596246909476099e-16,1.2159215229793303e-10
5,504,0.0,1.334001225117056e-16,9.362908474215143e-11
5,505,0.0,2.4191655256737565e-16,1.2455996473232607e-10
5,506,0.0,1.8824747269678055e-16,1.150843744240773e-10
5,507,0.0,4.0784643854867334e-16,1.2840589497925973e-10
5,508,0.0,6.66318826253394e-16,1.2549910525112418e-10
5,509,0.0,1.279408604916193e-16,1.024777277946932e-10
5,510,0.0,6.742262948251189e-16,1.5613888429318718e-10
5,511,0.0,2.721292293702065e-16,1.5280561554600346e-10
5,512,0.0,3.0264524887588427e-16,1.4149440122621202e-10
5,513,0.0,1.744499200608282e-16,9.658696900295728e-11
5,514,0.0,3.4195950527419314e-16,9.9808394477109e-11
5,515,0.0,1.4805980210372183e-16,1.1366011629215887e-10
5,516,0.0,6.6242273400690875e-16,1.2601816876067557e-10
5,517,0.0,1.7026637444566728e-16,1.6467357030531778e-10
5,518,0.0,2.33727657085239e-16,1.3102064267215968e-10
5,519,0.0,2.7713355028623284e-16,1.6289379823685092e-10
5,520,0.0,2.5989654674417883e-16,1.0064295612684403e-10
5,521,0.0,2.3687070710377944e-16,1.5316957774227937e-10
5,522,0.0,3.39517745891758e-16,1.496465062402612e-10
5,523,0.0,5.289603976864219e-16,1.7217509448042967e-10
5,524,0.0,2.7352975428562677e-16,1.3222411616316242e-10
5,525,0.0,2.5631488888267376e-16,1.2376948456043026e-10
5,526,0.0,3.387544978393188e-16,1.8722261689705278e-10
5,527,0.0,6.675386159891569e-16,1.1345422012708679e-10
5,528,0.0,3.0775414283661194e-16,1.2858984226735878e-10
5,529,0.0,3.186165999137976e-16,1.1657100676318314e-10
5,530,0.0,2.4993583763075846e-16,1.3231555472446936e-10
5,531,0.0,2.281771674479872e-16,1.534870407919852e-10
5,532,0.0,5.243262586114895e-16,1.2181878652430774e-10
5,533,0.0,4.432557604889171e-16,1.3216637268020674e-10
5,534,0.0,3.1652067067265685e-16,1.2394189596825973e-10
5,535,0.0,3.8234249894403415e-16,1.2667064173915594e-10
5,536,0.0,4.580258693373255e-16,1.3080597475285606e-10
5,537,0.0,5.215449174150968e-16,1.435611239804343e-10
5,538,0.0,1.885418906808825e-16,1.0853641568413649e-10
5,539,0.0,1.721561812081875e-16,1.1122840803191406e-10
5,540,0.0,2.1815246800755281e-16,1.2319151118419155e-10
5,541,0.0,3.551499164773284e-16,1.9095527788487784e-10
5,542,0.0,2.2839314209874913e-16,1.2771103271985736e-10
5,543,0.0,4.972510331615319e-16,1.453818105041302e-10
5,544,0.0,2.0773337889207445e-16,1.173495551784153e-10
5,545,0.0,2.944917584037539e-16,1.1910622481418693e-10
5,546,0.0,2.418910755989971e-16,1.042751421369217e-10
5,547,0.0,5.331382981107677e-16,1.255999080827788e-10
5,548,0.0,4.4331137252859256e-16,1.1057666075838319e-10
5,549,0.0,2.5568896636380567e-16,1.6307377188703966e-10
5,550,0.0,2.72310347013798e-16,1.2512675277508141e-10
5,551,0.0,4.445885295016503e-16,1.3443153207767508e-10
5,552,0.0,2.8848713229677464e-16,1.3154460354293982e-10
5,553,0.0,1.687210280966746e-16,1.4396793544955772e-10
5,554,0.0,2.91039412619848e-16,1.1685042353789175e-10
5,555,0.0,3.772798557911836e-16,1.4437520879825622e-10
5,556,0.0,2.3107579389054846e-16,2.0019629847691934e-10
5,557,0.0,2.4815409409037613e-16,1.2272907072368348e-10
5,558,0.0,4.41416632660789e-16,1.3293538930026351e-10
5,559,0.0,3.0509930648246217e-16,1.4828682884488607e-10
5,560,0.0,5.283541925972439e-16,1.4039088858998894e-10
5,561,0.0,3.0461412307478706e-16,1.380485803840591e-10
5,562,0.0,3.932133484805905e-16,1.288600495981108e-10
5,563,0.0,2.579925170969555e-16,1.9027039864494974e-10
5,564,0.0,5.910308533343918e-16,1.0838259128295473e-10
5,565,0.0,2.0362834117744866e-16,1.0141997715891413e-10
5,566,0.0,3.5879275211569404e-16,1.3146070537682178e-10
5,567,0.0,2.709717585723178e-16,1.2147372972133047e-10
5,568,0.0,1.3955287025942437e-16,1.5375794228746357e-10
5,569,0.0,1.6954090725836823e-16,1.2932520092949314e-10
5,570,0.0,4.352867200739896e-16,1.0957034850712374e-10
5,571,0.0,6.445033517410433e-16,1.952215724292274e-10
5,572,0.0,3.255055764998461e-16,1.5903855005903043e-10
5,573,0.0,2.1158415907456878e-16,3.5054903082422237e-10
5,574,0.0,4.40270275574874e-16,1.5799420315612154e-10
5,575,0.0,3.2867102124875916e-16,1.1243747014417916e-10
5,576,0.0,1.4812222630807096e-16,1.190381954811633e-10
5,577,0.0,7.45950910596851e-16,1.2326727182886182e-10
5,578,0.0,2.626094047223331e-16,1.1276275002901771e-10
5,579,0.0,3.180745370107371e-16,1.1698867215216772e-10
5,580,0.0,2.0403652045130177e-16,1.1864459273955135e-10
5,581,0.0,3.601642890435976e-16,1.3300371865286346e-10
5,582,0.0,4.0140358729262954e-16,1.5944847050116713e-10
5,583,0.0,5.525297913420882e-16,1.4242929613969144e-10
5,584,0.0,1.6225976923363126e-16,1.4956868809478006e-10
5,585,0.0,1.846778497794597e-16,1.5044067467718928e-10
5,586,0.0,2.1767167505175545e-16,1.416699999296293e-10
5,587,0.0,4.982910494061814e-16,1.0317355630979022e-10
5,588,0.0,2.403831552073462e-16,1.3091556126334346e-10
5,589,0.0,4.234012762279714e-16,1.452654257131699e-10
5,590,0.0,1.1393993404037708e-16,1.0718140499904507e-10
5,591,0.0,1.666999039639032e-16,1.1301180746055375e-10
5,592,0.0,1.2452327962373347e-16,9.047611195567373e-11
5,593,0.0,4.988349544595416e-16,1.0274198479414657e-10
5,594,0.0,2.384525423100648e-16,1.4418721908157086e-10
5,595,0.0,3.6758275520267054e-16,1.0864843616004795e-10
5,596,0.0,2.847024025389652e-16,1.1861330962795244e-10
5,597,0.0,3.504508270522361e-16,1.5218410067582316e-10
5,598,0.0,3.6882136915320973e-16,1.1778496527077886e-10
5,599,0.0,1.6153649628029507e-16,1.1698682159468813e-10
5,600,0.0,1.2522656259427802e-16,2.0477447698479717e-10
5,601,0.0,3.9358932945746404e-16,1.6224797002900156e-10
5,602,0.0,2.771113111054976e-16,1.1128372930386551e-10
5,603,0.0,5.040950496625794e-16,1.2287533917972287e-10
5,604,0.0,2.469591236113772e-16,1.4143186562305028e-10
5,605,0.0,1.0473644931113032e-16,1.0747279687772545e-10
5,606,0.0,2.844425189589806e-16,1.3343533550483767e-10
5,607,0.0,4.454748269764082e-16,1.5690059649702792e-10
5,608,0.0,2.5830287696693563e-16,1.1650316432694717e-10
5,609,0.0,2.687565378447544e-16,1.656069894965207e-10
5,610,0.0,4.135338596897991e-16,1.507815166814656e-10
5,611,0.0,3.680519101545604e-16,1.82433840485994e-10
5,612,0.0,3.8414358394083e-16,1.6862963243958822e-10
5,613,0.0,2.617867283516783e-16,1.3200319846530689e-10
5,614,0.0,4.461383946137975e-16,1.26546184698543e-10
5,615,0.0,2.360366527284141e-16,1.3152290427948186e-10
5,616,0.0,2.9653556115389376e-16,2.0662685588231927e-10
5,617,0.0,1.9894378786264085e-16,1.2790045226921882e-10
5,618,0.0,2.649690936027635e-16,1.101964364931178e-10
5,619,0.0,3.00827420576687e-16,1.6408511522735887e-10
5,620,0.0,2.082963028648268e-16,1.3725803170211636e-10
5,621,0.0,1.4082775364011882e-16,1.0873169966831e-10
5,622,0.0,2.042629342666091e-16,1.3888664307227514e-10
5,623,0.0,4.443666789242129e-16,1.3275160953443423e-10
5,624,0.0,2.893403939421177e-16,1.5526145015177662e-10
5,625,0.0,3.0582563835503754e-16,1.675236209637777e-10
5,626,0.0,2.7866376757248753e-16,1.5661208320224086e-10
5,627,0.0,2.4020362121735504e-16,1.1761936206115373e-10
5,628,0.0,2.698550023868645e-16,1.6464644950488277e-10
5,629,0.0,1.4878645486993983e-16,1.8850380061581993e-10
5,630,0.0,3.6132600212837914e-16,1.4555235194566743e-10
5,631,0.0,2.3546152657082693e-16,1.507537505259734e-10
5,632,0.0,7.211152806315893e-16,1.6593133027857726e-10
5,633,0.0,1.041481514324134e-16,9.107854088051671e-11
5,634,0.0,2.3561851838284845e-16,1.0654248373767752e-10
5,635,0.0,1.9104225401234112e-16,1.2444832386896413e-10
5,636,0.0,1.8511117084211232e-16,1.266174861683853e-10
5,637,0.0,4.073172094686082e-16,1.243607084731319e-10
5,638,0.0,2.2403409359891383e-16,1.2883904682552956e-10
5,639,0.0,2.773780635925213e-16,1.6509175880994808e-10
5,640,0.0,2.0959411170043661e-16,1.2185010622519418e-10
5,641,0.0,4.572178254219406e-16,1.2816139498183882e-10
5,642,0.0,1.7920732967333126e-16,1.0178501859202912e-10
5,643,0.0,3.428414719340861e-16,1.2080194768838018e-10
5,644,0.0,2.984001921527895e-16,1.0801488119554409e-10
5,645,0.0,4.417515890509595e-16,1.5366355872225807e-10
5,646,0.0,2.808666774861361e-16,1.4905356609476155e-10
5,647,0.0,5.239970408537518e-16,1.7102048726551722e-10
5,648,0.0,4.449765018632713e-16,1.3710472186919226e-10
5,649,0.0,3.667434857501664e-16,1.582661082428353e-10
5,650,0.0,3.9701923079930703e-16,1.651623487295218e-10
5,651,0.0,8.1381695346043e-16,1.6582241100298202e-10
5,652,0.0,1.7299540627375668e-16,1.0647149818108334e-10
5,653,0.0,2.6783770938487313e-16,1.521949596910822e-10
5,654,0.0,2.7903948920474083e-16,1.0633940720954711e-10
5,655,0.0,6.644663933494944e-16,1.0241035804153103e-10
5,656,0.0,2.840088511980717e-16,1.25732114422787e-10
5,657,0.0,4.271690393028681e-16,1.1110280227981523e-10
5,658,0.0,1.2056275741819836e-16,1.0821276880998348e-10
5,659,0.0,2.2806910342703255e-16,1.3010998629422055e-10
5,660,0.0,3.015231654893561e-16,1.2751447175667557e-10
5,661,0.0,3.5464631758439996e-16,1.5909421083677514e-10
5,662,0.0,3.6982260537005163e-16,1.9484018751353343e-10
5,663,0.0,4.699798436761765e-16,1.3308583148890557e-10
5,664,0.0,2.740249941441931e-16,1.567468463847449e-10
5,665,0.0,3.2786372822867573e-16,1.1964385577654294e-10
5,666,0.0,3.840633584770684e-16,1.386953332158872e-10
5,667,0.0,1.3199519934037256e-16,3.250580298973495e-10
5,668,0.0,3.24595493889828e-16,1.1432031146755369e-10
5,669,0.0,3.3202908231755305e-16,1.535520288973098e-10
5,670,0.0,1.0806099235240793e-16,9.881187773588487e-11
5,671,0.0,4.2797621596416275e-16,1.200724924249461e-10
5,672,0.0,3.8810195708168873e-16,1.6082141461637614e-10
5,673,0.0,4.171248415136761e-16,1.3048739348470258e-10
5,674,0.0,4.2578174782522533e-16,1.0906280297341588e-10
5,675,0.0,3.3610615409120034e-16,1.6569907232615203e-10
5,676,0.0,4.1099250763298493e-16,1.4355086797644181e-10
5,677,0.0,4.450318988758562e-16,1.0197682576386745e-10
5,678,0.0,2.9719988136179525e-16,1.359620470249334e-10
5,679,0.0,2.5641104903945483e-16,1.2416552072347573e-10
5,680,0.0,2.9516067864867345e-16,1.481019475657309e-10
5,681,0.0,1.6489708707808259e-16,1.2301474326012964e-10
5,682,0.0,4.70451684789278e-16,1.2339884570611521e-10
5,683,0.0,6.932985001516142e-16,1.6714953471182628e-10
5,684,0.0,3.1401849173675503e-16,1.1097040350492349e-10
5,685,0.0,4.783502548558637e-16,1.1628605213139479e-10
5,686,0.0,6.636496848083379e-16,1.1332500172424093e-10
5,687,0.0,1.1983210615419906e-16,1.0846658722284255e-10
5,688,0.0,2.412021802555889e-16,1.3980451292926165e-10
5,689,0.0,4.400742576335935e-16,1.1136877324843289e-10
5,690,0.0,2.7822109252321575e-16,1.0960062704159577e-10
5,691,0.0,2.44602063115494e-16,1.343827996333049e-10
5,692,0.0,5.17892563931115e-16,1.2095640399940164e-10
5,693,0.0,1.9487497790995454e-16,1.3768542452169026e-10
5,694,0.0,2.55978043862985e-16,1.2280286687823473e-10
5,695,0.0,1.8577584504832502e-16,1.1347228498708951e-10
5,696,0.0,1.4058685379963366e-16,1.1299753926548168e-10
5,697,0.0,2.7465400791133427e-16,1.6781766636336923e-10
5,698,0.0,2.629377545573006e-16,2.0224394944747508e-10
5,699,0.0,4.3962588843145704e-16,1.2699334411504403e-10
5,700,0.0,1.5447667261737484e-16,1.5074395829488e-10
5,701,0.0,3.3682051441694696e-16,1.0273499094254864e-10
5,702,0.0,2.2028906378378457e-16,1.0645509031648356e-10
5,703,0.0,2.2928188712149503e-16,1.3313536499439725e-10
5,704,0.0,5.029200013287271e-16,1.1609868963412199e-10
5,705,0.0,5.747482092719373e-16,1.4366080992021053e-10
5,706,0.0,3.2970072421686704e-16,1.1934328907408183e-10
5,707,0.0,6.77581763950764e-16,1.2139677009771526e-10
5,708,0.0,4.744174080078323e-16,1.3269717098675603e-10
5,709,0.0,4.1356366500604306e-16,1.236200227348356e-10
5,710,0.0,2.8968099487692515e-16,1.1552675102075167e-10
5,711,0.0,2.8745987515112604e-16,1.4657135693509845e-10
5,712,0.0,4.222352005457961e-16,1.6389014387138106e-10
5,713,0.0,6.670953141476885e-16,1.1900666556700777e-10
5,714,0.0,2.1289087391261267e-16,1.5996253927481795e-10
5,715,0.0,2.845941465547712e-16,1.9889214067802554e-10
5,716,0.0,2.764210090453355e-16,1.6068034047678719e-10
5,717,0.0,2.4763200404893063e-16,1.3352178624681568e-10
5,718,0.0,4.3878396128448355e-16,1.0663768543815472e-10
5,719,0.0,1.1674511137704907e-16,8.868013750096397e-11
5,720,0.0,1.4391205734740428e-16,1.232004422473203e-10
5,721,0.0,6.683136866583099e-16,1.1941710839226256e-10
5,722,0.0,2.1868857395626284e-16,1.2942925814721484e-10
5,723,0.0,1.6852000649168164e-16,2.081978568247996e-10
5,724,0.0,1.2257787342800273e-16,1.1736112817596562e-10
5,725,0.0,1.2870928097709678e-16,1.1249041704354297e-10
5,726,0.0,6.070798581388954e-16,1.306580593142093e-10
5,727,0.0,3.5002851218456244e-16,1.704610762247641e-10
5,728,0.0,2.4061378778498087e-16,1.1088341013912763e-10
5,729,0.0,4.529927626029093e-16,1.2439712650594622e-10
5,730,0.0,7.165197400484859e-16,1.638408170043174e-10
5,731,0.0,2.5741856195419356e-16,1.2121239905380268e-10
5,732,0.0,4.249123905965312e-16,1.1817642886654074e-10
5,733,0.0,2.9549457092584755e-16,1.5265034734081117e-10
5,734,0.0,2.0353752350794484e-16,1.4401060011946265e-10
5,735,0.0,3.967707831962532e-16,1.187676425181545e-10
5,736,0.0,2.698550023868645e-16,1.3825368382886848e-10
5,737,0.0,2.4775641099174406e-16,1.0733488015375835e-10
5,738,0.0,4.499349172962042e-16,1.654940284858933e-10
5,739,0.0,1.916542091876757e-16,1.2944153983126113e-10
5,740,0.0,7.393118419888921e-16,1.1132257649242091e-10
5,741,0.0,1.1543116445418304e-16,1.3808081792563543e-10
5,742,0.0,4.4041023497554674e-16,1.3372884546921173e-10
5,743,0.0,2.0265752114853504e-16,1.3897703183526852e-10
5,744,0.0,2.4455166606888606e-16,1.1846719519212125e-10
5,745,0.0,2.742947481003856e-16,1.2493084868369342e-10
5,746,0.0,6.878008607872816e-16,1.344920219414165e-10
5,747,0.0,1.3891104095357068e-16,1.0877765977459038e-10
5,748,0.0,3.85168994063809e-16,1.4098620751432435e-10
5,749,0.0,1.4216708201400706e-16,1.024767305160579e-10
5,750,0.0,3.1511563979703524e-16,1.3610313895290725e-10
5,751,0.0,2.2210010913910286e-16,1.4244728371881388e-10
5,752,0.0,4.654470174964283e-16,1.072623112665489e-10
5,753,0.0,4.579720440983668e-16,1.270103679593543e-10
5,754,0.0,1.255951297483673e-16,9.007725012108805e-11
5,755,0.0,2.651551021153896e-16,1.4065290583439036e-10
5,756,0.0,4.502635368779045e-16,1.1495260067714219e-10
5,757,0.0,2.5199861680233773e-16,1.420607670613727e-10
5,758,0.0,3.115753442568278e-16,1.1968809853008337e-10
5,759,0.0,2.8268205551212423e-16,1.1541893086275874e-10
5,760,0.0,4.4602786856364025e-16,1.0518046058162065e-10
5,761,0.0,3.0887354325867103e-16,1.2847631592863453e-10
5,762,0.0,2.235935148173614e-16,1.29307648853231e-10
5,763,0.0,1.5806550535315014e-16,1.4271796593227007e-10
5,764,0.0,2.603703785810335e-16,1.1984331962424961e-10
5,765,0.0,2.6328910354645594e-16,1.3227857167246903e-10
5,766,0.0,3.9602450520043886e-16,1.9720980472668228e-10
5,767,0.0,4.740535311279052e-16,1.779608958070921e-10
5,768,0.0,5.510107448107858e-16,1.2758983855163242e-10
5,769,0.0,2.6836642013551093e-16,1.1356586844725888e-10
5,770,0.0,4.33470652827074e-16,1.2995768644387404e-10
5,771,0.0,2.870522369546412e-16,1.1954289774495123e-10
5,772,0.0,4.3124698074984075e-16,1.822907573658701e-10
5,773,0.0,4.1320585931684554e-16,1.3805098052152443e-10
5,774,0.0,3.774758283725532e-16,1.2928518889381786e-10
5,775,0.0,1.337807227787386e-16,1.4170574057628923e-10
5,776,0.0,1.9357399876532503e-16,1.3160326797549825e-10
5,777,0.0,5.146455565998358e-16,1.1321560954397467e-10
5,778,0.0,2.746315679416974e-16,2.943201464719194e-10
5,779,0.0,1.5653750946155903e-16,1.4068406823192621e-10
5,780,0.0,4.0840516359084844e-16,1.2506703470497667e-10
5,781,0.0,4.972014543156874e-16,1.3474440284964421e-10
5,782,0.0,1.2528806574743554e-16,9.530140278177383e-11
5,783,0.0,3.9527681824303417e-16,1.4753933544712317e-10
5,784,0.0,3.036414304697331e-16,1.3695839899758538e-10
5,785,0.0,2.7892903537893343e-16,1.9089801542532209e-10
5,786,0.0,1.4092618488599333e-16,1.0281027047879452e-10
5,787,0.0,4.810738696595506e-16,1.5573452245521313e-10
5,788,0.0,3.4643583988725893e-16,1.6142242699547166e-10
5,789,0.0,2.75012798407755e-16,1.293198837061468e-10
5,790,0.0,1.467952484304581e-16,1.5034888450059966e-10
5,791,0.0,3.441333221242959e-16,1.0823535584611221e-10
5,792,0.0,7.522692947893882e-16,2.0352530205741113e-10
5,793,0.0,2.025662682263182e-16,1.825710471260522e-10
5,794,0.0,1.1158266117420027e-15,1.0601447862559858e-10
5,795,0.0,1.769404339769712e-16,1.456074628768332e-10
5,796,0.0,1.8236067979617557e-16,1.2651030668353214e-10
5,797,0.0,3.340830617333496e-16,1.2866686589909448e-10
5,798,0.0,1.7160040348933646e-16,1.0855203650520269e-10
5,799,0.0,1.9897476392944792e-16,2.2025603988453268e-10
5,800,0.0,3.7333880215059017e-16,1.3571126971476306e-10
5,801,0.0,4.713416514937625e-16,1.3214486227929944e-10
5,802,0.0,5.173686943590659e-16,1.2907058870285733e-10
5,803,0.0,2.693520955497561e-16,1.2114808647585463e-10
5,804,0.0,1.5511369252661372e-16,1.250468451728692e-10
5,805,0.0,2.0734733982992198e-16,1.1987304707661373e-10
5,806,0.0,4.106924911628743e-16,1.8399745071450173e-10
5,807,0.0,2.962444526161419e-16,2.0111399242060397e-10
5,808,0.0,2.505269362197342e-16,1.2023578170439385e-10
5,809,0.0,3.3849969938443367e-16,1.1464783368170501e-10
5,810,0.0,6.688299014449713e-16,9.612170894958759e-11
5,811,0.0,1.0002856845220273e-15,1.3776909195010304e-10
5,812,0.0,2.1528023174860817e-16,1.2713336455864013e-10
5,813,0.0,3.151743078038359e-16,1.1753748824237717e-10
5,814,0.0,1.1057100084146491e-16,9.538136346815484e-11
5,815,0.0,1.2357934328605663e-16,9.90595019857195e-11
5,816,0.0,1.6241162679539783e-16,1.1940489065461118e-10
5,817,0.0,2.0982921453564974e-16,1.699220810430286e-10
5,818,0.0,4.702420360779806e-16,1.3295235597272838e-10
5,819,0.0,4.2797621596416275e-16,1.0433057851564953e-10
5,820,0.0,5.523959258546379e-16,1.17502286199932e-10
5,821,0.0,4.3990617273690246e-16,1.2764599933342797e-10
5,822,0.0,3.890535775305011e-16,1.7134971826960586e-10
5,823,0.0,4.132655151114705e-16,1.3714334376769141e-10
5,824,0.0,4.564083509149711e-16,1.182313989624506e-10
5,825,0.0,4.73845476024126e-16,1.4586370216345886e-10
5,826,0.0,3.9850666366110484e-16,1.1402280131693108e-10
5,827,0.0,3.420676233688821e-16,1.103147773410667e-10
5,828,0.0,5.289603976864219e-16,1.0753508071934925e-10
5,829,0.0,4.047063694167817e-16,1.1305078713998236e-10
5,830,0.0,3.8072718754294513e-16,1.4839831041496267e-10
5,831,0.0,5.710907813144177e-16,1.1414754865769329e-10
5,832,0.0,3.748379953938083e-16,1.1559153395914236e-10
5,833,0.0,5.813584041541218e-16,1.1518428650056313e-10
5,834,0.0,1.5954024616071554e-16,9.808209257658171e-11
5,835,0.0,4.415841426153331e-16,1.8346576576384473e-10
5,836,0.0,2.1687745727438531e-16,1.1533746162909908e-10
5,837,0.0,1.2592591786485714e-16,8.933606726810956e-11
5,838,0.0,3.0445222344970466e-16,1.3440896770902252e-10
5,839,0.0,4.2182631251963703e-16,1.1773059642987514e-10
5,840,0.0,2.9222284816587244e-16,1.1211052206869319e-10
5,841,0.0,4.317611523342974e-16,1.1411413229708753e-10
5,842,0.0,4.918676436501684e-16,1.3451565594199666e-10
5,843,0.0,4.964075193512016e-16,1.0204478415842048e-10
5,844,0.0,1.5855213142086017e-16,1.1315259518408418e-10
5,845,0.0,5.420344854234374e-16,1.1548484664806661e-10
5,846,0.0,3.770184005582633e-16,1.3555930688517016e-10
5,847,0.0,1.7511986663559e-16,1.3692220120754104e-10
5,848,0.0,2.8880740083224656e-16,1.3259692462087473e-10
5,849,0.0,1.317381490490217e-16,1.0731592705534923e-10
5,850,0.0,2.101227231621761e-16,1.1028585750936897e-10
5,851,0.0,4.2485437019746277e-16,1.0413234927194443e-10
5,852,0.0,3.1102100974488296e-16,2.0809523510958663e-10
5,853,0.0,3.724794111165682e-16,1.1629472046539089e-10
5,854,0.0,1.7292414142777745e-16,1.7594288861770335e-10
5,855,0.0,1.754363168083038e-16,1.2160038167750275e-10
5,856,0.0,5.294262369644526e-16,1.3210012744893022e-10
5,857,0.0,1.229042462237085e-16,1.0742247933336064e-10
5,858,0.0,2.6921477609369896e-16,1.3326751432965155e-10
5,859,0.0,1.6968624882578709e-16,1.254080641391564e-10
5,860,0.0,2.657123463772065e-16,1.5132419729958635e-10
5,861,0.0,6.861860919632454e-16,1.1582071965630278e-10
5,862,0.0,2.5353468761467015e-16,1.0961130629450886e-10
5,863,0.0,6.252832847199451e-16,1.304190580053693e-10
5,864,0.0,3.963978198208339e-16,1.3239320865495022e-10
5,865,0.0,5.691449808321057e-16,1.4827701321666167e-10
5,866,0.0,4.4358932814717956e-16,1.4226807717355005e-10
5,867,0.0,4.292415697199918e-16,1.3181776218743763e-10
5,868,0.0,2.7657703430174745e-16,1.8485505427985637e-10
5,869,0.0,2.657123463772065e-16,1.274324769240197e-10
5,870,0.0,1.8394221174867656e-16,1.7354856391603634e-10
5,871,0.0,2.743846071521329e-16,1.2838341738192914e-10
5,872,0.0,1.9922239907684114e-16,1.7440448686225569e-10
5,873,0.0,3.06308902767654e-16,1.302664278606022e-10
5,874,0.0,1.9635574028450747e-16,1.0351555388163986e-10
5,875,0.0,2.923493606971614e-16,1.1774820327550838e-10
5,876,0.0,1.4364415425692438e-16,1.0889114628285776e-10
5,877,0.0,2.853942684499278e-16,1.3410665774685633e-10
5,878,0.0,4.376025419743361e-16,1.285168268037484e-10
5,879,0.0,2.6568915120048935e-16,1.2208998771396408e-10
5,880,0.0,1.3508727330528934e-16,1.1960953565588385e-10
5,881,0.0,1.273615026748941e-16,1.0336126874907368e-10
5,882,0.0,1.4941679930763086e-16,1.1474076617175069e-10
5,883,0.0,6.679447175545731e-16,1.0973514840367757e-10
5,884,0.0,4.416957806256151e-16,1.484566845017513e-10
5,885,0.0,2.099466672258077e-16,1.35940744101291e-10
5,886,0.0,1.9360583397625738e-16,9.764354680374948e-11
5,887,0.0,2.3256456267930334e-16,1.1134471016201641e-10
5,888,0.0,3.9050822493327443e-16,1.1279335743525974e-10
5,889,0.0,1.7022112332879573e-16,1.0940010223936768e-10
5,890,0.0,5.762046802004418e-16,1.4565715245245898e-10
5,891,0.0,4.089480552672362e-16,1.2620105077839377e-10
5,892,0.0,1.60886601221371e-16,1.1241841480068997e-10
5,893,0.0,5.601952595820798e-16,1.415640010710288e-10
5,894,0.0,2.014374166144557e-16,1.2069364605919594e-10
5,895,0.0,1.1694290636505014e-16,1.1291580920413157e-10
5,896,0.0,2.6251551505014295e-16,1.754169335060682e-10
5,897,0.0,3.6350268448048564e-16,1.1585492160610992e-10
5,898,0.0,4.348334143326169e-16,1.7260234641994665e-10
5,899,0.0,2.798995331360196e-16,1.273567233358365e-10
5,900,0.0,2.529018842972949e-16,2.446172587957765e-10
5,901,0.0,2.3894310623110834e-16,1.3787588436859703e-10
5,902,0.0,5.723843068250574e-16,1.5293703612247457e-10
5,903,0.0,2.0764435665576354e-16,1.1143554156794591e-10
5,904,0.0,4.688770345450721e-16,1.0905606819421096e-10
5,905,0.0,3.1038627232871634e-16,1.2184678430446293e-10
5,906,0.0,5.159372555897812e-16,1.410536712107637e-10
5,907,0.0,4.418073904266701e-16,1.3290593645760838e-10
5,908,0.0,2.8307421577768803e-16,1.3686491505044515e-10
5,909,0.0,4.440892098500626e-16,1.0860907650736025e-10
5,910,0.0,2.82899989439732e-16,1.476788341939259e-10
5,911,0.0,9.799329927456651e-17,1.5448876768713818e-10
5,912,0.0,7.455872981401519e-16,1.1552709768404667e-10
5,913,0.0,1.2025565586039967e-16,1.4216810405116115e-10
5,914,0.0,3.467025820974682e-16,1.0587609438112634e-10
5,915,0.0,6.055348127961279e-16,1.392074433484612e-10
5,916,0.0,1.9984014443252818e-16,1.1681206848943208e-10
5,917,0.0,4.0840516359084844e-16,1.244884953878973e-10
5,918,0.0,2.8191796005401456e-16,1.160369447590829e-10
5,919,0.0,2.5913661369428026e-16,1.230886715088629e-10
5,920,0.0,4.987361067513563e-16,1.4470907662209916e-10
5,921,0.0,1.4117741961260883e-16,1.0385295020390668e-10
5,922,0.0,4.772667874287579e-16,1.162957140787218e-10
5,923,0.0,2.1653618647716572e-16,1.4039106974272863e-10
5,924,0.0,2.999657430470547e-16,1.2150116194063907e-10
5,925,0.0,1.960101815584897e-16,1.5876338890375988e-10
5,926,0.0,2.6443359029604435e-16,1.8344908082331267e-10
5,927,0.0,2.220446049250313e-16,1.5821694860480424e-10
5,928,0.0,2.8279104346987383e-16,1.0443717120415462e-10
5,929,0.0,2.716532210247043e-16,1.4143593728843132e-10
5,930,0.0,3.651266807319769e-16,1.0815519657325267e-10
5,931,0.0,2.368186647638997e-16,1.5075182869397048e-10
5,932,0.0,1.1733749608047493e-16,1.0094860158720666e-10
5,933,0.0,3.38208266098046e-16,1.1584668968314597e-10
5,934,0.0,1.4511680944641732e-16,1.1064444532393033e-10
5,935,0.0,3.285209774056288e-16,1.239118809846221e-10
5,936,0.0,3.065703529144609e-16,1.271152065229375e-10
5,937,0.0,3.7055512587877176e-16,1.1231506432173764e-10
5,938,0.0,1.562222271486201e-16,1.2404458900002533e-10
5,939,0.0,2.7415990429964324e-16,1.56944329436278e-10
5,940,0.0,2.9848279428368734e-16,1.541753037442147e-10
5,941,0.0,1.663112608614093e-16,9.437326858553006e-11
5,942,0.0,1.8427695672393697e-16,1.03614337930954e-10
5,943,0.0,2.6813667399277703e-16,1.4652836469004526e-10
5,944,0.0,2.2182244918664255e-16,1.1508882595617912e-10
5,945,0.0,1.36155173506899e-16,9.40423393291427e-11
5,946,0.0,8.895651159694987e-16,1.147024103607995e-10
5,947,0.0,4.388401400135128e-16,1.0114235833914528e-10
5,948,0.0,3.602327288141049e-16,1.626989021434839e-10
5,949,0.0,2.412021802555889e-16,1.1717670952389555e-10
5,950,0.0,9.879862157934438e-16,1.247708381648037e-10
5,951,0.0,1.2020439598771253e-16,1.2296098916673276e-10
5,952,0.0,5.479150283056409e-16,1.1541392192904908e-10
5,953,0.0,5.075067344919281e-16,1.459371189467896e-10
5,954,0.0,3.440616799205167e-16,1.108995056834329e-10
5,955,0.0,8.854541954141576e-16,1.131875636416158e-10
5,956,0.0,4.0798241506422e-16,1.2081934934556146e-10
5,957,0.0,2.266595827502521e-16,1.7803852255701676e-10
5,958,0.0,3.6875452341289577e-16,1.0039502131148862e-10
5,959,0.0,2.827038564650361e-16,1.5349042659730087e-10
5,960,0.0,3.797547027170516e-16,1.2990735896970805e-10
5,961,0.0,1.7256737574667234e-16,1.007969364797789e-10
5,962,0.0,4.2780337774645346e-16,1.3913322408518196e-10
5,963,0.0,1.9261649578547448e-16,1.6814728396464614e-10
5,964,0.0,1.781553408784077e-16,1.2813988162017987e-10
5,965,0.0,4.3912092585068305e-16,1.4106899776479377e-10
5,966,0.0,4.2958601934320493e-16,1.3882017446464687e-10
5,967,0.0,3.4269763241781835e-16,1.4653962011460942e-10
5,968,0.0,2.446524497805903e-16,1.2558187493836452e-10
5,969,0.0,1.1944575768113592e-16,1.0248420924186594e-10
5,970,0.0,1.9178279303923403e-16,1.3471478350155845e-10
5,971,0.0,8.579373685635685e-16,1.0546458682840837e-10
5,972,0.0,3.2138991082076027e-16,1.298459845479901e-10
5,973,0.0,1.967320211922957e-16,1.4062039507720447e-10
5,974,0.0,2.968056205671107e-16,1.241213413410645e-10
5,975,0.0,2.0417239886985912e-16,1.1342710074808111e-10
5,976,0.0,5.187961835828151e-16,1.26135950981775e-10
5,977,0.0,2.553030205341999e-16,1.269572781092472e-10
5,978,0.0,2.569392866139459e-16,1.5737672419326873e-10
5,979,0.0,2.987304636342383e-16,1.448786149271248e-10
5,980,0.0,4.580258693373255e-16,1.4105720751359835e-10
5,981,0.0,1.7437924964267162e-16,1.3009046039987267e-10
5,982,0.0,2.4815409409037613e-16,1.101205020886219e-10
5,983,0.0,1.3469892657361184e-16,1.094522118209989e-10
5,984,0.0,3.3777064469487106e-16,1.2399138978855236e-10
5,985,0.0,1.833045121696612e-16,1.2312095372225667e-10
5,986,0.0,2.0938818017735994e-16,1.0823321554545705e-10
5,987,0.0,4.440892098500626e-16,1.0188079869209625e-10
5,988,0.0,2.6230414041193694e-16,1.5943553685612659e-10
5,989,0.0,2.8139280971901017e-16,1.425486800684345e-10
5,990,0.0,2.1741670716630845e-16,1.2372453017355005e-10
5,991,0.0,3.326966272203901e-16,1.5736888087635078e-10
5,992,0.0,6.229924280187824e-16,1.2200349548823739e-10
5,993,0.0,1.8093570008893213e-16,1.1073527522444784e-10
5,994,0.0,2.2051276433777915e-16,1.0239051477680069e-10
5,995,0.0,2.677456531149655e-16,1.2757574935650723e-10
5,996,0.0,2.8576114088871287e-16,1.2714746809184267e-10
5,997,0.0,1.1127182224838712e-16,1.0239783893547966e-10
5,998,0.0,4.4001823646887875e-16,1.2872316319644606e-10
5,999,0.0,3.814387673096435e-16,1.5658074073248472e-10
5,1000,0.0,2.1005671947807176e-16,1.1170800517145558e-10
5,1001,0.0,4.526116617196043e-16,1.3850692662025525e-10
5,1002,0.0,1.4541378904841295e-16,9.838175001841758e-11
5,1003,0.0,1.0855233655586996e-16,1.0794499171125426e-10
5,1004,0.0,2.2304156750592487e-16,1.0400540861791215e-10
5,1005,0.0,2.1768583117800538e-16,1.1920920822153404e-10
5,1006,0.0,4.51247959729652e-16,1.4690275457503878e-10
5,1007,0.0,4.3193240684714696e-16,1.139318447643513e-10
5,1008,0.0,1.9801225260021943e-16,1.2457915336335386e-10
5,1009,0.0,2.0660292965842277e-16,1.1541422239966833e-10
5,1010,0.0,5.551115123125783e-16,9.99122908198666e-11
5,1011,0.0,2.938422897861514e-16,1.4310703841607947e-10
5,1012,0.0,1.083676632067685e-16,9.838403669089787e-11
5,1013,0.0,1.4082775364011882e-16,1.0647577874661609e-10
5,1014,0.0,2.9398906940271963e-16,1.273388979583568e-10
5,1015,0.0,2.730336161416495e-16,1.4232728644842574e-10
5,1016,0.0,4.3822177788733877e-16,1.2614366356997745e-10
5,1017,0.0,1.539571531678947e-16,1.1754378136184718e-10
5,1018,0.0,2.1536609769568348e-16,1.3596969463548178e-10
5,1019,0.0,7.168637080679374e-16,1.4083754260559528e-10
5,1020,0.0,2.307555223660277e-16,1.23696255974765e-10
5,1021,0.0,4.350034593424404e-16,1.3900926949823844e-10
5,1022,0.0,1.9798112593923955e-16,1.165837223420545e-10
5,1023,0.0,6.488871305255753e-16,1.4300776210409633e-10
5,1024,0.0,2.1018137570293107e-16,1.388482504688578e-10
5,1025,0.0,1.624590531730463e-16,1.0470411243159969e-10
5,1026,0.0,3.8305107801846506e-16,2.553909770282633e-10
5,1027,0.0,6.320670412921925e-16,1.4107318875614435e-10
5,1028,0.0,1.3187842040983996e-16,1.0285707043726453e-10
5,1029,0.0,2.6197499642948374e-16,2.8528557555965845e-10
5,1030,0.0,3.1488085846072943e-16,1.254206157157518e-10
5,1031,0.0,2.8047143061728725e-16,1.8054147295942423e-10
5,1032,0.0,2.336221605070434e-16,1.1961800550677856e-10
5,1033,0.0,3.2092935661593555e-16,1.1125427873810466e-10
5,1034,0.0,2.637568408196799e-16,9.959371412164827e-11
5,1035,0.0,3.585865691168939e-16,1.518864865453125e-10
5,1036,0.0,2.1242718509873139e-16,1.4324000658213151e-10
5,1037,0.0,5.122930434875291e-16,1.4612298605053367e-10
5,1038,0.0,1.7305773894050294e-16,1.1074874095412281e-10
5,1039,0.0,2.2090369521333506e-16,1.2812535151678785e-10
5,1040,0.0,3.29045831521361e-16,1.323095563498217e-10
5,1041,0.0,2.75594836727415e-16,1.347167032707192e-10
5,1042,0.0,2.662684244455929e-16,1.155012143283303e-10
5,1043,0.0,3.680853983408046e-16,1.04933030686045e-10
5,1044,0.0,3.007044749599821e-16,1.1466960318182376e-10
5,1045,0.0,1.113548712627462e-16,1.216054450231003e-10
5,1046,0.0,2.7094901363933847e-16,1.229158764891785e-10
5,1047,0.0,5.502048458334071e-16,1.1257538952795603e-10
5,1048,0.0,3.1006841635969763e-16,1.5807898966492535e-10
5,1049,0.0,6.867965619567332e-16,1.5415196262157953e-10
5,1050,0.0,2.030221226807509e-16,1.2471842777053052e-10
5,1051,0.0,1.701849137722642e-16,1.0421160855322643e-10
5,1052,0.0,3.3507774251046476e-16,1.0476674780580164e-10
5,1053,0.0,4.0091197218190074e-16,1.121621602997409e-10
5,1054,0.0,2.1146761587703236e-16,1.0379900371511708e-10
5,1055,0.0,3.204296758965566e-16,2.577649769471146e-10
5,1056,0.0,4.494415374029812e-16,1.2742313926888842e-10
5,1057,0.0,4.557597361615083e-16,9.36561242735172e-11
5,1058,0.0,2.680217270701918e-16,2.3141048022046594e-10
5,1059,0.0,2.999657430470547e-16,1.8707185094274915e-10
5,1060,0.0,2.780438251636946e-16,1.8087609232485584e-10
5,1061,0.0,3.913280250966303e-16,1.6018900282064356e-10
5,1062,0.0,1.1008856413833363e-16,1.0605661290860623e-10
5,1063,0.0,6.893045654686546e-16,1.5421724547555985e-10
5,1064,0.0,3.001300628309738e-16,1.2932970518168465e-10
5,1065,0.0,2.1687745727438531e-16,9.726280299780515e-11
5,1066,0.0,2.1006405424489062e-16,1.0141072756979282e-10
5,1067,0.0,2.220446049250313e-16,1.5184045977617922e-10
5,1068,0.0,2.395613300489639e-16,1.153979078990146e-10
5,1069,0.0,1.7271017045521526e-16,1.1710934850233558e-10
5,1070,0.0,3.075137411781281e-16,1.0523204325377271e-10
5,1071,0.0,2.563629734696989e-16,1.1180890565263078e-10
5,1072,0.0,6.35373565901866e-16,1.3275966914145512e-10
5,1073,0.0,2.335166162683128e-16,1.2705323480593232e-10
5,1074,0.0,2.5631488888267376e-16,1.066029122634823e-10
5,1075,0.0,4.443666789242129e-16,1.2514752994754937e-10
5,1076,0.0,3.071929129831343e-16,1.2504888284467777e-10
5,1077,0.0,3.580361673049448e-16,1.7134416030592432e-10
5,1078,0.0,4.660292565587056e-16,1.4234033181543084e-10
5,1079,0.0,2.2348323440877014e-16,9.700349037561873e-11
5,1080,0.0,2.644102829415153e-16,1.327721038638194e-10
5,1081,0.0,2.00977967791608e-16,1.4171205366520168e-10
5,1082,0.0,2.826166425630795e-16,1.3362039604973004e-10
5,1083,0.0,2.0924096214595782e-16,1.209312810795158e-10
5,1084,0.0,1.6778698863462225e-16,1.0995533306788824e-10
5,1085,0.0,2.9228611127644565e-16,1.271085762497699e-10
5,1086,0.0,2.4485389275401954e-16,1.1230825171899271e-10
5,1087,0.0,6.273300439897106e-16,1.598677746055513e-10
5,1088,0.0,2.8642893384395585e-16,1.7353855609256055e-10
5,1089,0.0,4.440892098500626e-16,1.3424511816740922e-10
5,1090,0.0,1.1652384351680995e-16,1.1500345260405117e-10
5,1091,0.0,3.965843453522078e-16,1.6549823414944028e-10
5,1092,0.0,4.0391372341258783e-16,1.0732243157283369e-10
5,1093,0.0,3.4939408278182327e-16,1.4727131732060298e-10
5,1094,0.0,1.8085904504744243e-16,1.256807886289585e-10
5,1095,0.0,2.893403939421177e-16,1.9144372516079547e-10
5,1096,0.0,3.7307458498929173e-16,9.583222533125744e-11
5,1097,0.0,3.7767169926441957e-16,9.781528505040985e-11
5,1098,0.0,4.1558541172281937e-16,1.2310489988280247e-10
5,1099,0.0,2.529749808499935e-16,1.0855398188158418e-10
5,1100,0.0,2.8058127726334156e-16,2.1586482430320947e-10
5,1101,0.0,1.5549068830595484e-16,1.0614563754272342e-10
5,1102,0.0,9.454838142383927e-17,1.250262255400262e-10
5,1103,0.0,1.7256737574667234e-16,1.1098982321614055e-10
5,1104,0.0,5.978733960281817e-16,1.7338296605309302e-10
5,1105,0.0,3.170653901155134e-16,1.2427134510308053e-10
5,1106,0.0,8.456664321051319e-16,1.2714505299780448e-10
5,1107,0.0,2.777777120143555e-16,1.495433835982731e-10
5,1108,0.0,1.2875715499064634e-16,9.789289895072157e-11
5,1109,0.0,6.402820875848742e-16,1.255946060499601e-10
5,1110,0.0,1.5988753456670227e-16,2.1310366407410198e-10
5,1111,0.0,8.295676778854032e-16,1.2115585432091412e-10
5,1112,0.0,1.5596559097951234e-16,1.0883133953062759e-10
5,1113,0.0,1.0419252329472577e-16,1.0922419267167061e-10
5,1114,0.0,3.114170636551699e-16,1.4071610674186197e-10
5,1115,0.0,6.452678874211588e-16,1.6937054922707688e-10
5,1116,0.0,3.7583960121458387e-16,1.56818936329735e-10
5,1117,0.0,2.304615491450438e-16,1.3536237804439807e-10
5,1118,0.0,2.4495455211808826e-16,1.2157844729837033e-10
5,1119,0.0,5.684949006875376e-16,1.4061047638935144e-10
5,1120,0.0,1.9068706655153886e-16,1.8464083719655598e-10
5,1121,0.0,2.866870167320351e-16,9.6850224994451e-11
5,1122,0.0,3.146459019361876e-16,1.1846427440842805e-10
5,1123,0.0,1.472877282518059e-16,3.5182317920259275e-10
5,1124,0.0,1.2985338597471815e-16,1.3180481200423443e-10
5,1125,0.0,1.1728496082103363e-16,1.2368050140075893e-10
5,1126,0.0,3.256570096676099e-16,1.2008436557153845e-10
5,1127,0.0,5.536440783436046e-16,1.0913783914522076e-10
5,1128,0.0,1.7763568394002506e-16,1.23220943722671e-10
5,1129,0.0,2.1105920790550457e-16,1.4314609216167512e-10
5,1130,0.0,4.876900275012142e-16,1.6763703569076594e-10
5,1131,0.0,5.947729080792496e-16,1.3124260691500876e-10
5,1132,0.0,4.002966042486721e-16,1.0949425634495361e-10
5,1133,0.0,4.253183117718931e-16,1.0421566654926841e-10
5,1134,0.0,1.8590849472252626e-16,1.2011080641349502e-10
5,1135,0.0,2.2126608400357937e-16,1.377752407764842e-10
5,1136,0.0,3.1433235337605917e-16,1.287021918270425e-10
5,1137,0.0,3.522400165360152e-16,1.433940153771296e-10
5,1138,0.0,5.027238929175553e-16,9.684434664520465e-11
5,1139,0.0,4.744174080078323e-16,1.2486588151775843e-10
5,1140,0.0,3.165985451161215e-16,1.608434327873964e-10
5,1141,0.0,4.4057812756756914e-16,1.2214638214960415e-10
5,1142,0.0,4.2745749165480403e-16,1.3809123113836077e-10
5,1143,0.0,2.248030287623391e-16,1.3917045748206855e-10
5,1144,0.0,1.347675396657125e-16,1.3284086273699096e-10
5,1145,0.0,3.919417499324969e-16,1.3249856577179557e-10
5,1146,0.0,4.826598036641129e-16,1.3622496803591592e-10
5,1147,0.0,4.622582586625593e-16,1.1162963834209156e-10
5,1148,0.0,2.5722695897866607e-16,1.453528386708308e-10
5,1149,0.0,2.675614455574772e-16,1.4402373801947786e-10
5,1150,0.0,5.112332918160128e-16,1.0167399560968612e-10
5,1151,0.0,2.526824677660198e-16,1.1692803278233238e-10
5,1152,0.0,1.978877165799757e-16,1.255443052423145e-10
5,1153,0.0,2.629143145969636e-16,1.179324287319323e-10
5,1154,0.0,2.593268057299346e-16,1.204748614945413e-10
5,1155,0.0,6.590648950879721e-16,1.8336524573694663e-10
5,1156,0.0,1.115898411524549e-16,1.1086977116682505e-10
5,1157,0.0,1.5383701491068512e-16,1.3248243133731855e-10
5,1158,0.0,6.337030097483136e-16,1.3780599286639112e-10
5,1159,0.0,4.208316447489627e-16,1.5974272343526359e-10
5,1160,0.0,2.357231215038207e-16,1.0567184942950499e-10
5,1161,0.0,2.6396705219397114e-16,1.4997915097541706e-10
5,1162,0.0,3.5157451996243596e-16,1.2448155076609596e-10
5,1163,0.0,6.015728885763879e-16,1.215170328851691e-10
5,1164,0.0,2.70334177080406e-16,1.1232710808487782e-10
5,1165,0.0,2.0900519760669476e-16,1.3313065429281877e-10
5,1166,0.0,4.22351952988383e-16,1.1842375710711457e-10
5,1167,0.0,3.777043345376941e-16,1.6219030620825587e-10
5,1168,0.0,1.8383328838964858e-16,1.044599683715181e-10
5,1169,0.0,7.627482662061554e-16,1.228861002888732e-10
5,1170,0.0,7.136584070361084e-16,1.1479236153262904e-10
5,1171,0.0,2.5858903238367403e-16,1.7905312047777245e-10
5,1172,0.0,2.829653368876349e-16,1.471473875167649e-10
5,1173,0.0,2.8608446115907795e-16,1.3418615657095812e-10
5,1174,0.0,2.2179466407358978e-16,1.2520353441591073e-10
5,1175,0.0,2.1559490636334454e-16,9.997078658505065e-11
5,1176,0.0,2.536561995735345e-16,1.1502566007575492e-10
5,1177,0.0,2.2946996627773e-16,1.0671279451768345e-10
5,1178,0.0,2.831395230148651e-16,1.2784004063370448e-10
5,1179,0.0,2.3707876222259364e-16,1.0521120536628351e-10
5,1180,0.0,1.69395440987691e-16,1.331558969351578e-10
5,1181,0.0,3.326966272203901e-16,1.4217961605181845e-10
5,1182,0.0,2.1065000811460205e-16,1.1994878483356433e-10
5,1183,0.0,4.4057812756756914e-16,1.1349125773215778e-10
5,1184,0.0,4.3267372646170853e-16,1.4980934662616062e-10
5,1185,0.0,4.788138475230814e-16,1.3763467222772624e-10
5,1186,0.0,3.583802674971042e-16,1.2056638411494735e-10
5,1187,0.0,2.0597554602165167e-16,1.482731601001172e-10
5,1188,0.0,1.4845471208288412e-16,1.5822163419021545e-10
5,1189,0.0,5.202671410957641e-16,1.466476796209918e-10
5,1190,0.0,2.2890526520588576e-16,1.4983569479396495e-10
5,1191,0.0,1.4102454742958883e-16,1.0005406827415126e-10
5,1192,0.0,4.462488932890805e-16,1.499246618291046e-10
5,1193,0.0,3.5417680596248106e-16,1.6648319785822786e-10
5,1194,0.0,1.5716617668802958e-16,9.286806187939596e-11
5,1195,0.0,1.7313784796629086e-16,1.1787691152877197e-10
5,1196,0.0,5.150286199625854e-16,1.1062103293974665e-10
5,1197,0.0,3.571399552177302e-16,1.2169894821565813e-10
5,1198,0.0,2.970754344802018e-16,1.681188176749608e-10
5,1199,0.0,1.3190178446714256e-16,1.2472356348738206e-10
5,1200,0.0,1.7598873541695153e-16,1.0574679413568644e-10
5,1201,0.0,1.7610251087506115e-16,1.3055423085857047e-10
5,1202,0.0,3.0437124134335126e-16,1.9527926813844805e-10
5,1203,0.0,5.045349872442002e-16,1.2941800378041983e-10
5,1204,0.0,2.3171500892606227e-16,1.0912571300736658e-10
5,1205,0.0,1.8722982261316894e-16,1.2293878117428954e-10
5,1206,0.0,3.854249203339501e-16,1.2496422627214397e-10
5,1207,0.0,2.0959411170043661e-16,1.4403402494844213e-10
5,1208,0.0,5.10702591327572e-16,1.3881508742558872e-10
5,1209,0.0,2.8148040281365126e-16,1.3348009259086172e-10
5,1210,0.0,3.0158447768685615e-16,1.5321146293324927e-10
5,1211,0.0,3.251266850008095e-16,1.3912431642187224e-10
5,1212,0.0,3.208525333098401e-16,1.2765922112072464e-10
5,1213,0.0,2.2989928370877495e-16,1.331284928635973e-10
5,1214,0.0,1.6767675957073664e-16,1.0750192774353933e-10
5,1215,0.0,1.4866213807769753e-16,2.3437043832064214e-10
5,1216,0.0,2.9415672785341785e-16,1.7518211587987822e-10
5,1217,0.0,5.413063111428035e-16,1.2049549761769994e-10
5,1218,0.0,1.0934076423172743e-16,1.534990175142063e-10
5,1219,0.0,3.6895502430133794e-16,1.6204334986045042e-10
5,1220,0.0,1.7384830580503227e-16,1.0410598608484254e-10
5,1221,0.0,6.585035906042388e-16,1.2205341706250064e-10
5,1222,0.0,1.6497181950298333e-16,1.40668905886821e-10
5,1223,0.0,4.528839093602941e-16,1.131364231364282e-10
5,1224,0.0,1.5888218580782547e-16,1.2167617607630082e-10
5,1225,0.0,2.712218269458772e-16,1.1301542863532523e-10
5,1226,0.0,2.657819197616963e-16,1.4055157381389614e-10
5,1227,0.0,2.3772776086965326e-16,1.3803898271015957e-10
5,1228,0.0,3.3435965876850375e-16,1.0345327021526475e-10
5,1229,0.0,1.6135517147028293e-16,1.1036479707833455e-10
5,1230,0.0,2.4653451595456194e-16,1.3294303526374122e-10
5,1231,0.0,4.633768203523393e-16,1.4575674224147218e-10
5,1232,0.0,1.9547493470172272e-16,1.0008479902655355e-10
5,1233,0.0,1.3079916239021063e-16,1.3070163559185116e-10
5,1234,0.0,3.879113528512771e-16,1.3720094077643345e-10
5,1235,0.0,1.937013082159601e-16,1.1857242485004294e-10
5,1236,0.0,4.354565880687772e-16,1.622543866788495e-10
5,1237,0.0,2.0888721554953336e-16,1.7806371246058213e-10
5,1238,0.0,2.8908467988956273e-16,1.1776992635197157e-10
5,1239,0.0,2.336221605070434e-16,1.4492214608881801e-10
5,1240,0.0,6.663928164625226e-16,1.1728586965933006e-10
5,1241,0.0,2.554960663240018e-16,2.0282666860875967e-10
5,1242,0.0,3.1838440024740537e-16,1.106496700231251e-10
5,1243,0.0,2.1411767124679194e-16,1.1307517776518635e-10
5,1244,0.0,2.069605806987701e-16,1.288702537608117e-10
5,1245,0.0,4.3889631155166457e-16,1.7888750205475003e-10
5,1246,0.0,3.180939123061597e-16,1.2370507284155355e-10
5,1247,0.0,1.7912133354108283e-16,1.0836639714848943e-10
5,1248,0.0,3.6955587428207345e-16,1.4356541946653876e-10
5,1249,0.0,2.837483323988346e-16,1.0920574125844437e-10
5,1250,0.0,4.929190185091985e-16,2.0164893985511415e-10
5,1251,0.0,1.7996232368141882e-16,1.0874761136480347e-10
5,1252,0.0,4.979941235384767e-16,1.2115022158704528e-10
5,1253,0.0,2.2510439180257216e-16,1.705009686255503e-10
5,1254,0.0,2.1925147983971603e-16,1.1188746582023182e-10
5,1255,0.0,3.890535775305011e-16,1.3718708103731542e-10
5,1256,0.0,3.1996773955465327e-16,1.0913915658625289e-10
5,1257,0.0,1.2377866493701304e-16,1.4076087589919378e-10
5,1258,0.0,3.0445222344970466e-16,1.3833940036571508e-10
5,1259,0.0,2.5146000066436357e-16,9.578201895813521e-11
5,1260,0.0,4.846476395584283e-16,2.1269598926295602e-10
5,1261,0.0,2.3540917270101454e-16,1.3769091427615188e-10
5,1262,0.0,3.5339290040661745e-16,1.811142521560183e-10
5,1263,0.0,2.395613300489639e-16,1.1249170962750127e-10
5,1264,0.0,1.018822458933324e-16,1.0828868600948395e-10
5,1265,0.0,3.1462631430570603e-16,1.0780907024456545e-10
5,1266,0.0,1.1139637255169416e-16,9.987015662650542e-11
5,1267,0.0,1.9433660447135516e-16,1.0746249031575047e-10
5,1268,0.0,3.541594046896692e-16,1.1923617355789504e-10
5,1269,0.0,4.3973802359166135e-16,1.4294227717753425e-10
5,1270,0.0,3.503980655292835e-16,1.431206683595272e-10
5,1271,0.0,2.8711663935689227e-16,1.2519638715541122e-10
5,1272,0.0,5.1152253273975565e-16,1.1300195863287078e-10
5,1273,0.0,2.9499359079002525e-16,1.2340451407884878e-10
5,1274,0.0,2.674232066200358e-16,9.731868394138094e-11
5,1275,0.0,4.272844436111475e-16,1.1370543972375466e-10
5,1276,0.0,3.656495555628605e-16,1.1992597816604036e-10
5,1277,0.0,3.369668626812574e-16,1.2625337601399883e-10
5,1278,0.0,3.8069481140550465e-16,1.4359443196415515e-10
5,1279,0.0,4.757146962048553e-16,1.906297065330115e-10
5,1280,0.0,3.2686594935978077e-16,1.0998789067223091e-10
5,1281,0.0,5.060474003068991e-16,1.4196820431121957e-10
5,1282,0.0,2.924758185045449e-16,1.0589710654537575e-10
5,1283,0.0,4.1001665145891824e-16,1.1865773515074519e-10
5,1284,0.0,4.79071205159252e-16,1.0084905522740505e-10
5,1285,0.0,4.1877636035471987e-16,1.4549312347513265e-10
5,1286,0.0,2.3221980631040627e-16,1.651526075379758e-10
5,1287,0.0,3.560338280384342e-16,1.3358190090260946e-10
5,1288,0.0,2.3561851838284845e-16,1.0691446639882158e-10
5,1289,0.0,1.6061823305918884e-16,1.0262277810288841e-10
5,1290,0.0,5.036547277998407e-16,9.785785968814619e-11
5,1291,0.0,2.614569330082075e-16,1.193743656876691e-10
5,1292,0.0,5.941508689604036e-16,1.0389707455522582e-10
5,1293,0.0,3.744596452263379e-16,1.1183823419546216e-10
5,1294,0.0,5.528866075183428e-16,1.0491436946312405e-10
5,1295,0.0,2.9499359079002525e-16,1.1107659663446776e-10
5,1296,0.0,2.581835519377164e-16,1.191055484339646e-10
5,1297,0.0,4.454748269764082e-16,1.420796097188061e-10
5,1298,0.0,3.622118569284688e-16,1.117720756588793e-10
5,1299,0.0,2.2237742240623747e-16,1.8082377607504548e-10
5,1300,0.0,3.770184005582633e-16,1.0820755666881845e-10
5,1301,0.0,1.40532046244707e-16,1.4115840943824402e-10
5,1302,0.0,3.9131227590555456e-16,1.2922965025297517e-10
5,1303,0.0,2.6018094939729557e-16,1.4941792925025975e-10
5,1304,0.0,2.0846636181674275e-16,1.3152404950028998e-10
5,1305,0.0,1.0991909367358738e-16,1.243058771019192e-10
5,1306,0.0,5.169396789216492e-16,1.1966676622376292e-10
5,1307,0.0,4.343228798497432e-16,9.360561548541788e-11
5,1308,0.0,3.753801795448226e-16,1.3453071058861398e-10
5,1309,0.0,3.1480255910393994e-16,1.4772071623384335e-10
5,1310,0.0,2.744744367852981e-16,1.0391741883353602e-10
5,1311,0.0,1.5230706153739353e-16,1.0176634996219345e-10
5,1312,0.0,2.603703785810335e-16,1.4775236453734798e-10
5,1313,0.0,1.568914447419756e-16,2.956791806944949e-10
5,1314,0.0,6.652079855371637e-16,1.1849801664421637e-10
5,1315,0.0,4.4336697759278473e-16,1.3575816929705785e-10
5,1316,0.0,2.486750880131359e-16,1.2681349108079348e-10
5,1317,0.0,3.039051754562248e-16,1.0722894267326921e-10
5,1318,0.0,2.840088511980717e-16,1.3209777821985679e-10
5,1319,0.0,1.6026291441986253e-16,9.999309156944326e-11
5,1320,0.0,6.767444564142167e-16,1.2155188696010523e-10
5,1321,0.0,4.052542161479624e-16,1.2549253336237917e-10
5,1322,0.0,3.179776428247344e-16,1.1150868208866338e-10
5,1323,0.0,2.6827454528854066e-16,1.1509100309821744e-10
5,1324,0.0,1.1052157291353396e-16,1.2963844036526516e-10
5,1325,0.0,4.785563514853554e-16,1.3290426913580427e-10
5,1326,0.0,3.38790881975382e-16,1.2140160541938988e-10
5,1327,0.0,4.091288590732551e-16,1.2002415774103725e-10
5,1328,0.0,4.977960745652283e-16,1.4626284575385025e-10
5,1329,0.0,3.57967307574083e-16,1.6851456471649942e-10
5,1330,0.0,6.613053487851874e-16,1.4514148743997676e-10
5,1331,0.0,4.507560170435741e-16,1.455876930313397e-10
5,1332,0.0,5.584322488853785e-16,1.7993699797872862e-10
5,1333,0.0,2.483526968385241e-16,1.0001841327821663e-10
5,1334,0.0,3.3900910478833183e-16,1.5548619192408516e-10
5,1335,0.0,1.0294288186172139e-16,8.81699899722422e-11
5,1336,0.0,3.8548887535311326e-16,1.3000469300774076e-10
5,1337,0.0,1.3011415981030488e-16,1.0702241327200829e-10
5,1338,0.0,5.294262369644526e-16,1.0264500341063237e-10
5,1339,0.0,3.9296249464422563e-16,1.606265769375394e-10
5,1340,0.0,4.845967712675972e-16,1.3315866318686033e-10
5,1341,0.0,3.8040330216952553e-16,1.3095473276160697e-10
5,1342,0.0,4.735852786095118e-16,1.0949954002370974e-10
5,1343,0.0,2.847889776975845e-16,1.4123949592157652e-10
5,1344,0.0,5.094943980303308e-16,1.3941351764342623e-10
5,1345,0.0,4.345498581144397e-16,1.1933497155847727e-10
5,1346,0.0,9.761127302147295e-17,1.1073379817697362e-10
5,1347,0.0,2.383232787117382e-16,1.6192838018516306e-10
5,1348,0.0,2.272027409284491e-16,1.2146235547212823e-10
5,1349,0.0,1.8600791989839523e-16,1.3250854068524322e-10
5,1350,0.0,2.2293101405799e-16,1.4858620104482962e-10
5,1351,0.0,3.0777416783210024e-16,1.20485938261025e-10
5,1352,0.0,2.214887977831648e-16,1.0827847268813539e-10
5,1353,0.0,2.4212027180563884e-16,1.1344466646460028e-10
5,1354,0.0,1.958843726998552e-16,1.3577279215301026e-10
5,1355,0.0,1.9847856673826088e-16,1.1927346868028846e-10
5,1356,0.0,4.681403851749092e-16,1.8354403319407362e-10
5,1357,0.0,3.200447752460439e-16,1.3466139373854022e-10
5,1358,0.0,3.4868780738246135e-16,1.621746133333401e-10
5,1359,0.0,4.956123125621402e-16,1.1998530265302534e-10
5,1360,0.0,4.919177600743293e-16,1.166791906901619e-10
5,1361,0.0,1.9623015297374825e-16,1.5588515633712225e-10
5,1362,0.0,2.552064428797004e-16,1.2255296035686806e-10
5,1363,0.0,1.252634681098671e-16,1.4426608792339056e-10
5,1364,0.0,1.9125988338309056e-16,1.1936073151578108e-10
5,1365,0.0,5.1238927586247155e-16,1.0853542805794759e-10
5,1366,0.0,2.467344223453687e-16,1.562892501432054e-10
5,1367,0.0,2.339121616078643e-16,1.2805769958392863e-10
5,1368,0.0,1.8353971189708788e-16,1.0783928180833947e-10
5,1369,0.0,3.4053274889133457e-16,1.4561076828295492e-10
5,1370,0.0,7.070996411329824e-16,1.1095456233597767e-10
5,1371,0.0,2.638502887733009e-16,1.5180421864285835e-10
5,1372,0.0,4.928690038960609e-16,1.2115540935005956e-10
5,1373,0.0,1.6523311681268211e-16,9.325937374775865e-11
5,1374,0.0,3.2505085370298485e-16,1.1359228255229782e-10
5,1375,0.0,6.091877806554476e-16,1.2126941278785806e-10
5,1376,0.0,1.833717428750832e-16,1.1194504042007688e-10
5,1377,0.0,2.6976363451480696e-16,1.4801456399512174e-10
5,1378,0.0,9.383273061016975e-17,1.2701764025420152e-10
5,1379,0.0,4.2258536110401003e-16,1.1892317348836072e-10
5,1380,0.0,4.621515877810969e-16,1.0862556441576264e-10
5,1381,0.0,3.5889579919611533e-16,1.2104303223152607e-10
5,1382,0.0,2.0971169606407604e-16,1.441387669621175e-10
5,1383,0.0,2.7733362266239673e-16,1.7861023106934532e-10
5,1384,0.0,6.661338147750939e-16,1.4606923971292606e-10
5,1385,0.0,2.9553628093677247e-16,1.2798161572425767e-10
5,1386,0.0,1.712768662514187e-16,1.3231460288311357e-10
5,1387,0.0,3.2760045934795307e-16,2.31958263619042e-10
5,1388,0.0,1.9669285885067305e-16,1.2154685625273736e-10
5,1389,0.0,2.8625674931751845e-16,1.2137204683364024e-10
5,1390,0.0,4.648640491842544e-16,1.3041523887233155e-10
5,1391,0.0,3.2979417415616517e-16,1.4257109931988416e-10
5,1392,0.0,2.4575834280036907e-16,1.2492455543212346e-10
5,1393,0.0,1.5849381518100822e-16,1.0990698952416812e-10
5,1394,0.0,2.318213734067276e-16,1.0993694879045521e-10
5,1395,0.0,2.7768895096015956e-16,1.548283394945011e-10
5,1396,0.0,3.105053844299331e-16,1.2487069099861537e-10
5,1397,0.0,3.9063446001817283e-16,1.1675549475412592e-10
5,1398,0.0,6.974463102504065e-16,1.3391183124494683e-10
5,1399,0.0,4.764655049220608e-16,1.1769280482189749e-10
5,1400,0.0,3.8746624501351575e-16,1.8083631427326012e-10
5,1401,0.0,2.3298817789862404e-16,1.0740612657278644e-10
5,1402,0.0,2.2507701183630874e-16,1.060538020153633e-10
5,1403,0.0,6.284293840013125e-16,1.5682752907992928e-10
5,1404,0.0,3.72280808377247e-16,1.4329871005971994e-10
5,1405,0.0,6.445416000631886e-16,1.2472454993347655e-10
5,1406,0.0,3.7936501076965224e-16,1.3133867723460276e-10
5,1407,0.0,2.7998759339716833e-16,1.4096315641942892e-10
5,1408,0.0,3.913280250966303e-16,1.3588688371791158e-10
5,1409,0.0,2.999657430470547e-16,1.5542679345859927e-10
5,1410,0.0,4.400742576335935e-16,1.0382579657280286e-10
5,1411,0.0,1.875587001239865e-16,1.0144884982931033e-10
5,1412,0.0,1.969824758082772e-16,1.6862681787853047e-10
5,1413,0.0,2.3912358661763016e-16,1.1817247459209695e-10
5,1414,0.0,1.0243597207739107e-16,9.360022337611203e-11
5,1415,0.0,5.07312399147069e-16,1.1312371925853544e-10
5,1416,0.0,2.693063301776562e-16,1.0150641898608176e-10
5,1417,0.0,1.8484463194094945e-16,1.0977739705661848e-10
5,1418,0.0,2.082963028648268e-16,1.131374465276074e-10
5,1419,0.0,1.9117124947201708e-16,9.689180365646793e-11
5,1420,0.0,2.842474503437688e-16,1.1678577805480852e-10
5,1421,0.0,1.5375687058906406e-16,1.1625670683786147e-10
5,1422,0.0,2.3981845294153117e-16,1.4214377040501496e-10
5,1423,0.0,1.4288057044435644e-16,1.0995980202679141e-10
5,1424,0.0,1.8758334269314147e-16,1.0106488690549129e-10
5,1425,0.0,6.423961869778975e-16,1.500645260085936e-10
5,1426,0.0,1.680439085970789e-16,1.1329523793568711e-10
5,1427,0.0,6.036183650278998e-16,1.512694643564385e-10
5,1428,0.0,2.6603686650593685e-16,1.3080514940963222e-10
5,1429,0.0,2.2763633433989663e-16,1.7647830885539972e-10
5,1430,0.0,1.4464889531490703e-16,9.408123247804563e-11
5,1431,0.0,2.818086344362013e-16,2.0157817744812147e-10
5,1432,0.0,1.0150726674712363e-16,1.458630961504533e-10
5,1433,0.0,4.524482345029678e-16,1.4103548895874598e-10
5,1434,0.0,2.7713355028623284e-16,1.4588203065701812e-10
5,1435,0.0,6.492669298735907e-16,1.526868634820141e-10
5,1436,0.0,9.726339438262527e-17,1.1523475244991066e-10
5,1437,0.0,2.336221605070434e-16,1.0159185564634928e-10
5,1438,0.0,3.1605302106388826e-16,1.3045507983926845e-10
5,1439,0.0,2.0387032384295674e-16,1.1031080378336271e-10
5,1440,0.0,2.1286192295389954e-16,1.1204902411469798e-10
5,1441,0.0,4.2200159875721257e-16,1.245803944135737e-10
5,1442,0.0,4.494415374029812e-16,1.378039360139542e-10
5,1443,0.0,2.491949926922018e-16,1.6256169445497249e-10
5,1444,0.0,6.837027059695068e-16,1.6101351854522524e-10
5,1445,0.0,1.4848584445442965e-16,1.102464951692868e-10
5,1446,0.0,2.4417335665958064e-16,1.2306529001322864e-10
5,1447,0.0,2.786858828669609e-16,1.2688284168004194e-10
5,1448,0.0,2.1516569051583974e-16,1.099779349307191e-10
5,1449,0.0,1.0906210770260938e-16,9.97378663525056e-11
5,1450,0.0,2.1493642493073505e-16,1.3520698036695043e-10
5,1451,0.0,2.0956470530089513e-16,1.1967691688766064e-10
5,1452,0.0,4.35796125421003e-16,1.279313177249832e-10
5,1453,0.0,2.3749432566548267e-16,1.0449308691035173e-10
5,1454,0.0,4.0543666721872646e-16,1.3551167519948073e-10
5,1455,0.0,2.319542604187339e-16,1.3116498381263074e-10
5,1456,0.0,1.4799735156930057e-16,1.6768750805438002e-10
5,1457,0.0,4.1147207898356804e-16,1.2519783463026628e-10
5,1458,0.0,2.2104314582706792e-16,1.2917978663897852e-10
5,1459,0.0,2.6857302362885645e-16,1.632796799418536e-10
5,1460,0.0,8.314970111910448e-16,1.4393019396689996e-10
5,1461,0.0,2.580880521926561e-16,1.5305105925540329e-10
5,1462,0.0,2.7285297859879227e-16,1.28389060556745e-10
5,1463,0.0,2.9499359079002525e-16,1.3744580961180155e-10
5,1464,0.0,6.125373197167204e-16,1.6961586112861398e-10
5,1465,0.0,9.705327491645551e-17,9.782738002425695e-11
5,1466,0.0,4.580258693373255e-16,1.6381517212901817e-10
5,1467,0.0,2.588510636200085e-16,1.2078890020455509e-10
5,1468,0.0,1.2456039351247881e-16,1.0704493794810899e-10
5,1469,0.0,5.706589545749273e-16,1.6204296064023955e-10
5,1470,0.0,4.2935641696478134e-16,1.2447825925867075e-10
5,1471,0.0,5.618211189529612e-16,9.413309434500508e-11
5,1472,0.0,1.2566871346510768e-16,1.2161451957129222e-10
5,1473,0.0,2.280150522108624e-16,1.8286054373914935e-10
5,1474,0.0,5.13014346294877e-16,1.2965192459793302e-10
5,1475,0.0,1.4252427270272615e-16,9.603029641891765e-11
5,1476,0.0,6.436230129929972e-16,1.2496948605199208e-10
5,1477,0.0,6.248889085944804e-16,1.596117000074695e-10
5,1478,0.0,2.7465400791133427e-16,1.1715838522715249e-10
5,1479,0.0,4.494963841342126e-16,1.6909280511794788e-10
5,1480,0.0,4.047063694167817e-16,1.520106973384508e-10
5,1481,0.0,1.11465507028995e-16,1.0681728151578205e-10
5,1482,0.0,1.8215779375546578e-16,1.0259709664029942e-10
5,1483,0.0,3.3802599269968266e-16,1.1598190644956604e-10
5,1484,0.0,2.2104314582706792e-16,1.0608520814155745e-10
5,1485,0.0,3.4918235015994525e-16,1.248916274510479e-10
5,1486,0.0,2.9222284816587244e-16,1.306284646234297e-10
5,1487,0.0,3.8297062369441314e-16,1.528386572800511e-10
5,1488,0.0,2.721292293702065e-16,1.0812119963626453e-10
5,1489,0.0,4.314184393666808e-16,1.3760815128033107e-10
5,1490,0.0,4.558679027077474e-16,1.191636044678662e-10
5,1491,0.0,3.5506314004080025e-16,1.5447089524525692e-10
5,1492,0.0,1.318083033891582e-16,1.3054244074391093e-10
5,1493,0.0,2.1453462060699762e-16,1.1011577580517243e-10
5,1494,0.0,3.361611587808888e-16,1.8719797240348793e-10
5,1495,0.0,3.811154866622699e-16,1.1751628694147796e-10
5,1496,0.0,6.051275662554784e-16,1.1935660360471718e-10
5,1497,0.0,5.627418143693073e-16,1.1662402393386815e-10
5,1498,0.0,6.039449983662132e-16,1.4540880997556774e-10
5,1499,0.0,2.1065000811460205e-16,1.8648725025148684e-10
5,1500,0.0,4.1284774352576383e-16,1.388190500370099e-10
5,1501,0.0,1.5373682798054654e-16,1.2803066325171444e-10
5,1502,0.0,1.8286691010235957e-16,1.0835405714439293e-10
5,1503,0.0,6.058197224868762e-16,9.772709046565932e-11
5,1504,0.0,2.237037408604468e-16,1.4891011122315498e-10
5,1505,0.0,2.0185002640450867e-16,1.6517764696851043e-10
5,1506,0.0,1.9487497790995454e-16,1.0375460806643293e-10
5,1507,0.0,1.6460717846313733e-16,1.2005445934803284e-10
5,1508,0.0,4.482332113961174e-16,1.6716805467309553e-10
5,1509,0.0,4.851052141430177e-16,1.0905746799772788e-10
5,1510,0.0,2.7568427201671634e-16,2.1121817545315403e-10
5,1511,0.0,1.296634028649673e-16,1.1012728367596437e-10
5,1512,0.0,2.335693943492824e-16,1.172615670945805e-10
5,1513,0.0,2.2126608400357937e-16,1.6778338480403556e-10
5,1514,0.0,2.0008670855398255e-16,1.0163189111291415e-10
5,1515,0.0,2.562667952733035e-16,1.675797588750026e-10
5,1516,0.0,5.090103177328786e-16,1.4696515913388615e-10
5,1517,0.0,3.358676963427782e-16,1.887080040153305e-10
5,1518,0.0,1.593469811035067e-16,1.1082787830533515e-10
5,1519,0.0,4.186586107782731e-16,1.8607826493884087e-10
5,1520,0.0,5.294727983503185e-16,1.530614169393012e-10
5,1521,0.0,3.190225426598481e-16,1.2273367492353641e-10
5,1522,0.0,5.25547261852354e-16,1.2254254328515475e-10
5,1523,0.0,1.6734563673829659e-16,1.2263398024415639e-10
5,1524,0.0,4.932689788078162e-16,1.1353522946991727e-10
5,1525,0.0,4.1594117045116266e-16,1.166704342977046e-10
5,1526,0.0,4.678770150358219e-16,1.3637735032625888e-10
5,1527,0.0,2.52438447943028e-16,1.3530311869251906e-10
5,1528,0.0,3.153502463363931e-16,1.3984520042437853e-10
5,1529,0.0,4.831702848260055e-16,1.3234831208104452e-10
5,1530,0.0,3.988158472468045e-16,1.265807943792428e-10
5,1531,0.0,1.992919910210426e-16,1.0686689026017132e-10
5,1532,0.0,1.2151744759336338e-16,1.2296274254980366e-10
5,1533,0.0,1.6286634992550342e-16,1.1628387302447548e-10
5,1534,0.0,2.116424066074202e-16,1.0560551557504982e-10
5,1535,0.0,4.4124905911498666e-16,1.2168668630239728e-10
5,1536,0.0,2.7076698539330417e-16,1.447937216806398e-10
5,1537,0.0,1.3178492275866135e-16,1.0131226650100898e-10
5,1538,0.0,6.437379080603478e-16,1.7959898154277064e-10
5,1539,0.0,7.339237609222243e-16,1.373662083483316e-10
5,1540,0.0,2.5837444553269606e-16,1.4109845443926926e-10
5,1541,0.0,1.9835432349182098e-16,1.5386634438608054e-10
5,1542,0.0,2.2436395992764927e-16,1.753592390269944e-10
5,1543,0.0,5.050233573006979e-16,1.335482996705068e-10
5,1544,0.0,2.1424715615976708e-16,1.2160532805612286e-10
5,1545,0.0,2.846807546354598e-16,1.0708224989049932e-10
5,1546,0.0,4.2797621596416275e-16,1.1641524688734296e-10
5,1547,0.0,1.8175134224024282e-16,1.41733233359425e-10
5,1548,0.0,2.857395731962493e-16,1.3494573050233328e-10
5,1549,0.0,4.0171054121627583e-16,1.728345115985024e-10
5,1550,0.0,1.1967771643217041e-16,1.0482130103433264e-10
5,1551,0.0,1.6073330285285667e-16,1.3412208707853314e-10
5,1552,0.0,3.6329917451707834e-16,1.2588894747054943e-10
5,1553,0.0,1.7970529571352417e-16,1.2435575216809267e-10
5,1554,0.0,2.4665947643496396e-16,1.1469478157625294e-10
5,1555,0.0,3.2956984978547123e-16,1.2031459229081945e-10
5,1556,0.0,2.580402890660895e-16,1.0205610695711632e-10
5,1557,0.0,1.3679866988981252e-16,1.1240205236568108e-10
5,1558,0.0,2.6197499642948374e-16,1.0563657167460487e-10
5,1559,0.0,2.1297770317619678e-16,1.190564439580936e-10
5,1560,0.0,4.554892074167357e-16,1.5346437870010095e-10
5,1561,0.0,4.440892098500626e-16,1.6734340487714836e-10
5,1562,0.0,4.1117241243811346e-16,1.4590418751370062e-10
5,1563,0.0,1.6577306533472977e-16,1.486666155701872e-10
5,1564,0.0,3.6667626120817554e-16,1.2455495903626698e-10
5,1565,0.0,2.425017841045662e-16,2.1461290189440642e-10
5,1566,0.0,4.450318988758562e-16,1.4086016973709905e-10
5,1567,0.0,3.364543652551044e-16,1.661375167169321e-10
5,1568,0.0,4.3990617273690246e-16,1.4482235531545344e-10
5,1569,0.0,3.637060805709033e-16,1.0846489729938822e-10
5,1570,0.0,4.339821898667232e-16,1.4173759214540462e-10
5,1571,0.0,1.8805093795793913e-16,1.2790063277087954e-10
5,1572,0.0,4.105123760349238e-16,1.728744201072394e-10
5,1573,0.0,1.2854158151698218e-16,1.0937128608603827e-10
5,1574,0.0,4.2560801844111775e-16,1.4931140197468793e-10
5,1575,0.0,3.355188763175139e-16,1.1787855962927195e-10
5,1576,0.0,1.8610729195778452e-16,1.4271909700037046e-10
5,1577,0.0,6.49798276020756e-16,1.3805066758593275e-10
5,1578,0.0,1.898124249242944e-16,1.7988354642792185e-10
5,1579,0.0,2.254600287859889e-16,2.0544071463572824e-10
5,1580,0.0,4.451980485545497e-16,1.1034947518394921e-10
5,1581,0.0,3.066507542672501e-16,1.3322534465568448e-10
5,1582,0.0,3.8472071343000537e-16,1.4212390024210654e-10
5,1583,0.0,3.967707831962532e-16,1.4248347470899712e-10
5,1584,0.0,5.562206273290892e-16,1.3403960907879165e-10
5,1585,0.0,1.9638712456350349e-16,3.4752611213569636e-10
5,1586,0.0,4.4041023497554674e-16,1.1136255299538602e-10
5,1587,0.0,6.81644389088017e-16,1.2328437438944826e-10
5,1588,0.0,2.0471501066083614e-16,1.175096878889651e-10
5,1589,0.0,3.828579592373381e-16,1.1063305219702636e-10
5,1590,0.0,6.771814416877425e-16,1.2630293210976274e-10
5,1591,0.0,5.215449174150968e-16,1.5274327349473652e-10
5,1592,0.0,2.5908904387034676e-16,1.7385128269093182e-10
5,1593,0.0,2.458586318650619e-16,1.4253567976199945e-10
5,1594,0.0,6.596257219332523e-16,1.0929527264408148e-10
5,1595,0.0,1.3410280924988206e-16,1.5413148919756117e-10
5,1596,0.0,1.126479791988237e-16,1.034530298773704e-10
5,1597,0.0,2.1286192295389954e-16,9.745163996590318e-11
5,1598,0.0,2.7530397138333754e-16,1.0589598653970587e-10
5,1599,0.0,4.527205804221122e-16,1.4396794680320474e-10
5,1600,0.0,1.542371118540254e-16,1.0093847822216611e-10
5,1601,0.0,5.154592259720957e-16,1.2682995854684813e-10
5,1602,0.0,5.149807526247839e-16,1.1471137608192003e-10
5,1603,0.0,2.6716958279500586e-16,1.1670805413681203e-10
5,1604,0.0,2.7833182729079364e-16,1.2142124781374602e-10
5,1605,0.0,1.433864963736914e-16,1.2630782046457806e-10
5,1606,0.0,2.0152918068418288e-16,1.447066919004308e-10
5,1607,0.0,2.3412284587629684e-16,1.3322236071409864e-10
5,1608,0.0,2.412021802555889e-16,1.0287776600223932e-10
5,1609,0.0,1.925844970319045e-16,1.1192130887940703e-10
5,1610,0.0,4.724387075282571e-16,1.485226362225112e-10
5,1611,0.0,4.931690154915991e-16,1.1110098473157277e-10
5,1612,0.0,3.583802674971042e-16,1.3868562664439172e-10
5,1613,0.0,2.3190111475177015e-16,1.1789055692235796e-10
5,1614,0.0,1.5903726850536855e-16,9.676702746227047e-11
5,1615,0.0,4.680877230019347e-16,1.4675912184583407e-10
5,1616,0.0,3.9552620427304425e-16,1.4432278856216503e-10
5,1617,0.0,1.2189723010362625e-16,1.1646630520782155e-10
5,1618,0.0,3.456343781142249e-16,1.2021398687839584e-10
5,1619,0.0,1.235544054705901e-16,1.1687091759210112e-10
5,1620,0.0,4.699798436761765e-16,1.5506451423650778e-10
5,1621,0.0,1.7592744123155044e-16,1.9501288170587908e-10
5,1622,0.0,4.64651879365268e-16,1.2283479573205157e-10
5,1623,0.0,2.447531919918933e-16,1.1422746022370374e-10
5,1624,0.0,1.0442101645093077e-16,9.35548812978812e-11
5,1625,0.0,6.315598112628559e-16,1.3749396107148067e-10
5,1626,0.0,4.662936703425658e-16,1.0861134758061976e-10
5,1627,0.0,6.399354791093065e-16,1.3116987705365628e-10
5,1628,0.0,3.020133145511626e-16,1.5557101321494293e-10
5,1629,0.0,4.479581372914157e-16,1.4680103125425925e-10
5,1630,0.0,2.2093159237770887e-16,1.313192394661073e-10
5,1631,0.0,3.243105693296477e-16,1.2204841736581092e-10
5,1632,0.0,7.602231387477915e-16,1.1205869709001928e-10
5,1633,0.0,2.8507016537934707e-16,1.1768422912479095e-10
5,1634,0.0,4.5119332591872115e-16,1.1118064611464868e-10
5,1635,0.0,2.3224634420047754e-16,1.491350500370931e-10
5,1636,0.0,4.0743823672115836e-16,1.2196448341412598e-10
5,1637,0.0,3.3915450865724724e-16,1.183064288528755e-10
5,1638,0.0,3.155065537791195e-16,1.7737616370590932e-10
5,1639,0.0,4.623115848735762e-16,1.49031572845891e-10
5,1640,0.0,2.2608786227480844e-16,1.1498188894962603e-10
5,1641,0.0,3.5023973327118e-16,1.423070693781217e-10
5,1642,0.0,2.017125835864052e-16,1.477613853099304e-10
5,1643,0.0,4.246802614393019e-16,1.0947883126996319e-10
5,1644,0.0,1.2734940469313562e-16,1.0634090324681148e-10
5,1645,0.0,2.4445084080545036e-16,1.488725927286999e-10
5,1646,0.0,1.4354758674734978e-16,1.1602299992555816e-10
5,1647,0.0,1.5190188108682064e-16,1.071672777752484e-10
5,1648,0.0,2.8051537443747346e-16,1.327634279334283e-10
5,1649,0.0,2.7085801480767393e-16,1.227301493019586e-10
5,1650,0.0,4.712893470324692e-16,9.582670586363935e-11
5,1651,0.0,2.668233436118293e-16,2.0210783112575535e-10
5,1652,0.0,4.932689788078162e-16,1.0700227272049308e-10
5,1653,0.0,1.6334810626854087e-16,1.0968208157869146e-10
5,1654,0.0,6.327297285568803e-16,1.4636141480324847e-10
5,1655,0.0,2.979868380380921e-16,1.719832294820796e-10
5,1656,0.0,4.496060575246782e-16,1.7576755334266056e-10
5,1657,0.0,3.261864721163095e-16,1.1010909018547119e-10
5,1658,0.0,4.301021765514879e-16,1.458743124423817e-10
5,1659,0.0,6.689404670720848e-16,1.2715584789329798e-10
5,1660,0.0,2.742498075335074e-16,1.1851740431233476e-10
5,1661,0.0,4.139807141151201e-16,1.1615207036258127e-10
5,1662,0.0,6.724323089437098e-16,1.5561354710467002e-10
5,1663,0.0,1.306105549923297e-16,1.052354777370758e-10
5,1664,0.0,3.2332088688086354e-16,1.258904109152545e-10
5,1665,0.0,2.2306919730689877e-16,1.1779011658614965e-10
5,1666,0.0,4.447548448124749e-16,1.171627453433015e-10
5,1667,0.0,1.641478915306413e-16,1.4535084941080867e-10
5,1668,0.0,5.489937792006416e-16,1.3248732214729821e-10
5,1669,0.0,4.1123236321665444e-16,1.5419259229054392e-10
5,1670,0.0,2.2668677156852905e-16,1.4589966309944701e-10
5,1671,0.0,2.7124454900237797e-16,1.1024506277040659e-10
5,1672,0.0,2.1633686323085427e-16,1.0423588020740275e-10
5,1673,0.0,6.700083274686458e-16,1.1626997539720263e-10
5,1674,0.0,2.1956046292534153e-16,1.2393499761244436e-10
5,1675,0.0,4.1278802735512876e-16,1.4027111365452283e-10
5,1676,0.0,3.5485479001403375e-16,1.997995331378955e-10
5,1677,0.0,6.197391816155246e-16,1.3582535939998295e-10
5,1678,0.0,1.5014714634990313e-16,1.1164931066514396e-10
5,1679,0.0,2.9938991358383713e-16,1.5195492274143234e-10
5,1680,0.0,3.9120201381495506e-16,1.5325825355952114e-10
5,1681,0.0,2.7357481313681546e-16,1.0278138707807184e-10
5,1682,0.0,2.1286192295389954e-16,1.0523002319540639e-10
5,1683,0.0,2.9019114671599303e-16,9.879722957773128e-11
5,1684,0.0,4.439226451596314e-16,1.0504575773153204e-10
5,1685,0.0,5.461575137144e-16,1.6361247118697467e-10
5,1686,0.0,4.1499180277574415e-16,1.3729899807204333e-10
5,1687,0.0,2.4030622849295203e-16,1.2743845533472395e-10
5,1688,0.0,2.571311039505646e-16,1.0898107815541684e-10
5,1689,0.0,3.451168943078978e-16,1.2234241207922962e-10
5,1690,0.0,2.9908097746442567e-16,1.341207542282138e-10
5,1691,0.0,1.8225926500672345e-16,1.348938952723409e-10
5,1692,0.0,3.084742237080508e-16,1.0067434808882647e-10
5,1693,0.0,6.080941944488118e-16,1.6161853565567425e-10
5,1694,0.0,1.5419714887580464e-16,1.2107238240213995e-10
5,1695,0.0,8.881784197001252e-16,1.0641776841553038e-10
5,1696,0.0,1.9919919635932043e-16,1.1289898882870829e-10
5,1697,0.0,2.9649399171916875e-16,1.4454013667053832e-10
5,1698,0.0,3.3113692911803216e-16,1.1834692482411836e-10
5,1699,0.0,2.0782236299505978e-16,1.363861892393772e-10
5,1700,0.0,2.6937497532007126e-16,1.0976573043398596e-10
5,1701,0.0,3.559645809643496e-16,1.1627004163938655e-10
5,1702,0.0,3.048568113005685e-16,1.846584219923532e-10
5,1703,0.0,5.963871734381313e-16,1.1499845808027411e-10
5,1704,0.0,9.992007221626409e-17,8.630870237261714e-11
5,1705,0.0,6.53618760428244e-16,1.3581016263706106e-10
5,1706,0.0,4.899091042361765e-16,1.645848371237333e-10
5,1707,0.0,1.3839988748152107e-16,1.2031019593791012e-10
5,1708,0.0,4.281489844093206e-16,1.710250299399566e-10
5,1709,0.0,1.5981042458654023e-16,1.3416000040240228e-10
5,1710,0.0,2.1346906855129507e-16,1.058684931649291e-10
5,1711,0.0,3.589988166978866e-16,1.348709842304216e-10
5,1712,0.0,4.465250203455689e-16,2.626752578779943e-10
5,1713,0.0,2.563629734696989e-16,1.243106882743797e-10
5,1714,0.0,1.0373309879339557e-16,9.912629221104848e-11
5,1715,0.0,3.4168906036440464e-16,1.1073505260957361e-10
5,1716,0.0,7.002330729131802e-16,1.330267269634915e-10
5,1717,0.0,1.898124249242944e-16,1.2160139073267237e-10
5,1718,0.0,4.792255534009712e-16,1.1215976762260805e-10
5,1719,0.0,3.2718632310782814e-16,1.269457550764887e-10
5,1720,0.0,2.427304036553607e-16,1.1941850599276583e-10
5,1721,0.0,9.486561781874757e-17,9.478435616056028e-11
5,1722,0.0,2.0579594225604418e-16,1.306871660451796e-10
5,1723,0.0,3.206219529471011e-16,1.2881070236421351e-10
5,1724,0.0,5.070693752293403e-16,1.1843028167854205e-10
5,1725,0.0,1.8604104981581858e-16,1.454513047261216e-10
5,1726,0.0,2.728981491940192e-16,1.312133457249279e-10
5,1727,0.0,4.085258685332182e-16,1.2909131958239004e-10
5,1728,0.0,6.153881200613659e-16,1.3696974927220715e-10
5,1729,0.0,2.610559071159068e-16,1.7140743822574295e-10
5,1730,0.0,2.511166434370781e-16,1.0601849859054391e-10
5,1731,0.0,2.2193355485310672e-16,1.3586300211375364e-10
5,1732,0.0,6.985058839259665e-16,1.407312422648036e-10
5,1733,0.0,4.3193240684714696e-16,9.387966622950875e-11
5,1734,0.0,1.334578589881209e-16,1.1570333698554027e-10
5,1735,0.0,2.436427366409291e-16,1.2821617654020127e-10
5,1736,0.0,1.767226074337503e-16,1.2452051935520663e-10
5,1737,0.0,2.1181705310112557e-16,1.3628305849257997e-10
5,1738,0.0,3.571399552177302e-16,1.4607753465700463e-10
5,1739,0.0,4.451426722189223e-16,1.8644718961720372e-10
5,1740,0.0,2.297115560617255e-16,1.8230617371528796e-10
5,1741,0.0,2.795470146924422e-16,1.1809205012758486e-10
5,1742,0.0,1.9872682020207264e-16,1.1239470031698378e-10
5,1743,0.0,3.09750234217031e-16,1.30832431603231e-10
5,1744,0.0,4.367002677319761e-16,1.396384091146804e-10
5,1745,0.0,1.88411095042053e-16,1.11267403873055e-10
5,1746,0.0,2.0131499945540442e-16,1.8384724315292795e-10
5,1747,0.0,1.8049235494972902e-16,1.6900217111698193e-10
5,1748,0.0,3.669450854827074e-16,1.1950336480760526e-10
5,1749,0.0,5.365950338995594e-16,1.7898291545892794e-10
5,1750,0.0,3.249750047103053e-16,1.4788893682994218e-10
5,1751,0.0,2.1608032031577663e-16,1.358652643092352e-10
5,1752,0.0,4.485081167954021e-16,1.452869188933956e-10
5,1753,0.0,3.149591383521714e-16,1.2047542502144233e-10
5,1754,0.0,1.562222271486201e-16,1.6821180610484863e-10
5,1755,0.0,6.652820992898906e-16,1.3704722697475245e-10
5,1756,0.0,5.83685963033483e-16,1.3893340849588672e-10
5,1757,0.0,4.1171165517794724e-16,1.2306543975907085e-10
5,1758,0.0,1.0344678411141275e-16,1.3519457156397405e-10
5,1759,0.0,1.076193140579929e-16,9.592049005089761e-11
5,1760,0.0,2.424255296765697e-16,1.4102058299757078e-10
5,1761,0.0,4.672443210140868e-16,1.1576024355256553e-10
5,1762,0.0,2.759077334070715e-16,1.5841025069956564e-10
5,1763,0.0,3.421216696033264e-16,1.5017244840488565e-10
5,1764,0.0,2.851350154652012e-16,1.1017307914157365e-10
5,1765,0.0,1.2444282822577155e-16,1.4420300056265001e-10
5,1766,0.0,1.9534878113278938e-16,1.0255899470268669e-10
5,1767,0.0,1.5563925105359798e-16,1.0696284311139116e-10
5,1768,0.0,3.1747331634899386e-16,1.1422812958487333e-10
5,1769,0.0,1.8397571365438167e-16,1.505381981460058e-10
5,1770,0.0,2.679297340257555e-16,1.276171069769883e-10
5,1771,0.0,4.2699587435853094e-16,1.6996527932666697e-10
5,1772,0.0,1.8867259564679274e-16,1.173953288013516e-10
5,1773,0.0,2.640370854613172e-16,1.6575635708589822e-10
5,1774,0.0,1.1788770283069517e-16,1.0003934167307286e-10
5,1775,0.0,4.826598036641129e-16,9.899498375791394e-11
5,1776,0.0,2.553995616685009e-16,1.1512520704495425e-10
5,1777,0.0,4.094300213216723e-16,1.4516685827362528e-10
5,1778,0.0,9.49914047450772e-17,1.2982120494126207e-10
5,1779,0.0,6.410516576794501e-16,1.5535575696824435e-10
5,1780,0.0,1.700128130623208e-16,1.2354483898077097e-10
5,1781,0.0,1.1549788381959103e-16,1.0037289906520447e-10
5,1782,0.0,1.9200760757698698e-16,1.0779214639061467e-10
5,1783,0.0,6.039449983662132e-16,1.1517239848055806e-10
5,1784,0.0,4.3720802611155986e-16,1.0725888109995957e-10
5,1785,0.0,4.588862145319184e-16,1.313347270778468e-10
5,1786,0.0,6.762707370586735e-16,1.5584059843016806e-10
5,1787,0.0,2.696722356863272e-16,1.2014121171747198e-10
5,1788,0.0,2.334110243043934e-16,1.2986387800758143e-10
5,1789,0.0,4.474074817208936e-16,1.5788587172452069e-10
5,1790,0.0,1.36155173506899e-16,9.611127343517839e-11
5,1791,0.0,2.6055967004811647e-16,1.2609591377029354e-10
5,1792,0.0,1.533957029663657e-16,9.988692385472899e-11
5,1793,0.0,1.458475610004094e-16,1.3689445803922165e-10
5,1794,0.0,5.221590278516807e-16,1.443469336379283e-10
5,1795,0.0,3.3202908231755305e-16,1.2628958735401692e-10
5,1796,0.0,6.599993417434047e-16,1.0508096231269573e-10
5,1797,0.0,4.265337574760008e-16,1.5349540844851387e-10
5,1798,0.0,3.915169659743468e-16,1.4832585526472286e-10
5,1799,0.0,2.6871067104045336e-16,1.184981313573598e-10
5,1800,0.0,2.5980167667467587e-16,1.2189252551988788e-10
5,1801,0.0,3.749859415440069e-16,9.80875881572961e-11
5,1802,0.0,1.460164883030148e-16,1.7524861799474687e-10
5,1803,0.0,5.423072987040728e-16,1.4637661200418682e-10
5,1804,0.0,4.293851239762777e-16,1.2392274529924026e-10
5,1805,0.0,4.4208629165413584e-16,1.3755885695305137e-10
5,1806,0.0,3.5511520844729417e-16,1.106412778505968e-10
5,1807,0.0,3.5693281747857454e-16,1.202031556026933e-10
5,1808,0.0,3.094317248945239e-16,1.4629466254805005e-10
5,1809,0.0,1.7262093760479727e-16,1.0864004578161744e-10
5,1810,0.0,3.1062445085640795e-16,1.4064311779752257e-10
5,1811,0.0,2.9074280107182196e-16,1.1474542834983443e-10
5,1812,0.0,6.106832181608017e-16,1.1734667649066773e-10
5,1813,0.0,3.0590623544125823e-16,1.259113402424292e-10
5,1814,0.0,2.888287394410778e-16,1.0073370464618483e-10
5,1815,0.0,2.1100079937860628e-16,1.9676154196027002e-10
5,1816,0.0,5.66061338495626e-16,1.2913807599505905e-10
5,1817,0.0,5.131104433915886e-16,1.992933581640853e-10
5,1818,0.0,2.990603703760032e-16,1.1802631397876512e-10
5,1819,0.0,1.049125420715962e-16,2.662814895620802e-10
5,1820,0.0,4.314184393666808e-16,1.2895187420772714e-10
5,1821,0.0,3.007249693866516e-16,1.265817145859426e-10
5,1822,0.0,2.7514722422355813e-16,9.894256221317179e-11
5,1823,0.0,1.5153629239531332e-16,1.319609671947966e-10
5,1824,0.0,1.2647530883972027e-16,1.0703530271155768e-10
5,1825,0.0,3.5443772253591483e-16,1.1791637761573447e-10
5,1826,0.0,1.533555207252136e-16,1.2582124745783133e-10
5,1827,0.0,4.496060575246782e-16,1.3960241433722533e-10
5,1828,0.0,2.311824524671446e-16,1.2761354009721286e-10
5,1829,0.0,4.780925091316409e-16,1.1596500373318895e-10
5,1830,0.0,5.493080158226685e-16,1.3373332316016928e-10
5,1831,0.0,2.2611511983862736e-16,1.390060449764142e-10
5,1832,0.0,2.2447380765022927e-16,1.0640943485955568e-10
5,1833,0.0,3.3452550721370557e-16,1.0975517067250229e-10
5,1834,0.0,5.336004900468224e-16,1.3279970795732522e-10
5,1835,0.0,5.16701183093997e-16,1.166653723653392e-10
5,1836,0.0,2.2237742240623747e-16,1.606835371191833e-10
5,1837,0.0,1.5643905199571328e-16,1.0038408231442859e-10
5,1838,0.0,3.2971941632359275e-16,1.3628353058185722e-10
5,1839,0.0,1.2731310385016532e-16,1.4591525753135988e-10
5,1840,0.0,1.9360583397625738e-16,1.4564513441516247e-10
5,1841,0.0,1.472877282518059e-16,1.4366462354633324e-10
5,1842,0.0,1.36155173506899e-16,1.0655738420961546e-10
5,1843,0.0,6.351407288210975e-16,1.2679909575009968e-10
5,1844,0.0,4.3164694491202843e-16,1.0627810966297184e-10
5,1845,0.0,2.6197499642948374e-16,2.093515568195345e-10
5,1846,0.0,3.1145664134658665e-16,1.417163841661512e-10
5,1847,0.0,4.885990497765101e-16,1.5702227816720133e-10
5,1848,0.0,2.128329680570841e-16,1.0158853119085675e-10
5,1849,0.0,6.435080974117224e-16,1.7153630168737084e-10
5,1850,0.0,4.342661167468608e-16,1.2252785081239887e-10
5,1851,0.0,1.4354758674734978e-16,1.0134309227839954e-10
5,1852,0.0,3.5982189492775247e-16,1.2123247762031332e-10
5,1853,0.0,1.0024336425836297e-16,9.596934120704591e-11
5,1854,0.0,4.660292565587056e-16,1.6432411425577083e-10
5,1855,0.0,2.1044510984381026e-16,1.3998032011997373e-10
5,1856,0.0,2.8976608255532847e-16,1.2999683453964372e-10
5,1857,0.0,5.388872059480397e-16,1.1515751360120646e-10
5,1858,0.0,4.429219416185547e-16,1.3931897676859567e-10
5,1859,0.0,4.909144594988205e-16,1.4719419387913554e-10
5,1860,0.0,2.6958080586993893e-16,1.252869130328352e-10
5,1861,0.0,3.745254727112846e-16,1.6619653829994932e-10
5,1862,0.0,4.0628702221151084e-16,1.1146411451252515e-10
5,1863,0.0,4.670860135994077e-16,1.6600708874951903e-10
5,1864,0.0,2.0965291212569229e-16,1.284383524059424e-10
5,1865,0.0,9.698454055747344e-17,1.0683218542922688e-10
5,1866,0.0,2.2293101405799e-16,1.1849351701368374e-10
5,1867,0.0,2.8993618300000793e-16,1.5170096629797773e-10
5,1868,0.0,2.2381391261834966e-16,1.4903362539266516e-10
5,1869,0.0,4.290117829959654e-16,1.338591049190285e-10
5,1870,0.0,3.180745370107371e-16,1.4393475665364752e-10
5,1871,0.0,1.084955474666808e-16,1.1722428056874933e-10
5,1872,0.0,2.954111332365022e-16,1.1426055288194324e-10
5,1873,0.0,3.243675742639089e-16,1.145456078058064e-10
5,1874,0.0,2.466344894039081e-16,1.398811822290602e-10
5,1875,0.0,2.3024751469056255e-16,1.3085876675236675e-10
5,1876,0.0,7.351655104053411e-16,1.2277352853643795e-10
5,1877,0.0,4.1063246156507315e-16,1.329579071647954e-10
5,1878,0.0,3.521350217451082e-16,1.1841254083214158e-10
5,1879,0.0,4.588324902193147e-16,9.626861959541456e-11
5,1880,0.0,4.483431937830986e-16,1.3016505431894304e-10
5,1881,0.0,2.78818537796901e-16,2.0466047176110368e-10
5,1882,0.0,4.4602786856364025e-16,1.4855767343763849e-10
5,1883,0.0,1.2117462562767952e-16,9.920152854661056e-11
5,1884,0.0,3.8311542931300025e-16,1.190960533888568e-10
5,1885,0.0,3.678174074801294e-16,1.484403834138174e-10
5,1886,0.0,1.9242442344674244e-16,1.0289037293249242e-10
5,1887,0.0,1.8551026114548661e-16,1.203770062967598e-10
5,1888,0.0,3.2973810737070526e-16,1.2177594384521238e-10
5,1889,0.0,1.9922239907684114e-16,1.218729587753509e-10
5,1890,0.0,2.0471501066083614e-16,2.054797038356253e-10
5,1891,0.0,4.047063694167817e-16,1.5092587947086349e-10
5,1892,0.0,2.5491649037985137e-16,1.4387131655011026e-10
5,1893,0.0,2.9549457092584755e-16,3.2478484944592856e-10
5,1894,0.0,2.826384485615351e-16,1.4074473154672228e-10
5,1895,0.0,3.0935204632364077e-16,1.372366045383891e-10
5,1896,0.0,1.7905250689741175e-16,1.1606677496255322e-10
5,1897,0.0,3.3091351499446456e-16,1.5544682623410908e-10
5,1898,0.0,2.907004032879915e-16,1.1101463584558961e-10
5,1899,0.0,2.631954563432281e-16,1.445571172540898e-10
5,1900,0.0,2.559058051021666e-16,1.1276127924564248e-10
5,1901,0.0,2.92602221658975e-16,1.1365303461770268e-10
5,1902,0.0,3.007044749599821e-16,1.2396340126855799e-10
5,1903,0.0,2.4981251604747204e-16,1.4546934654028453e-10
5,1904,0.0,2.8948945616047646e-16,1.0987425915932203e-10
5,1905,0.0,2.4109995427928496e-16,1.245260710613149e-10
5,1906,0.0,3.850409671385292e-16,1.3153754887433552e-10
5,1907,0.0,2.5106755407223864e-16,1.0447225818209851e-10
5,1908,0.0,2.031738468800014e-16,1.0403548248477102e-10
5,1909,0.0,6.618642771977825e-16,1.488589260298926e-10
5,1910,0.0,3.0655024928134217e-16,1.304679942048466e-10
5,1911,0.0,6.479366581675305e-16,1.6533927223600447e-10
5,1912,0.0,2.5501317784412075e-16,1.477827841160304e-10
5,1913,0.0,3.556354732305082e-16,1.2536732929042358e-10
5,1914,0.0,3.1062445085640795e-16,1.2504639832777864e-10
5,1915,0.0,2.263602902110561e-16,1.0825431446914837e-10
5,1916,0.0,1.4003781298538116e-16,1.9311312262500712e-10
5,1917,0.0,1.9629295667289947e-16,1.117722298006259e-10
5,1918,0.0,2.8426913124463125e-16,1.2483034096905934e-10
5,1919,0.0,3.6965592099444606e-16,1.314147685815166e-10
5,1920,0.0,5.45480038762236e-16,1.2994947870646164e-10
5,1921,0.0,2.4158514241300273e-16,1.149511647110724e-10
5,1922,0.0,1.5834793062104192e-16,1.207362000277881e-10
5,1923,0.0,2.044740276336181e-16,9.29860084872059e-11
5,1924,0.0,4.888008251515273e-16,1.4558792050460946e-10
5,1925,0.0,2.987304636342383e-16,1.1596962179618357e-10
5,1926,0.0,8.921662700236995e-16,1.0904819515608797e-10
5,1927,0.0,7.260213468675455e-16,1.4818857994499607e-10
5,1928,0.0,2.2798802179737036e-16,1.2324617506756958e-10
5,1929,0.0,2.1913901433868203e-16,1.1865147532954866e-10
5,1930,0.0,3.17686782950933e-16,1.2403203075764518e-10
5,1931,0.0,1.6932266098820366e-16,1.6267251596917154e-10
5,1932,0.0,1.2629244406312412e-16,1.567413611875314e-10
5,1933,0.0,7.721918393339393e-16,1.1869062661098966e-10
5,1934,0.0,4.257238459077991e-16,1.328884885450706e-10
5,1935,0.0,3.8733897739799076e-16,1.0670756987115053e-10
5,1936,0.0,1.8643814962689592e-16,1.1421647252269458e-10
5,1937,0.0,9.79421863499276e-17,1.3312068986426033e-10
5,1938,0.0,2.30541760835788e-16,1.0240620826506904e-10
5,1939,0.0,2.9398906940271963e-16,1.2539186558131465e-10
5,1940,0.0,6.175475235702779e-16,1.5785166047550473e-10
5,1941,0.0,4.431445154726115e-16,1.5530146888467428e-10
5,1942,0.0,3.96211206478289e-16,1.4823535717525426e-10
5,1943,0.0,1.4651158584959203e-16,1.0208758472977721e-10
5,1944,0.0,7.274121611418066e-16,1.1470198781147221e-10
5,1945,0.0,4.473523788840912e-16,1.6986744912979456e-10
5,1946,0.0,3.9484001366921065e-16,1.2895133610977015e-10
5,1947,0.0,2.370007629567147e-16,1.4829699766997963e-10
5,1948,0.0,2.424255296765697e-16,1.5695703345028704e-10
5,1949,0.0,2.906155891641475e-16,1.4292539827719896e-10
5,1950,0.0,2.6543387047916777e-16,1.0066064404658964e-10
5,1951,0.0,2.603230342077753e-16,1.9767975370616806e-10
5,1952,0.0,4.580258693373255e-16,1.3189288047785224e-10
5,1953,0.0,3.9863036587226713e-16,1.0596054430474731e-10
5,1954,0.0,1.6929536042193562e-16,1.7777203065665983e-10
5,1955,0.0,2.4424906541753446e-16,1.6343241949302847e-10
5,1956,0.0,1.0272563142315818e-16,1.0857865502252036e-10
5,1957,0.0,2.3873667586321565e-16,1.533295916319193e-10
5,1958,0.0,2.2828518031436707e-16,1.4588127675693055e-10
5,1959,0.0,5.382005793715205e-16,1.525517110855192e-10
5,1960,0.0,3.175315487452555e-16,1.5703778546330576e-10
5,1961,0.0,2.990603703760032e-16,1.244850698259725e-10
5,1962,0.0,1.382773751843608e-16,1.0586582418270719e-10
5,1963,0.0,3.854249203339501e-16,1.5339211981796692e-10
5,1964,0.0,3.1745390317648367e-16,1.0804322367297206e-10
5,1965,0.0,1.707001748288534e-16,1.0779472914024115e-10
5,1966,0.0,2.3022074639253675e-16,1.8166737864054683e-10
5,1967,0.0,4.655529333056264e-16,2.3408656750961316e-10
5,1968,0.0,2.765324646399801e-16,1.2397708994885228e-10
5,1969,0.0,1.2821754172222085e-16,1.1361557996195889e-10
5,1970,0.0,4.982415740499153e-16,1.177657684101498e-10
5,1971,0.0,4.479031021984761e-16,1.2711037671743897e-10
5,1972,0.0,2.300064878571561e-16,1.2524700124396594e-10
5,1973,0.0,4.1374245181387846e-16,1.1566551002258131e-10
5,1974,0.0,4.253328017918878e-16,1.5297515911903398e-10
5,1975,0.0,1.9544340394344006e-16,1.2849508954247156e-10
5,1976,0.0,3.1307501892311805e-16,9.460324353449536e-11
5,1977,0.0,6.588778467245944e-16,1.0020727165006637e-10
5,1978,0.0,2.736198645678556e-16,1.5898343489454988e-10
5,1979,0.0,2.5368049498085747e-16,1.7476420842969711e-10
5,1980,0.0,1.2481988174211263e-16,1.392111558600071e-10
5,1981,0.0,4.961094661755162e-16,1.267112248127475e-10
5,1982,0.0,3.066507542672501e-16,1.7626132125184804e-10
5,1983,0.0,1.0993450589791534e-16,1.0556123583747635e-10
5,1984,0.0,4.947161770599572e-16,1.2530854537908714e-10
5,1985,0.0,2.8112986668411826e-16,1.0086890347967126e-10
5,1986,0.0,4.3839050860445074e-16,1.361138571844748e-10
5,1987,0.0,3.778022234429369e-16,1.0462849675522331e-10
5,1988,0.0,2.990603703760032e-16,1.120930221874881e-10
5,1989,0.0,2.583505915469985e-16,1.6018607060939736e-10
5,1990,0.0,4.0991142068997727e-16,1.3870845574422758e-10
5,1991,0.0,2.14362188198208e-16,1.1112724340443276e-10
5,1992,0.0,6.131407058289218e-16,1.2177303010093453e-10
5,1993,0.0,4.222352005457961e-16,2.486347045805398e-10
5,1994,0.0,1.463011108294875e-16,1.0556030005155446e-10
5,1995,0.0,1.4355831967844614e-16,1.2808038676262802e-10
5,1996,0.0,1.4252427270272615e-16,9.568424987155206e-11
5,1997,0.0,2.0591569550578067e-16,1.8216315289074467e-10
5,1998,0.0,3.34396521086985e-16,1.127449470671856e-10
5,1999,0.0,7.052494599372962e-16,1.3792457389228738e-10
6,0,0.0,4.3709524189038457e-16,1.234867907984611e-10
6,1,0.0,4.6740257481067e-16,1.2341341451289293e-10
6,2,0.0,2.8711663935689227e-16,1.3185748080138252e-10
6,3,0.0,3.044724656107888e-16,1.1833052765119956e-10
6,4,0.0,4.4358932814717956e-16,1.5495261895061032e-10
6,5,0.0,6.657636375779741e-16,1.371317308281787e-10
6,6,0.0,4.49660884188808e-16,1.1803458233464884e-10
6,7,0.0,1.982921726761039e-16,1.1120657031753071e-10
6,8,0.0,1.301260007494758e-16,9.242297528359821e-11
6,9,0.0,2.5165599445925055e-16,1.0451983552392394e-10
6,10,0.0,2.095352947744292e-16,1.087412098353089e-10
6,11,0.0,1.5816295034443728e-16,1.143607408650436e-10
6,12,0.0,3.1729855503741524e-16,1.062868593900256e-10
6,13,0.0,7.026931213992187e-16,1.1276958153928562e-10
6,14,0.0,3.2912074235477803e-16,1.0477973021991164e-10
6,15,0.0,3.1558467846863657e-16,9.998988438798667e-11
6,16,0.0,3.1714313080323685e-16,1.8905142123939752e-10
6,17,0.0,3.6895502430133794e-16,1.40494540769586e-10
6,18,0.0,4.3900863306637655e-16,1.795465969204965e-10
6,19,0.0,1.9496983066704835e-16,1.0511714790832832e-10
6,20,0.0,4.91265847775981e-16,1.1447453809993395e-10
6,21,0.0,2.021703629411682e-16,1.2687529077200153e-10
6,22,0.0,2.214887977831648e-16,1.5893864286337845e-10
6,23,0.0,4.364744077387291e-16,1.262810717949843e-10
6,24,0.0,4.0979112386546744e-16,1.9374733857535528e-10
6,25,0.0,3.035196247161644e-16,1.0592753309245122e-10
6,26,0.0,4.516847923195823e-16,1.1003042933442793e-10
6,27,0.0,3.0572486211796026e-16,1.1268074117541625e-10
6,28,0.0,8.257253424376872e-16,9.389382156044308e-11
6,29,0.0,4.317611523342974e-16,9.9541774567314e-11
6,30,0.0,4.79174109511241e-16,1.3037432012383457e-10
6,31,0.0,6.424345607533254e-16,1.6231362644704117e-10
6,32,0.0,5.832634613762132e-16,1.3034446863883607e-10
6,33,0.0,3.373324555659164e-16,9.905633938037198e-11
6,34,0.0,2.91039412619848e-16,1.730070640032592e-10
6,35,0.0,3.401162392178223e-16,1.3629920068929215e-10
6,36,0.0,3.789749181104212e-16,1.4438046436849157e-10
6,37,0.0,1.9075169528294938e-16,1.4830466244245375e-10
6,38,0.0,6.278799545965779e-16,1.2689886775020075e-10
6,39,0.0,6.293701470788876e-16,1.0971401252784948e-10
6,40,0.0,2.938213152838379e-16,1.1224389576407109e-10
6,41,0.0,6.030872085473731e-16,1.2252988642763163e-10
6,42,0.0,2.237037408604468e-16,1.1541261020592159e-10
6,43,0.0,4.731165626528648e-16,9.56679286671869e-11
6,44,0.0,4.591010489137867e-16,1.5081047820848087e-10
6,45,0.0,4.070144838902081e-16,1.1437191255551865e-10
6,46,0.0,2.415596304912448e-16,1.0030660048363197e-10
6,47,0.0,8.728923340426039e-16,1.3492390307113453e-10
6,48,0.0,3.978875757252817e-16,1.1433884235500744e-10
6,49,0.0,4.1213057840373734e-16,1.0370365244559923e-10
6,50,0.0,3.6350268448048564e-16,1.0411561058885817e-10
6,51,0.0,2.100053689373493e-16,8.352910357268437e-11
6,52,0.0,1.254109815679788e-16,8.420691145666701e-11
6,53,0.0,3.359410859855951e-16,9.737818289347487e-11
6,54,0.0,3.4017059548792157e-16,1.1629980349532296e-10
6,55,0.0,4.1564472599011956e-16,1.106777013499304e-10
6,56,0.0,3.7095407283717784e-16,1.2324846663609136e-10
6,57,0.0,2.37805521683226e-16,1.0210672242628563e-10
6,58,0.0,3.2087174086071544e-16,1.3475326661530924e-10
6,59,0.0,3.7327276539370134e-16,1.0263559618560741e-10
6,60,0.0,2.734396143081302e-16,1.28843545695255e-10
6,61,0.0,4.3805298217796794e-16,1.304016886133923e-10
6,62,0.0,3.4305711812708345e-16,1.1590375604395788e-10
6,63,0.0,4.667164208104873e-16,1.1716150862157273e-10
6,64,0.0,1.346531650888281e-16,1.2624479020775435e-10
6,65,0.0,2.016820280180126e-16,1.0553230537828577e-10
6,66,0.0,4.208316447489627e-16,1.030139223742606e-10
6,67,0.0,2.901274267927987e-16,1.1904340910545752e-10
6,68,0.0,2.984001921527895e-16,1.1360449051967472e-10
6,69,0.0,8.77118348808638e-16,9.07338971895293e-11
6,70,0.0,2.727852086813007e-16,1.1716026959058605e-10
6,71,0.0,2.783982470095033e-16,1.2910207052626432e-10
6,72,0.0,3.9887765520490466e-16,1.0966349333983504e-10
6,73,0.0,1.6943181926385134e-16,1.3767007194921221e-10
6,74,0.0,4.1821675460157166e-16,1.1519412065588388e-10
6,75,0.0,3.2626203946867657e-16,1.7206303046992234e-10
6,76,0.0,3.120497043552816e-16,1.1926847392271815e-10
6,77,0.0,2.337803875218005e-16,1.272323358993677e-10
6,78,0.0,1.737419223340981e-16,8.713842364796088e-11
6,79,0.0,2.993487405225706e-16,1.2893431334357346e-10
6,80,0.0,3.114170636551699e-16,1.209692625031149e-10
6,81,0.0,2.617867283516783e-16,1.419302242982422e-10
6,82,0.0,1.6057985813735116e-16,1.0921532395415e-10
6,83,0.0,4.430888824907248e-16,1.1134149583709566e-10
6,84,0.0,2.026271080739812e-16,1.0344451477206231e-10
6,85,0.0,4.545139706925987e-16,1.2804508311356784e-10
6,86,0.0,2.2441889050992113e-16,1.358314823485707e-10
6,87,0.0,8.395517963860086e-16,1.074373732573021e-10
6,88,0.0,2.760863722949401e-16,1.3522880792732804e-10
6,89,0.0,2.2973838368880225e-16,9.98221398230037e-11
6,90,0.0,2.5469880938627124e-16,1.222867078124929e-10
6,91,0.0,4.396819595863858e-16,1.0163769620524526e-10
6,92,0.0,3.614624287906422e-16,1.0247809106639058e-10
6,93,0.0,1.229167817172618e-16,8.936238900866725e-11
6,94,0.0,3.6350268448048564e-16,1.4211279622730117e-10
6,95,0.0,3.479092484324741e-16,1.1653748874945657e-10
6,96,0.0,3.6900513250107117e-16,1.3698195723536363e-10
6,97,0.0,6.481268641478987e-16,1.2539140452263055e-10
6,98,0.0,6.098753289088738e-16,1.2072584188925646e-10
6,99,0.0,2.4685928163292375e-16,1.1989943461023108e-10
6,100,0.0,2.5927927080043076e-16,1.2216428091453824e-10
6,101,0.0,6.276443376186411e-16,1.2321436676157095e-10
6,102,0.0,4.92969028048059e-16,1.2220118220898788e-10
6,103,0.0,6.957830673225813e-16,1.0980891886309273e-10
6,104,0.0,1.5700924586837752e-16,9.289005358579821e-11
6,105,0.0,3.4882917686217287e-16,1.300895324262009e-10
6,106,0.0,3.384268645908236e-16,1.420367426692489e-10
6,107,0.0,4.2258536110401003e-16,1.614295553900682e-10
6,108,0.0,5.275604118234121e-16,1.247806629951206e-10
6,109,0.0,3.7884479796302845e-16,1.1893422957708773e-10
6,110,0.0,6.661338147750939e-16,1.2858368546699361e-10
6,111,0.0,5.26859023861833e-16,1.4055027865207706e-10
6,112,0.0,4.301021765514879e-16,1.3927091622070364e-10
6,113,0.0,2.995339747294888e-16,1.4082951538248935e-10
6,114,0.0,2.3509480464707666e-16,1.171868233013874e-10
6,115,0.0,2.108254767065555e-16,9.45025263884439e-11
6,116,0.0,1.7317344008260193e-16,1.1282562536676534e-10
6,117,0.0,1.6011864169946886e-16,9.041061763464938e-11
6,118,0.0,2.7357481313681546e-16,1.8957084499199373e-10
6,119,0.0,4.514664288587569e-16,1.1377668631156219e-10
6,120,0.0,2.6522482167541352e-16,1.1037738428189957e-10
6,121,0.0,2.567953295833453e-16,1.0447922646063208e-10
6,122,0.0,5.164625771320267e-16,1.2182466032509579e-10
6,123,0.0,2.0004820294221902e-16,1.3179716772701137e-10
6,124,0.0,2.2968472530112917e-16,8.968393217927041e-11
6,125,0.0,3.949960707535497e-16,3.2787267292059455e-10
6,126,0.0,6.683505723655797e-16,1.0999452948796536e-10
6,127,0.0,3.669450854827074e-16,1.003105708172907e-10
6,128,0.0,4.800479058778281e-16,1.2891529051422036e-10
6,129,0.0,6.781999790256752e-16,1.0781118843135598e-10
6,130,0.0,3.2069883148865604e-16,1.0715540633373694e-10
6,131,0.0,4.930190325141862e-16,1.132466450546817e-10
6,132,0.0,6.072828609394662e-16,1.4889815619236064e-10
6,133,0.0,4.133848008738368e-16,1.0779531907330792e-10
6,134,0.0,7.075875605057376e-16,1.2316705158613417e-10
6,135,0.0,2.5501317784412075e-16,1.1561888508710287e-10
6,136,0.0,2.0597554602165167e-16,1.1121951546214825e-10
6,137,0.0,6.068767874330505e-16,1.7200550653728088e-10
6,138,0.0,3.794299872214038e-16,1.6443369321642118e-10
6,139,0.0,4.515210296243744e-16,1.9343878999745292e-10
6,140,0.0,2.9790409838967276e-16,1.2999182507679986e-10
6,141,0.0,1.6195562694330396e-16,1.340180192292291e-10
6,142,0.0,2.048353958583393e-16,1.1068123271725219e-10
6,143,0.0,2.580880521926561e-16,1.2478238997388994e-10
6,144,0.0,2.563629734696989e-16,1.0882691041286721e-10
6,145,0.0,9.341720271988155e-16,1.3078928026430795e-10
6,146,0.0,4.477930117206676e-16,1.0929795293116631e-10
6,147,0.0,3.02258091018104e-16,1.4143355357328295e-10
6,148,0.0,4.880942464081559e-16,1.414834582217545e-10
6,149,0.0,3.2539195537479515e-16,1.1956795283969432e-10
6,150,0.0,2.925600933423419e-16,1.0281782238266902e-10
6,151,0.0,4.915166856007381e-16,1.1875753246545077e-10
6,152,0.0,2.8993618300000793e-16,1.268039085507447e-10
6,153,0.0,4.885990497765101e-16,1.0000030885490197e-10
6,154,0.0,3.0315391380987956e-16,1.0993287861769528e-10
6,155,0.0,2.4374389617887347e-16,1.3119715178517805e-10
6,156,0.0,6.679447175545731e-16,1.2458346206604214e-10
6,157,0.0,3.5414200256182096e-16,1.0845427405673886e-10
6,158,0.0,3.6573382020471915e-16,9.985252532760787e-11
6,159,0.0,1.433005074625853e-16,1.0093180477362638e-10
6,160,0.0,1.3728211851437802e-16,1.2549323308146832e-10
6,161,0.0,8.188600426433446e-16,9.951036036546515e-11
6,162,0.0,3.036414304697331e-16,1.172621442654867e-10
6,163,0.0,4.432557604889171e-16,1.408705854810681e-10
6,164,0.0,5.573717657339218e-16,1.4230538477691015e-10
6,165,0.0,3.027877611936362e-16,1.2064919835164074e-10
6,166,0.0,3.9602450520043886e-16,1.1441090413724795e-10
6,167,0.0,2.235935148173614e-16,1.311054194868564e-10
6,168,0.0,4.846476395584283e-16,1.1611950195624554e-10
6,169,0.0,2.215444412453624e-16,9.996469654725151e-11
6,170,0.0,3.3656425182879964e-16,1.4729009694171798e-10
6,171,0.0,3.261864721163095e-16,1.0103826804654454e-10
6,172,0.0,5.799148770785524e-16,1.4942361332838752e-10
6,173,0.0,3.6472135959235114e-16,1.2544289949255988e-10
6,174,0.0,2.7042535218488043e-16,1.1399588654346666e-10
6,175,0.0,5.916561726981507e-16,1.1716446198963573e-10
6,176,0.0,6.451150527701707e-16,1.1515507050961361e-10
6,177,0.0,8.200934248654167e-16,1.5395035076070166e-10
6,178,0.0,2.1251420381683415e-16,9.062294696410823e-11
6,179,0.0,4.4264356691842796e-16,1.6156987639210736e-10
6,180,0.0,4.373771479125257e-16,1.1573925410472519e-10
6,181,0.0,2.29362511359041e-16,1.0858058849568199e-10
6,182,0.0,3.0873384016601996e-16,1.3866875862908114e-10
6,183,0.0,6.903052155098261e-16,1.3040529549243594e-10
6,184,0.0,4.1266856908975506e-16,1.2304769785154402e-10
6,185,0.0,4.756628726090585e-16,1.3873358564930252e-10
6,186,0.0,2.1818071695140805e-16,2.154431059364223e-10
6,187,0.0,4.451980485545497e-16,1.275864260136079e-10
6,188,0.0,1.6407278382067828e-16,9.589449893765114e-11
6,189,0.0,2.043835857445049e-16,1.0686282362757341e-10
6,190,0.0,2.9804887770107836e-16,1.2053768184789686e-10
6,191,0.0,3.899396613340967e-16,1.1480956599423194e-10
6,192,0.0,6.086209812418903e-16,1.2439279821114423e-10
6,193,0.0,2.4685928163292375e-16,1.1453619827110532e-10
6,194,0.0,2.569392866139459e-16,1.2037352534425983e-10
6,195,0.0,3.963978198208339e-16,9.433749270976661e-11
6,196,0.0,4.3193240684714696e-16,1.1845323205392778e-10
6,197,0.0,4.1540741810552243e-16,1.362487392266188e-10
6,198,0.0,3.842719098451748e-16,1.41259284943428e-10
6,199,0.0,1.6764000044290904e-16,9.355015335767046e-11
6,200,0.0,4.037305841044143e-16,1.5455497726716033e-10
6,201,0.0,3.5234498003967183e-16,1.136514283578639e-10
6,202,0.0,4.644396126208125e-16,1.2436817601484155e-10
6,203,0.0,3.137043160785666e-16,1.3840698135888024e-10
6,204,0.0,2.664997811878637e-16,1.1796398421799024e-10
6,205,0.0,4.432557604889171e-16,1.17899200940787e-10
6,206,0.0,4.520121397177758e-16,1.1648371004819162e-10
6,207,0.0,2.267683184642306e-16,1.2541931725922e-10
6,208,0.0,3.454203409104305e-16,1.1602492935994272e-10
6,209,0.0,5.419890031925687e-16,1.154172036790026e-10
6,210,0.0,2.4293344041495593e-16,1.1830297083414205e-10
6,211,0.0,2.8060324143240443e-16,1.1156418444535615e-10
6,212,0.0,4.906633138029962e-16,1.3894086225723782e-10
6,213,0.0,2.587558102355064e-16,9.754554117398301e-11
6,214,0.0,3.1698763036201644e-16,1.0572034583198604e-10
6,215,0.0,2.571550710572905e-16,1.2705767170750428e-10
6,216,0.0,2.2237742240623747e-16,1.3346843593747958e-10
6,217,0.0,2.8452917319372774e-16,1.0622186442512548e-10
6,218,0.0,5.777001529470668e-16,1.0548495549185487e-10
6,219,0.0,2.4675939925714453e-16,1.2106190099058852e-10
6,220,0.0,3.0655024928134217e-16,1.1451724826848805e-10
6,221,0.0,4.869818370658875e-16,2.020610349635513e-10
6,222,0.0,1.9897476392944792e-16,1.2322761425746821e-10
6,223,0.0,3.421216696033264e-16,1.3648496244190057e-10
6,224,0.0,3.072731514363724e-16,1.266364864146031e-10
6,225,0.0,3.39517745891758e-16,1.263547376765296e-10
6,226,0.0,2.2828518031436707e-16,1.1783382678855923e-10
6,227,0.0,4.498801240283525e-16,1.7855506953139183e-10
6,228,0.0,4.864246784032726e-16,9.903577943553737e-11
6,229,0.0,5.992736662843326e-16,1.6118367514037753e-10
6,230,0.0,6.592518903804533e-16,1.1309714936440952e-10
6,231,0.0,2.5199861680233773e-16,1.490270902619507e-10
6,232,0.0,5.7914920024002365e-16,1.328024443341109e-10
6,233,0.0,2.7700008841945786e-16,1.1617845248631167e-10
6,234,0.0,4.3193240684714696e-16,1.0953149277251584e-10
6,235,0.0,2.0131499945540442e-16,1.0160540593078124e-10
6,236,0.0,5.783825097807551e-16,1.077529920426239e-10
6,237,0.0,2.747213168225056e-16,1.0146593964119785e-10
6,238,0.0,2.3904625456582047e-16,1.7663428917905322e-10
6,239,0.0,4.937684918257431e-16,1.0191040387821848e-10
6,240,0.0,4.432557604889171e-16,1.1614143785075516e-10
6,241,0.0,5.559546415193488e-16,9.768661147429811e-11
6,242,0.0,2.8797396177668367e-16,9.098198467864737e-11
6,243,0.0,3.513641012782728e-16,1.4400213294277518e-10
6,244,0.0,3.2652638748082423e-16,1.0976814096177418e-10
6,245,0.0,2.3992122494236665e-16,1.0271757433259466e-10
6,246,0.0,1.2272861487470513e-16,1.2662336035449027e-10
6,247,0.0,1.3455014484288012e-16,1.1235385240521519e-10
6,248,0.0,3.0282846668030175e-16,1.1181893128109447e-10
6,249,0.0,3.1143685312957457e-16,1.1227023007036047e-10
6,250,0.0,6.920528715945819e-16,1.0718981276383533e-10
6,251,0.0,3.787309061618015e-16,1.5657428933730486e-10
6,252,0.0,2.0924096214595782e-16,1.014755428571758e-10
6,253,0.0,3.5734697288860765e-16,1.4854861848623383e-10
6,254,0.0,4.443666789242129e-16,1.584928336490583e-10
6,255,0.0,2.618573447432927e-16,1.4778875518423259e-10
6,256,0.0,2.6552672822924614e-16,1.2757058457497653e-10
6,257,0.0,4.415841426153331e-16,1.0252585498947045e-10
6,258,0.0,4.3352752008252724e-16,1.1479710912108859e-10
6,259,0.0,4.3996220817089026e-16,1.1921059056732845e-10
6,260,0.0,6.720656009985971e-16,1.2402381472701467e-10
6,261,0.0,5.891509130072236e-16,1.2322030860850814e-10
6,262,0.0,3.0491745317590904e-16,1.0697738008649312e-10
6,263,0.0,4.3839050860445074e-16,1.2023941783491264e-10
6,264,0.0,3.6064309469101764e-16,1.1725641367218282e-10
6,265,0.0,2.645035000369343e-16,1.23160876622127e-10
6,266,0.0,3.980734032013075e-16,2.0616194415172328e-10
6,267,0.0,1.76382260870116e-16,1.0951565919901961e-10
6,268,0.0,3.443481593039715e-16,1.0548637858320293e-10
6,269,0.0,2.2693132434496385e-16,9.13614082731526e-11
6,270,0.0,4.246947732287247e-16,1.0946929521028207e-10
6,271,0.0,2.7292073168809516e-16,1.1168379973909355e-10
6,272,0.0,6.360328080835532e-16,1.3581939841159952e-10
6,273,0.0,5.590940293848844e-16,1.112721763675799e-10
6,274,0.0,6.706702821772451e-16,1.5459877198886869e-10
6,275,0.0,3.168320536015473e-16,1.384821713302971e-10
6,276,0.0,1.9342270995849657e-16,9.756473546612325e-11
6,277,0.0,9.327195007284061e-16,1.0932902001245433e-10
6,278,0.0,2.6543387047916777e-16,1.1226029067902058e-10
6,279,0.0,4.4386710970621344e-16,1.2740590954522888e-10
6,280,0.0,4.2450608127142875e-16,1.1270423829685347e-10
6,281,0.0,4.41416632660789e-16,1.250770951552474e-10
6,282,0.0,2.7465400791133427e-16,1.3701750239956877e-10
6,283,0.0,3.06308902767654e-16,1.195691266054011e-10
6,284,0.0,5.1238927586247155e-16,1.0494736394763465e-10
6,285,0.0,1.2511578073120693e-16,1.1499997314769154e-10
6,286,0.0,1.3982861222017193e-16,9.974662971200067e-11
6,287,0.0,1.6103975366082987e-16,1.0498467090219796e-10
6,288,0.0,2.6619897821330233e-16,1.0721822559622786e-10
6,289,0.0,9.059855252058185e-16,1.1136374046333152e-10
6,290,0.0,5.564421850464315e-16,1.1779707593996955e-10
6,291,0.0,1.7044725877846372e-16,1.2784100649499847e-10
6,292,0.0,4.0458452495536697e-16,1.6559280234319566e-10
6,293,0.0,1.1749496091904414e-16,8.796177783946782e-11
6,294,0.0,3.836941052933591e-16,1.1946586115313937e-10
6,295,0.0,4.2345949572308714e-16,1.2594675572676338e-10
6,296,0.0,2.3383310606740737e-16,1.2067055717143038e-10
6,297,0.0,4.826598036641129e-16,1.082148458443878e-10
6,298,0.0,2.636166067783164e-16,1.33499672016441e-10
6,299,0.0,6.080131098168827e-16,1.188256916999434e-10
6,300,0.0,4.443111989715747e-16,1.106268001862518e-10
6,301,0.0,2.66592267666854e-16,1.0279190287611195e-10
6,302,0.0,2.385300668449692e-16,1.2849353446749156e-10
6,303,0.0,2.1161328484510726e-16,1.0844909887577791e-10
6,304,0.0,1.287930488225913e-16,1.0677768115918477e-10
6,305,0.0,4.4052217047995314e-16,1.3152903668015657e-10
6,306,0.0,4.4029827101416564e-16,1.2831506471688996e-10
6,307,0.0,6.538827193234184e-16,1.1873299104402916e-10
6,308,0.0,3.375151035058605e-16,1.2973892900986351e-10
6,309,0.0,1.986958054816025e-16,1.253381108370241e-10
6,310,0.0,2.0260429527206917e-16,1.2318600559067407e-10
6,311,0.0,4.056798076706969e-16,1.3754511467080588e-10
6,312,0.0,4.439226451596314e-16,1.402352417257414e-10
6,313,0.0,3.281267858786052e-16,1.1012216037688065e-10
6,314,0.0,4.2952863025479936e-16,1.1672669152542753e-10
6,315,0.0,2.219613225798157e-16,1.3043843352192528e-10
6,316,0.0,3.724794111165682e-16,1.0900320479470197e-10
6,317,0.0,3.048568113005685e-16,9.951375544546097e-11
6,318,0.0,1.5157695690493978e-16,1.0536702917646044e-10
6,319,0.0,4.0507168289818833e-16,1.1496388495969991e-10
6,320,0.0,3.526072521004324e-16,1.1701428389355357e-10
6,321,0.0,4.603879499634744e-16,1.0005971253431307e-10
6,322,0.0,5.216866993716143e-16,9.637611478657198e-11
6,323,0.0,3.5069694253673406e-16,2.34300214354279e-10
6,324,0.0,6.46107831775505e-16,9.520229253366071e-11
6,325,0.0,5.184159041228225e-16,1.2770130095894344e-10
6,326,0.0,3.2427256047287145e-16,1.3299909247975832e-10
6,327,0.0,2.78353968958009e-16,1.154862253888946e-10
6,328,0.0,4.350034593424404e-16,1.0902422158461952e-10
6,329,0.0,5.637047395439733e-16,9.924881693123494e-11
6,330,0.0,6.609324672507285e-16,1.1390319157781126e-10
6,331,0.0,4.989337825842279e-16,1.0556886734830198e-10
6,332,0.0,1.8175134224024282e-16,1.0396708817615415e-10
6,333,0.0,2.3519964068557473e-16,1.4467792948893708e-10
6,334,0.0,6.584287138525493e-16,1.4957919839986772e-10
6,335,0.0,2.662684244455929e-16,1.142556229109353e-10
6,336,0.0,4.800479058778281e-16,1.235175667700176e-10
6,337,0.0,4.2543421811326586e-16,1.179576484179727e-10
6,338,0.0,2.286089127109703e-16,1.0510501957782924e-10
6,339,0.0,1.7648705279590877e-16,1.336828655763372e-10
6,340,0.0,3.65935976177892e-16,1.7709721003996957e-10
6,341,0.0,5.519494730815852e-16,1.1939619488917988e-10
6,342,0.0,3.1386144321893674e-16,1.2903635049462172e-10
6,343,0.0,2.481789281253735e-16,1.4236989086578091e-10
6,344,0.0,4.1386160011060726e-16,1.2535906904732858e-10
6,345,0.0,2.3464872894200343e-16,9.386730426321026e-11
6,346,0.0,4.852068387831067e-16,1.1968319142098027e-10
6,347,0.0,1.4501059790511035e-16,9.938513742241195e-11
6,348,0.0,3.633670238359101e-16,1.181702792379696e-10
6,349,0.0,8.937122951690182e-16,1.2736889146088612e-10
6,350,0.0,2.2644195468014706e-16,1.0100902762984763e-10
6,351,0.0,4.122501925633895e-16,1.124907908580735e-10
6,352,0.0,6.665407722406473e-16,1.3256862953202392e-10
6,353,0.0,6.756507567449949e-16,1.5797956904143928e-10
6,354,0.0,5.391158871405725e-16,1.23030435457752e-10
6,355,0.0,2.3922665713388966e-16,1.2674739219301013e-10
6,356,0.0,3.894968714063257e-16,1.1002634972064727e-10
6,357,0.0,4.4057812756756914e-16,1.1375460248352627e-10
6,358,0.0,3.41905433405845e-16,1.1925400539831854e-10
6,359,0.0,2.25924247831277e-16,1.1383103164550532e-10
6,360,0.0,4.340957829035767e-16,1.2545970740661034e-10
6,361,0.0,3.241585071624183e-16,1.279010129509051e-10
6,362,0.0,3.0412816564265077e-16,1.2997355251653932e-10
6,363,0.0,2.287167216831081e-16,1.0707636911037104e-10
6,364,0.0,2.7679977496304214e-16,1.3250617483299848e-10
6,365,0.0,1.2484456677780182e-16,1.2173764755568058e-10
6,366,0.0,4.16415042630419e-16,1.3861937440196203e-10
6,367,0.0,3.2482325359079567e-16,1.1410548942466173e-10
6,368,0.0,3.499580768257279e-16,1.209383960480329e-10
6,369,0.0,1.7511986663559e-16,1.0663930036270508e-10
6,370,0.0,4.579182125326096e-16,1.18762525959239e-10
6,371,0.0,4.57541214234331e-16,1.2834636484102865e-10
6,372,0.0,3.018500199652584e-16,1.0789809742243016e-10
6,373,0.0,3.079943568522428e-16,1.0788971578402425e-10
6,374,0.0,3.2253841922478156e-16,1.3329429229086388e-10
6,375,0.0,8.177755391310704e-16,1.370360010556987e-10
6,376,0.0,3.9471512357794177e-16,1.1523344939013112e-10
6,377,0.0,3.174150732695221e-16,1.0502648003592071e-10
6,378,0.0,2.841823977166796e-16,9.316864261597763e-11
6,379,0.0,5.366869087455198e-16,1.0560182879646343e-10
6,380,0.0,4.373771479125257e-16,1.3966354841832707e-10
6,381,0.0,2.5003445110377327e-16,1.1434654333791583e-10
6,382,0.0,3.853609547007266e-16,1.1910014644872447e-10
6,383,0.0,2.1809595914298412e-16,1.7262316721377877e-10
6,384,0.0,4.2751515877029806e-16,9.742584041408802e-11
6,385,0.0,5.30403167717203e-16,1.275829814852774e-10
6,386,0.0,4.764913737770312e-16,1.0393305096567133e-10
6,387,0.0,2.781324729660948e-16,1.4278383567908873e-10
6,388,0.0,2.7510242291670353e-16,9.236845997810893e-11
6,389,0.0,3.06147899391081e-16,1.0289878694715752e-10
6,390,0.0,6.301530434470874e-16,1.2802903044892784e-10
6,391,0.0,6.661338147750939e-16,1.185826462097941e-10
6,392,0.0,1.1707458404032483e-16,1.1668365262526303e-10
6,393,0.0,4.434225756841178e-16,1.494852099514068e-10
6,394,0.0,5.678440763176882e-16,9.462071901817e-11
6,395,0.0,1.2025565586039967e-16,9.60427361852286e-11
6,396,0.0,4.432557604889171e-16,1.762587321208002e-10
6,397,0.0,1.0393156732239849e-16,8.578859884686782e-11
6,398,0.0,6.357614382082449e-16,1.1329137498448609e-10
6,399,0.0,4.440892098500626e-16,1.2753720427120134e-10
6,400,0.0,4.206558709947933e-16,1.1919349144731858e-10
6,401,0.0,1.9578996300393833e-16,1.0580415836582831e-10
6,402,0.0,2.503300584398408e-16,9.566085157095922e-11
6,403,0.0,2.9424052125430657e-16,1.447299547905804e-10
6,404,0.0,2.6506211417561425e-16,1.1177710344906312e-10
6,405,0.0,1.779476602083803e-16,9.818443340609523e-11
6,406,0.0,4.463041323674983e-16,1.5916689405420378e-10
6,407,0.0,4.3324310916161667e-16,1.180789157134988e-10
6,408,0.0,2.932334201094587e-16,1.0360708664121691e-10
6,409,0.0,6.737142148875439e-16,1.416196302619108e-10
6,410,0.0,4.331862045696379e-16,1.1337062539322972e-10
6,411,0.0,4.872348803861935e-16,1.2604526708386312e-10
6,412,0.0,4.132655151114705e-16,1.2594034961887598e-10
6,413,0.0,4.309324627707732e-16,1.3034110855237847e-10
6,414,0.0,4.2456414926722344e-16,1.1013433022973719e-10
6,415,0.0,2.1476431512739968e-16,1.0955659801624006e-10
6,416,0.0,4.756628726090585e-16,9.147054589644388e-11
6,417,0.0,3.041889527778678e-16,9.879854593752129e-11
6,418,0.0,2.7552774120926246e-16,9.829351546084846e-11
6,419,0.0,6.392802614746215e-16,1.584495163263684e-10
6,420,0.0,1.6282850483380495e-16,1.2152733467074266e-10
6,421,0.0,2.1696269109857358e-16,1.0485727648532362e-10
6,422,0.0,2.249674586481021e-16,1.2722546968960013e-10
6,423,0.0,4.544597295120616e-16,1.2294397943863343e-10
6,424,0.0,3.7115338550822784e-16,1.033535488984984e-10
6,425,0.0,5.943997627235905e-16,1.235200349530858e-10
6,426,0.0,3.5789843459459525e-16,1.0234377708457808e-10
6,427,0.0,3.9794952785889584e-16,1.0906932288717869e-10
6,428,0.0,5.239970408537518e-16,1.057413950711006e-10
6,429,0.0,1.7016680610463068e-16,9.85166260989442e-11
6,430,0.0,3.266773474461154e-16,1.0173713914444984e-10
6,431,0.0,4.30789424142751e-16,1.1352796982920578e-10
6,432,0.0,5.96800384305579e-16,1.0396448982717107e-10
6,433,0.0,3.7662587739035294e-16,1.456297441408547e-10
6,434,0.0,6.095114293862915e-16,1.1244071370206105e-10
6,435,0.0,3.3068994993235396e-16,1.353645122663533e-10
6,436,0.0,2.140744922046603e-16,1.208314602524351e-10
6,437,0.0,4.3816551987595256e-16,1.0677797011369924e-10
6,438,0.0,5.308677409583355e-16,1.3120677818316024e-10
6,439,0.0,2.227374134882041e-16,9.940737042989722e-11
6,440,0.0,4.2918413457291997e-16,1.5921190320959005e-10
6,441,0.0,2.4191655256737565e-16,9.18622820840776e-11
6,442,0.0,3.5455941789487793e-16,9.910526072180227e-11
6,443,0.0,6.641695246232505e-16,1.0539075493936418e-10
6,444,0.0,6.007527479243128e-16,1.3192434578738324e-10
6,445,0.0,2.904883215472872e-16,9.796133314525487e-11
6,446,0.0,2.3968992597322275e-16,1.1631213493520738e-10
6,447,0.0,3.723470210604522e-16,1.0701251266725862e-10
6,448,0.0,3.1488085846072943e-16,1.2075752101244818e-10
6,449,0.0,2.485325434955902e-16,1.2040719911251517e-10
6,450,0.0,6.182257747615997e-16,9.005485831445035e-11
6,451,0.0,4.235759107069285e-16,1.0757909804699622e-10
6,452,0.0,4.467871829807209e-16,1.0474136271385623e-10
6,453,0.0,5.65799978879464e-16,1.0471189422370819e-10
6,454,0.0,2.9607797637224715e-16,1.0670832335455644e-10
6,455,0.0,2.5219419200973695e-16,9.576733967920488e-11
6,456,0.0,4.363614339028161e-16,1.1308899301443154e-10
6,457,0.0,2.570352131756654e-16,1.1759495834111464e-10
6,458,0.0,4.970030894746323e-16,1.1964892720587843e-10
6,459,0.0,3.425897131481237e-16,1.1860659940190943e-10
6,460,0.0,5.891090684165954e-16,1.0416476292406803e-10
6,461,0.0,3.3682051441694696e-16,1.1082704554349264e-10
6,462,0.0,3.327707162152336e-16,1.1469507177639837e-10
6,463,0.0,2.5629084320609916e-16,1.5116730433445009e-10
6,464,0.0,2.1286192295389954e-16,1.3414760358061778e-10
6,465,0.0,3.1010816617286775e-16,1.0479917806809426e-10
6,466,0.0,2.4069061620089815e-16,1.1621254210683277e-10
6,467,0.0,4.422535479656829e-16,1.1262697994162508e-10
6,468,0.0,1.5503420817984882e-16,1.2236450393975674e-10
6,469,0.0,2.217112878420589e-16,1.2092657549616905e-10
6,470,0.0,1.7177988309439343e-16,1.038419768327963e-10
6,471,0.0,3.0759389594064625e-16,1.0159662852144337e-10
6,472,0.0,8.528941096214262e-16,1.2700346870937604e-10
6,473,0.0,2.6799873176947e-16,9.989044536259243e-11
6,474,0.0,3.730085014558729e-16,9.766469693059999e-11
6,475,0.0,5.058037685945898e-16,1.1150049656310805e-10
6,476,0.0,3.990630216413089e-16,1.5719894015966033e-10
6,477,0.0,2.46059087366658e-16,1.4136328723083882e-10
6,478,0.0,2.1041582237448135e-16,1.1714915734174181e-10
6,479,0.0,4.4403369522895067e-16,1.0737930170418564e-10
6,480,0.0,5.478250365125883e-16,1.4686041395875777e-10
6,481,0.0,1.6184142622847344e-16,1.2688839767306072e-10
6,482,0.0,4.588324902193147e-16,1.20821925441143e-10
6,483,0.0,1.4213456562231563e-16,1.1140612158735399e-10
6,484,0.0,1.18902760841613e-16,1.0117093524894409e-10
6,485,0.0,4.667164208104873e-16,1.2957307936915284e-10
6,486,0.0,3.1486128544697556e-16,2.0985277849402066e-10
6,487,0.0,4.3261674697552456e-16,1.0289700687419285e-10
6,488,0.0,3.090331266034739e-16,1.0213549871492619e-10
6,489,0.0,3.2917691429244006e-16,1.0102682584550234e-10
6,490,0.0,4.077406476859135e-16,1.1004423037076832e-10
6,491,0.0,4.2100734511626527e-16,1.2384226315995114e-10
6,492,0.0,1.637814161174137e-16,1.1501582882609339e-10
6,493,0.0,2.1158415907456878e-16,1.2102131528593284e-10
6,494,0.0,3.1010816617286775e-16,9.384789145119186e-11
6,495,0.0,3.3240010610334944e-16,1.0631032207821932e-10
6,496,0.0,4.887503891172238e-16,1.5844425504352733e-10
6,497,0.0,2.577774336772445e-16,1.0008344005449359e-10
6,498,0.0,3.5961630197985967e-16,1.1752238743876344e-10
6,499,0.0,2.56627277650507e-16,1.230724433157768e-10
6,500,0.0,2.710854546116314e-16,1.0711199032367976e-10
6,501,0.0,3.889268293344251e-16,1.2053938815914742e-10
6,502,0.0,2.8071303649918477e-16,1.559092828627122e-10
6,503,0.0,4.667164208104873e-16,1.2032362845668079e-10
6,504,0.0,4.1516997457763135e-16,1.0840286898124213e-10
6,505,0.0,2.698550023868645e-16,1.2830621024219868e-10
6,506,0.0,3.3395390471683445e-16,9.841318970197541e-11
6,507,0.0,1.292110734492368e-16,8.420257939881099e-11
6,508,0.0,6.804861140131619e-16,9.83351609173328e-11
6,509,0.0,6.21129846698459e-16,1.279847617456416e-10
6,510,0.0,4.495512241739621e-16,1.3382785669947012e-10
6,511,0.0,4.3754620434398043e-16,1.0269383830317571e-10
6,512,0.0,1.673088048600606e-16,1.038885300412437e-10
6,513,0.0,1.7997944582823285e-16,1.2741965407204335e-10
6,514,0.0,6.78599700429322e-16,1.0372139133323092e-10
6,515,0.0,6.885531236134421e-16,1.212518402250884e-10
6,516,0.0,3.7266137064878393e-16,1.3356664566600479e-10
6,517,0.0,2.5987283247370254e-16,1.2873947610182127e-10
6,518,0.0,3.2138991082076027e-16,1.8148905995256692e-10
6,519,0.0,3.114962140093912e-16,1.2994333931464538e-10
6,520,0.0,2.8608446115907795e-16,1.3903346583797448e-10
6,521,0.0,5.135426577965063e-16,1.2641938784824337e-10
6,522,0.0,2.640370854613172e-16,1.0743605637996687e-10
6,523,0.0,4.463593646098196e-16,1.1413246709599302e-10
6,524,0.0,2.7031137849912315e-16,1.1690095000148099e-10
6,525,0.0,3.3106247449559173e-16,1.1748211228917968e-10
6,526,0.0,3.457769959779852e-16,1.1525907139929156e-10
6,527,0.0,4.514664288587569e-16,1.502645290536955e-10
6,528,0.0,6.666886951834896e-16,1.146011825242449e-10
6,529,0.0,4.60762619054112e-16,1.0641444667652201e-10
6,530,0.0,3.5464631758439996e-16,9.999515586315646e-11
6,531,0.0,1.4774728546292377e-16,1.1607703556923764e-10
6,532,0.0,3.7068815590491285e-16,1.0884220885565906e-10
6,533,0.0,6.269369553841671e-16,1.2090670186449742e-10
6,534,0.0,2.6176318532106713e-16,1.0194575802087069e-10
6,535,0.0,5.600632262865549e-16,1.3794365292406027e-10
6,536,0.0,4.1918822340087323e-16,9.831963708830301e-11
6,537,0.0,6.736044328252381e-16,1.31021606557186e-10
6,538,0.0,8.014241625192196e-16,1.2204018934794608e-10
6,539,0.0,4.2206001132566413e-16,1.1010625036617895e-10
6,540,0.0,6.390488477977271e-16,1.1977620490339215e-10
6,541,0.0,4.453087805668465e-16,1.3637604039922959e-10
6,542,0.0,4.522302396772547e-16,1.0352800773882574e-10
6,543,0.0,2.8051537443747346e-16,1.0691133119350979e-10
6,544,0.0,4.954630692024014e-16,1.5075882784230207e-10
6,545,0.0,6.419355227472819e-16,1.046812573722253e-10
6,546,0.0,6.657266085372281e-16,8.906881427014449e-11
6,547,0.0,5.214976481969442e-16,1.1287815005388521e-10
6,548,0.0,4.1045232009487085e-16,1.2475829255743726e-10
6,549,0.0,6.529772731664991e-16,1.258272528850411e-10
6,550,0.0,1.2643875704217266e-16,1.1511753008594844e-10
6,551,0.0,6.616780201863e-16,1.2284709678424787e-10
6,552,0.0,4.175383336339834e-16,1.502319771177857e-10
6,553,0.0,2.2000911823443937e-16,9.32926893025749e-11
6,554,0.0,3.9527681824303417e-16,1.4937516596823768e-10
6,555,0.0,3.686542320760843e-16,1.608193478875763e-10
6,556,0.0,7.016398710624188e-16,1.4249723272455912e-10
6,557,0.0,6.559529861137044e-16,1.3032346455873854e-10
6,558,0.0,7.628129031509947e-16,1.0431155848204535e-10
6,559,0.0,3.369668626812574e-16,1.0613429861011769e-10
6,560,0.0,4.2124149827403204e-16,1.1773125204173244e-10
6,561,0.0,4.1463522948683976e-16,1.0050860289851665e-10
6,562,0.0,2.7492314468136036e-16,1.1270481882723913e-10
6,563,0.0,2.2774460370836785e-16,1.1092843469580626e-10
6,564,0.0,2.169910949333616e-16,9.871519943774166e-11
6,565,0.0,2.311824524671446e-16,1.3135857798469165e-10
6,566,0.0,8.235131203916478e-16,1.1702771033641324e-10
6,567,0.0,2.762648956710441e-16,1.0012858586193684e-10
6,568,0.0,1.7483809675615383e-16,1.1761040185867527e-10
6,569,0.0,4.531559934397256e-16,1.6916363121805907e-10
6,570,0.0,3.852169931909271e-16,1.062693749257651e-10
6,571,0.0,4.862219169611978e-16,1.1459314019969884e-10
6,572,0.0,3.114170636551699e-16,1.3515153081917894e-10
6,573,0.0,2.505269362197342e-16,1.2793994296566857e-10
6,574,0.0,6.21129846698459e-16,1.0776826717241691e-10
6,575,0.0,2.740249941441931e-16,1.1573394258896752e-10
6,576,0.0,3.228058165508144e-16,1.235124926264742e-10
6,577,0.0,3.026656118867652e-16,1.3691772381964705e-10
6,578,0.0,2.895107444979072e-16,1.2724749149196614e-10
6,579,0.0,3.617351277572242e-16,1.0901278294339991e-10
6,580,0.0,4.817395744120535e-16,1.5259752216731152e-10
6,581,0.0,1.1252139109698958e-16,1.9054901005995396e-10
6,582,0.0,1.0116136294305261e-16,9.386230501561472e-11
6,583,0.0,2.7379999616377694e-16,1.474264887425237e-10
6,584,0.0,4.090083320831384e-16,9.231389644735736e-11
6,585,0.0,3.920203631169794e-16,1.1502519845831124e-10
6,586,0.0,3.7610187591587825e-16,1.330058121450067e-10
6,587,0.0,2.216000707355663e-16,1.183500710319492e-10
6,588,0.0,2.7158515172623964e-16,1.0757570379930991e-10
6,589,0.0,9.00855513523737e-16,1.147999550271946e-10
6,590,0.0,1.216695028531721e-16,1.361961638748096e-10
6,591,0.0,6.627947771331266e-16,8.98416304861922e-11
6,592,0.0,1.9532511826780853e-16,9.809795133240987e-11
6,593,0.0,4.231100585882985e-16,1.0790861415433349e-10
6,594,0.0,3.0148228376379506e-16,1.1396458461889537e-10
6,595,0.0,2.612918792395771e-16,1.1052227652183464e-10
6,596,0.0,1.3683245429120589e-16,8.63575970085885e-11
6,597,0.0,2.5089566565867163e-16,9.808515931547636e-11
6,598,0.0,3.4939408278182327e-16,1.237574790100901e-10
6,599,0.0,2.7575132944796313e-16,9.814222150825265e-11
6,600,0.0,4.3630493601510563e-16,1.1142750455882651e-10
6,601,0.0,4.808175839508501e-16,1.0945043133140848e-10
6,602,0.0,2.432376777795247e-16,9.696539956145811e-11
6,603,0.0,3.8388680344158777e-16,1.235639987665136e-10
6,604,0.0,3.50942885421019e-16,1.4109334673839418e-10
6,605,0.0,3.9019245854790078e-16,1.2331160373826783e-10
6,606,0.0,4.051933808678556e-16,1.2315885221635072e-10
6,607,0.0,6.605593752270663e-16,1.3876930746238421e-10
6,608,0.0,3.0501849617605666e-16,1.2774283165110354e-10
6,609,0.0,3.298689150464519e-16,1.7175149655677634e-10
6,610,0.0,4.965068306494546e-16,1.4241182854585385e-10
6,611,0.0,2.4058817286099445e-16,1.278948016466878e-10
6,612,0.0,2.0974108185502307e-16,1.2174338002529435e-10
6,613,0.0,6.840271371877088e-16,1.2982695777691877e-10
6,614,0.0,5.053649355320396e-16,1.531766839534388e-10
6,615,0.0,4.3748985945876274e-16,1.3810279319043657e-10
6,616,0.0,4.1801039521338953e-16,1.1706630743005036e-10
6,617,0.0,4.1415932088870553e-16,1.0910805201449057e-10
6,618,0.0,2.3601054103490777e-16,1.1831666197877673e-10
6,619,0.0,4.395137246616939e-16,1.9016212463068833e-10
6,620,0.0,5.257348568116936e-16,1.2409422901359891e-10
6,621,0.0,8.887333578484258e-16,1.2292570045896898e-10
6,622,0.0,3.4527757572933317e-16,1.1298478901462716e-10
6,623,0.0,2.2315206618374915e-16,1.0034404746311635e-10
6,624,0.0,2.318213734067276e-16,1.4423333165745154e-10
6,625,0.0,3.02747050233964e-16,1.104866619388496e-10
6,626,0.0,3.8356558607846806e-16,9.491162731886299e-11
6,627,0.0,4.497705174670892e-16,1.3033254852077415e-10
6,628,0.0,2.850485454054523e-16,1.1085737882955019e-10
6,629,0.0,2.5722695897866607e-16,1.1459447928328577e-10
6,630,0.0,2.1006405424489062e-16,8.986518909612201e-11
6,631,0.0,1.609823385706477e-16,1.1022755565868243e-10
6,632,0.0,1.911390087686135e-16,1.0709891715065801e-10
6,633,0.0,6.985058839259665e-16,1.3574321301136712e-10
6,634,0.0,4.3216064063155325e-16,1.0173743301247434e-10
6,635,0.0,5.214030969046801e-16,1.0288353710871564e-10
6,636,0.0,2.8737410463596867e-16,1.1954132949705996e-10
6,637,0.0,2.4434997393884726e-16,2.1718797223225023e-10
6,638,0.0,3.142931378118898e-16,1.0783020301595265e-10
6,639,0.0,2.643636620678493e-16,1.563382717921125e-10
6,640,0.0,4.1983462042847282e-16,1.031961757209011e-10
6,641,0.0,3.202372833989377e-16,1.4199343785113406e-10
6,642,0.0,4.41416632660789e-16,1.0013838487597066e-10
6,643,0.0,4.439781736663418e-16,1.1580930337347122e-10
6,644,0.0,3.806624325144059e-16,1.1275481663742197e-10
6,645,0.0,3.023600227280862e-16,1.1570749306284995e-10
6,646,0.0,6.689773182202781e-16,1.0116093698510998e-10
6,647,0.0,2.3754621997958736e-16,9.983918304896549e-11
6,648,0.0,3.477675049967958e-16,1.24045421725622e-10
6,649,0.0,3.1315375022548754e-16,8.90088241523638e-11
6,650,0.0,1.6645942237040246e-16,1.0930732401367047e-10
6,651,0.0,4.673498294993458e-16,1.2748765018840702e-10
6,652,0.0,1.5182071523486656e-16,9.645354582681701e-11
6,653,0.0,3.4219371797089426e-16,1.6761099700704813e-10
6,654,0.0,3.809860975949991e-16,1.1544161412848238e-10
6,655,0.0,3.497819263757367e-16,1.159535849873187e-10
6,656,0.0,1.3868903179626066e-16,9.264270214947985e-11
6,657,0.0,3.51556989882399e-16,1.135496585189765e-10
6,658,0.0,2.6015726105114574e-16,1.5896116919411342e-10
6,659,0.0,9.66755027611565e-17,1.0934226617763074e-10
6,660,0.0,2.5433559371059917e-16,9.990198478932577e-11
6,661,0.0,5.457962983880384e-16,1.458079745751504e-10
6,662,0.0,1.7588364659264242e-16,1.0482261876397258e-10
6,663,0.0,8.42307412191741e-16,1.1888502799246505e-10
6,664,0.0,2.912087692897636e-16,1.5931864509168502e-10
6,665,0.0,6.379678074068203e-16,1.2958248181646548e-10
6,666,0.0,1.6682925046984063e-16,1.0566024867637732e-10
6,667,0.0,2.311824524671446e-16,1.4390675984123823e-10
6,668,0.0,1.9648124732211281e-16,1.0069353362145619e-10
6,669,0.0,1.0416201966986572e-16,8.855696996487057e-11
6,670,0.0,2.8426913124463125e-16,1.350167792900688e-10
6,671,0.0,1.7399004924953706e-16,8.921081675936022e-11
6,672,0.0,2.388399133494953e-16,1.4847956441870075e-10
6,673,0.0,2.2112677398284146e-16,1.0499101087015496e-10
6,674,0.0,4.748848400191953e-16,1.1408578276079848e-10
6,675,0.0,3.77083781361765e-16,1.1255902403386226e-10
6,676,0.0,2.6636099125681815e-16,1.568110332325803e-10
6,677,0.0,4.724387075282571e-16,1.0212891567194778e-10
6,678,0.0,5.272332135566328e-16,1.0713500134637413e-10
6,679,0.0,3.044724656107888e-16,1.2069121706254387e-10
6,680,0.0,6.865452576994138e-16,9.551401574214487e-11
6,681,0.0,4.486729791853828e-16,1.164840744750694e-10
6,682,0.0,6.875499236082361e-16,1.0028806343822242e-10
6,683,0.0,3.50257329278791e-16,1.0780898437240861e-10
6,684,0.0,8.854541954141576e-16,1.164779941544532e-10
6,685,0.0,4.394015322604629e-16,1.189022548505647e-10
6,686,0.0,3.504508270522361e-16,1.1131494401207799e-10
6,687,0.0,2.6008618306765504e-16,1.038216334456229e-10
6,688,0.0,6.151477184166451e-16,1.5478698874215274e-10
6,689,0.0,2.43946089408316e-16,1.0980198238561013e-10
6,690,0.0,4.3244576347093067e-16,9.463215040238436e-11
6,691,0.0,2.1378640905408924e-16,1.1380381005276431e-10
6,692,0.0,2.314488838710706e-16,9.959778425676398e-11
6,693,0.0,4.092493505672746e-16,1.1375506912344981e-10
6,694,0.0,1.593856528626256e-16,1.6625685452331104e-10
6,695,0.0,2.921173792021867e-16,1.304447936795594e-10
6,696,0.0,4.454748269764082e-16,1.4041731906209795e-10
6,697,0.0,2.0615499331518023e-16,1.321861767326372e-10
6,698,0.0,1.356109134729386e-16,1.216190381298984e-10
6,699,0.0,2.7474374946181318e-16,1.4945740710675526e-10
6,700,0.0,5.059012353588811e-16,1.1124320843251957e-10
6,701,0.0,1.9701376024837097e-16,8.811394790868232e-11
6,702,0.0,3.370400129833633e-16,1.0563089167073211e-10
6,703,0.0,3.3995311826026575e-16,1.0882283137448607e-10
6,704,0.0,2.281771674479872e-16,1.5486909958580373e-10
6,705,0.0,6.335473852347322e-16,1.2214449971213287e-10
6,706,0.0,6.466798956054601e-16,9.841915958545399e-11
6,707,0.0,6.193412751978645e-16,1.2241993058871501e-10
6,708,0.0,1.4109008436168174e-16,1.5482247792520207e-10
6,709,0.0,2.220446049250313e-16,1.9086364255295408e-10
6,710,0.0,2.30541760835788e-16,9.422027050377951e-11
6,711,0.0,1.952225460429459e-16,1.0896491384830558e-10
6,712,0.0,3.8234249894403415e-16,1.1333570871401603e-10
6,713,0.0,1.623357157714821e-16,9.427110222572827e-11
6,714,0.0,4.4375601794882183e-16,1.268302083301873e-10
6,715,0.0,4.022011802281089e-16,1.1271746046470586e-10
6,716,0.0,4.255500928854305e-16,1.349932196299246e-10
6,717,0.0,5.872649546851158e-16,1.6751293822853437e-10
6,718,0.0,3.5199497997311717e-16,9.178563003843933e-11
6,719,0.0,1.9153358342778446e-16,9.888397301420788e-11
6,720,0.0,2.2182244918664255e-16,8.438425602846165e-11
6,721,0.0,2.040214172631208e-16,1.1142769350988335e-10
6,722,0.0,1.9203970245520144e-16,1.1227705565730425e-10
6,723,0.0,2.1755839288168293e-16,1.126139488332756e-10
6,724,0.0,2.7176663196815983e-16,1.0738079993335802e-10
6,725,0.0,5.202671410957641e-16,1.1417815794663622e-10
6,726,0.0,1.0525183627906632e-16,9.769348597934421e-11
6,727,0.0,6.213282590487356e-16,1.210789580153118e-10
6,728,0.0,4.991313801296316e-16,1.2324971271280718e-10
6,729,0.0,1.4753857327303356e-16,1.0989799667293022e-10
6,730,0.0,4.697175049207787e-16,1.212302162100095e-10
6,731,0.0,3.7393260816679835e-16,9.521393960537455e-11
6,732,0.0,4.1075251198762484e-16,1.6249327941129435e-10
6,733,0.0,6.898050719355426e-16,1.1762523382837555e-10
6,734,0.0,2.0841461943379107e-16,1.2501717949655379e-10
6,735,0.0,3.2810800304073653e-16,1.1648118405868785e-10
6,736,1.1102230246251565e-16,2.3514722850872664e-16,1.1513616363956211e-10
6,737,0.0,4.1936461230975286e-16,1.2501455665770463e-10
6,738,0.0,4.028748332289114e-16,1.1802040678865885e-10
6,739,0.0,1.0764011587430408e-16,1.279624893162088e-10
6,740,0.0,1.4795570323540446e-16,1.0159098226653496e-10
6,741,0.0,3.3137879110934915e-16,9.910790821708262e-11
6,742,0.0,2.7357481313681546e-16,1.1321308473278917e-10
6,743,0.0,1.6734563673829659e-16,1.1634701779837851e-10
6,744,0.0,2.9757290973987966e-16,8.642995364791062e-11
6,745,0.0,4.869818370658875e-16,1.084200585254513e-10
6,746,0.0,2.709717585723178e-16,1.2198658594539695e-10
6,747,0.0,4.3244576347093067e-16,1.4537138483694115e-10
6,748,0.0,3.132324617386636e-16,1.0098668180664122e-10
6,749,0.0,4.1001665145891824e-16,1.2078893418920696e-10
6,750,0.0,1.6373437276842733e-16,8.736519013896273e-11
6,751,0.0,3.941213551923758e-16,1.2820624739070747e-10
6,752,0.0,2.0909364046174568e-16,1.0054026912861034e-10
6,753,0.0,3.0990936612283627e-16,1.0550180071371978e-10
6,754,0.0,4.311898127266891e-16,1.4058007407013155e-10
6,755,0.0,2.7067592536537393e-16,1.8925757241274753e-10
6,756,0.0,1.857011879666366e-16,1.186244823442257e-10
6,757,0.0,1.7554167342883506e-16,7.918191754899958e-11
6,758,0.0,2.365582813264324e-16,1.1506540202427226e-10
6,759,0.0,2.3498992183808827e-16,1.4359370087768434e-10
6,760,0.0,2.2081998257398217e-16,1.0956674819544823e-10
6,761,0.0,6.620504818089213e-16,1.330244336042419e-10
6,762,0.0,2.0758498728881568e-16,1.0712347876415951e-10
6,763,0.0,1.0322872847368883e-16,9.07364836281e-11
6,764,0.0,5.20740757162067e-16,9.296880968105932e-11
6,765,0.0,4.440892098500626e-16,1.2283161576645655e-10
6,766,0.0,4.3244576347093067e-16,1.1104934646380072e-10
6,767,0.0,4.584562437515966e-16,1.2164629338687187e-10
6,768,0.0,4.76749985125122e-16,1.2181545754511325e-10
6,769,0.0,2.595168583796511e-16,1.5532370512716656e-10
6,770,0.0,2.1919525430222537e-16,1.0256172564093871e-10
6,771,0.0,5.342007417288945e-16,1.2657653134555776e-10
6,772,0.0,2.4680934549776475e-16,9.99024251797538e-11
6,773,0.0,4.025075259045044e-16,1.6209669964338796e-10
6,774,0.0,2.7330434859898326e-16,1.088726906401128e-10
6,775,0.0,3.526247299686481e-16,1.3149665574598666e-10
6,776,0.0,1.7313784796629086e-16,1.4461746465565398e-10
6,777,0.0,4.689821757134628e-16,1.4990204338953899e-10
6,778,0.0,3.7126960182019713e-16,9.998598794112858e-11
6,779,0.0,4.3324310916161667e-16,1.1442105765640039e-10
6,780,0.0,8.1318057883935795e-16,9.239328257542565e-11
6,781,0.0,4.422535479656829e-16,1.3647242106536964e-10
6,782,0.0,4.4375601794882183e-16,9.160537656906184e-11
6,783,0.0,2.2315206618374915e-16,1.1687764454900977e-10
6,784,0.0,4.872348803861935e-16,1.3913337884435406e-10
6,785,0.0,3.264131216900033e-16,1.0921851182280227e-10
6,786,0.0,4.949154585089499e-16,1.2285890971818815e-10
6,787,0.0,5.803822934319861e-16,1.3902191506600847e-10
6,788,0.0,6.659487518975748e-16,1.1427530320971554e-10
6,789,0.0,3.4918235015994525e-16,1.2960764275629806e-10
6,790,0.0,3.454917013782738e-16,1.2268081012562984e-10
6,791,0.0,2.658978349487509e-16,1.4198356129175742e-10
6,792,0.0,4.658176174667019e-16,1.2632916128165388e-10
6,793,0.0,1.2332973821748198e-16,9.405368051228984e-11
6,794,0.0,6.530150251552664e-16,1.0726016108413044e-10
6,795,0.0,2.6084334968580716e-16,1.1621781265199904e-10
6,796,0.0,4.717598784185425e-16,1.2256595869377626e-10
6,797,0.0,1.8945493181111975e-16,1.3083606786347525e-10
6,798,0.0,4.4024227835532487e-16,1.4232749077318376e-10
6,799,0.0,4.1266856908975506e-16,1.2292705451901052e-10
6,800,0.0,5.706589545749273e-16,1.1515886291671703e-10
6,801,0.0,2.9630685709373954e-16,1.3191167713894927e-10
6,802,0.0,2.6994633933393313e-16,1.301081516562595e-10
6,803,0.0,2.2040094244197918e-16,9.994725574003592e-11
6,804,0.0,2.4017796254920324e-16,1.1005834488284632e-10
6,805,0.0,2.679297340257555e-16,1.0722868684822469e-10
6,806,0.0,3.8702062526284e-16,1.4263394236222432e-10
6,807,0.0,4.812275755699617e-16,1.0291517072871118e-10
6,808,0.0,3.827291592474065e-16,1.3319556080781956e-10
6,809,0.0,4.670860135994077e-16,1.0755099605402455e-10
6,810,0.0,4.677189217672318e-16,1.1708306059619612e-10
6,811,0.0,1.0826658537243884e-16,8.970753154078499e-11
6,812,0.0,4.440892098500626e-16,1.4457532388749723e-10
6,813,0.0,2.300600711980944e-16,1.1001676420744369e-10
6,814,0.0,2.6284398217394842e-16,1.1520730620927715e-10
6,815,0.0,1.9029883323421108e-16,1.6895965570848272e-10
6,816,0.0,4.841387161380435e-16,1.7792943658073935e-10
6,817,0.0,3.239112538866079e-16,1.2567589661419547e-10
6,818,0.0,3.6214379118382415e-16,8.801873373340736e-11
6,819,0.0,3.39517745891758e-16,1.373085778379261e-10
6,820,0.0,6.630922613389191e-16,1.1527738944087481e-10
6,821,0.0,3.385725185095924e-16,1.0662340600182688e-10
6,822,0.0,4.367002677319761e-16,1.1086013182818938e-10
6,823,0.0,2.323789881910735e-16,1.4478198981758306e-10
6,824,0.0,6.030054506389723e-16,1.246224372531413e-10
6,825,0.0,7.323433675108524e-16,1.566911984557674e-10
6,826,0.0,4.445330772370752e-16,1.3097242185737814e-10
6,827,0.0,2.6765356518339736e-16,1.4714660336765915e-10
6,828,0.0,2.69031574455542e-16,1.3433868591759412e-10
6,829,0.0,2.5621869263650744e-16,1.2432196328268305e-10
6,830,0.0,3.162869322993594e-16,1.6387434021292875e-10
6,831,0.0,2.2165568626429628e-16,1.1073085575979149e-10
6,832,0.0,4.443666789242129e-16,1.6213476099036507e-10
6,833,0.0,2.0900519760669476e-16,1.4829560854320854e-10
6,834,0.0,3.240444137088358e-16,1.509864880661335e-10
6,835,0.0,1.0878234317307702e-16,1.1440345217836648e-10
6,836,0.0,2.1237640771421283e-16,1.8905081500878424e-10
6,837,0.0,1.7609376152660834e-16,8.599007082886087e-11
6,838,0.0,3.1228661419911613e-16,1.2059119404903317e-10
6,839,0.0,4.08706859106315e-16,9.76439822437659e-11
6,840,0.0,3.209101525135568e-16,1.1444196127524427e-10
6,841,0.0,3.890535775305011e-16,1.1730017693145836e-10
6,842,0.0,5.161283434687736e-16,1.597018547754504e-10
6,843,0.0,3.792350244678169e-16,1.1796410744955922e-10
6,844,0.0,1.4573130989168707e-16,1.1054991008183765e-10
6,845,0.0,6.583163827566448e-16,1.3043331550766048e-10
6,846,0.0,2.0627453811694338e-16,1.3665702513221973e-10
6,847,0.0,3.3494896904513795e-16,1.0503141958343159e-10
6,848,0.0,6.079725634456051e-16,1.232206161571398e-10
6,849,0.0,2.8835892528401523e-16,1.0744654872542787e-10
6,850,0.0,5.573275351449751e-16,9.561048842889055e-11
6,851,0.0,6.521839766000498e-16,1.0373919575993112e-10
6,852,0.0,3.1511563979703524e-16,2.0631125011328788e-10
6,853,0.0,2.3519964068557473e-16,9.967284369234937e-11
6,854,0.0,3.959622518784791e-16,1.0479693189894553e-10
6,855,0.0,4.864753555590494e-16,1.351878801769666e-10
6,856,0.0,4.3934542531619277e-16,1.1111098666856431e-10
6,857,0.0,5.343391655900117e-16,9.832124473144411e-11
6,858,0.0,2.8435583831733386e-16,1.4460667794407604e-10
6,859,0.0,1.5716617668802958e-16,1.2871079582375811e-10
6,860,0.0,4.001118093149577e-16,1.1784316312000142e-10
6,861,0.0,2.552064428797004e-16,2.0055591799583508e-10
6,862,0.0,5.326757051402689e-16,1.0811858968055271e-10
6,863,0.0,2.6884824797806513e-16,1.1911823009686683e-10
6,864,0.0,3.1346847769208356e-16,1.2092980332614009e-10
6,865,0.0,6.191422260925477e-16,1.1118166667445079e-10
6,866,0.0,4.788138475230814e-16,1.6041460143992322e-10
6,867,0.0,5.279341043879423e-16,1.6831364280666393e-10
6,868,0.0,1.4131922428076755e-16,9.287068556008664e-11
6,869,0.0,2.6601369962589064e-16,1.0615674610588365e-10
6,870,0.0,1.1345208241512702e-16,9.2549104773412e-11
6,871,0.0,2.6636099125681815e-16,1.384899256006484e-10
6,872,0.0,4.2299351539407877e-16,1.245935559624761e-10
6,873,0.0,4.806124569859041e-16,1.2885304680956638e-10
6,874,0.0,6.437379080603478e-16,1.1005303837465447e-10
6,875,0.0,2.7512482448206104e-16,1.069628773870923e-10
6,876,0.0,6.246916271661717e-16,1.239850375489891e-10
6,877,0.0,4.970030894746323e-16,1.127720422358358e-10
6,878,0.0,1.6068536711982532e-16,1.4546079028646077e-10
6,879,0.0,3.44312362416375e-16,1.3837768646576378e-10
6,880,0.0,3.258840274781486e-16,9.641049345360995e-11
6,881,0.0,6.101178080101948e-16,1.1278562188876876e-10
6,882,0.0,2.6150407209324e-16,1.0518442841099694e-10
6,883,0.0,4.713939501515094e-16,1.3236931373192186e-10
6,884,0.0,2.5363190183895383e-16,1.0664255940738899e-10
6,885,0.0,5.749626275630271e-16,1.1628601958214829e-10
6,886,0.0,4.7932842461679625e-16,1.3998612869860783e-10
6,887,0.0,3.4176119993247635e-16,9.885228119171083e-11
6,888,0.0,3.8510498592143704e-16,1.4752213730153513e-10
6,889,0.0,6.371945128106012e-16,1.1118812835382055e-10
6,890,0.0,2.363497680366175e-16,1.303041674262199e-10
6,891,0.0,4.1320585931684554e-16,9.594986530237989e-11
6,892,0.0,2.0817791905141943e-16,1.1757573545129276e-10
6,893,0.0,6.900551890349301e-16,1.2179207244565339e-10
6,894,0.0,1.3950870096879136e-16,1.3823553282747096e-10
6,895,0.0,3.846085616319322e-16,1.0965576098666471e-10
6,896,0.0,4.002966042486721e-16,1.275878163634143e-10
6,897,0.0,3.2217516787422247e-16,1.7597122741189276e-10
6,898,0.0,3.984447981536823e-16,1.1841112170440737e-10
6,899,0.0,2.672848961858449e-16,9.846393924659511e-11
6,900,0.0,3.896234341623569e-16,1.2308486907780349e-10
6,901,0.0,3.115753442568278e-16,9.345004674311427e-11
6,902,0.0,2.644102829415153e-16,1.2940702148359067e-10
6,903,0.0,1.1859136067139692e-16,9.728302544739628e-11
6,904,0.0,4.400742576335935e-16,9.884505307322134e-11
6,905,0.0,4.0085047789943425e-16,1.4267209885224932e-10
6,906,0.0,3.3417528618278984e-16,1.2858380491526525e-10
6,907,0.0,1.9785657032707485e-16,1.6057842312472997e-10
6,908,0.0,3.3031700524402496e-16,1.4034924245753937e-10
6,909,0.0,2.0362834117744866e-16,1.2224839641119138e-10
6,910,0.0,8.91834630236506e-16,1.2048302126960314e-10
6,911,0.0,3.7393260816679835e-16,1.4001472895465693e-10
6,912,0.0,3.025026694190274e-16,1.5437482178704882e-10
6,913,0.0,2.9992464903452586e-16,1.289320457068872e-10
6,914,0.0,5.983267832469231e-16,1.5507851091942242e-10
6,915,0.0,2.595168583796511e-16,1.5110921747015823e-10
6,916,0.0,3.0967063759893227e-16,9.982967086269371e-11
6,917,0.0,4.997237039695301e-16,1.1680846010253157e-10
6,918,0.0,5.2446728867418565e-16,1.2916839642486833e-10
6,919,0.0,3.3113692911803216e-16,1.247658486522598e-10
6,920,0.0,2.2631263899538706e-16,1.1934618261978344e-10
6,921,0.0,3.5023973327118e-16,1.0741259569260063e-10
6,922,0.0,5.107508596128579e-16,1.3161815973648262e-10
6,923,0.0,4.471870296347228e-16,1.217726441019606e-10
6,924,0.0,4.665579342744296e-16,1.5361949569747524e-10
6,925,0.0,1.8387518962520964e-16,1.0926996172945014e-10
6,926,0.0,4.896070951018122e-16,1.281171835177497e-10
6,927,0.0,3.16442777064815e-16,1.0034927680152547e-10
6,928,0.0,4.47297269259135e-16,1.0745603535398892e-10
6,929,0.0,1.9191129073742896e-16,1.0893761344292948e-10
6,930,0.0,4.614576260103379e-16,1.335370685751302e-10
6,931,0.0,4.1747928840514626e-16,1.4391228882899803e-10
6,932,0.0,4.493318238562707e-16,1.177809100388029e-10
6,933,0.0,1.6467268631127714e-16,1.0287128376775377e-10
6,934,0.0,2.324850488940813e-16,1.019202421278763e-10
6,935,0.0,6.112077735342749e-16,1.0432034701825137e-10
6,936,0.0,2.480547330877581e-16,1.1213733632731397e-10
6,937,0.0,1.3844441052834805e-16,1.692375709546441e-10
6,938,0.0,3.8156800287740715e-16,1.2817651670089303e-10
6,939,0.0,4.743654426855877e-16,1.1568726523852026e-10
6,940,0.0,6.687193175370075e-16,1.0656142508891289e-10
6,941,0.0,2.3478001565788814e-16,1.20016830082765e-10
6,942,0.0,4.526116617196043e-16,1.1552828881680267e-10
6,943,0.0,5.457962983880384e-16,1.7420964223261593e-10
6,944,0.0,1.8283320502233827e-16,9.833658461469946e-11
6,945,0.0,3.440616799205167e-16,1.3280291307018125e-10
6,946,0.0,3.2975679735838477e-16,1.3257387775240878e-10
6,947,0.0,2.2059659356123603e-16,1.1140713575135762e-10
6,948,0.0,2.7366490858241177e-16,1.1200125495863978e-10
6,949,0.0,1.423512012694826e-16,9.206410417769403e-11
6,950,0.0,4.639085208374678e-16,1.0065064638873046e-10
6,951,0.0,2.8051537443747346e-16,1.0847163028399434e-10
6,952,0.0,4.439226451596314e-16,1.3978838459915743e-10
6,953,0.0,5.469243041760828e-16,1.225521912688417e-10
6,954,0.0,2.1981294421572852e-16,1.2585199243673774e-10
6,955,0.0,3.781283367737842e-16,1.0711724548542845e-10
6,956,0.0,4.23808644741361e-16,1.31647872350025e-10
6,957,0.0,2.107962420843937e-16,1.1109018014242559e-10
6,958,0.0,2.6788372565690493e-16,1.0036536072538789e-10
6,959,0.0,1.4484049743846257e-16,1.1123354349353414e-10
6,960,0.0,3.4939408278182327e-16,1.1215181269622336e-10
6,961,0.0,4.517939344722733e-16,1.1649626721417503e-10
6,962,0.0,2.47855891586394e-16,1.0387760183488881e-10
6,963,0.0,4.1534806994919335e-16,1.427997073259643e-10
6,964,0.0,2.704481411582647e-16,1.2410418913735574e-10
6,965,0.0,1.9872682020207264e-16,1.1318407676212083e-10
6,966,0.0,2.1792634463192772e-16,1.1164648757939488e-10
6,967,0.0,2.5003445110377327e-16,8.897376484223643e-11
6,968,0.0,4.4286628067688113e-16,1.3289604380749997e-10
6,969,0.0,1.9284033838951917e-16,1.0779691728740211e-10
6,970,0.0,5.052185731399565e-16,1.2680669508538304e-10
6,971,0.0,3.1401849173675503e-16,1.1852921525695068e-10
6,972,0.0,2.894468747884493e-16,9.873670332825606e-11
6,973,0.0,2.5908904387034676e-16,1.250823595553529e-10
6,974,0.0,3.9695713347652176e-16,1.1522080452181978e-10
6,975,0.0,3.7551150023435484e-16,1.5470938267181745e-10
6,976,0.0,8.542226509110116e-16,9.865484474764375e-11
6,977,0.0,2.682056184997641e-16,1.0426058665928621e-10
6,978,0.0,3.635874466792547e-16,1.2536713331937293e-10
6,979,0.0,3.833084183753514e-16,1.1126633914612131e-10
6,980,0.0,2.6916898737390293e-16,1.356935061569114e-10
6,981,0.0,1.4784110982017778e-16,1.058217642587054e-10
6,982,0.0,3.453489656971651e-16,1.4573696463145322e-10
6,983,0.0,7.010071612659274e-16,1.0612949026968532e-10
6,984,0.0,2.29362511359041e-16,9.018894498132816e-11
6,985,0.0,2.595168583796511e-16,9.490191802510397e-11
6,986,0.0,2.669157179762418e-16,1.0764970239598504e-10
6,987,0.0,1.3184336656070884e-16,9.640281909244324e-11
6,988,0.0,3.9720546451956367e-16,9.221642504975644e-11
6,989,0.0,3.1386144321893674e-16,9.437438341199004e-11
6,990,0.0,4.759737295462422e-16,1.1813917543903225e-10
6,991,0.0,5.053039563540762e-16,1.3342613940370935e-10
6,992,0.0,5.027729271915483e-16,1.3669397770693314e-10
6,993,0.0,3.363077939716274e-16,1.2496015523865072e-10
6,994,0.0,2.3914935841127266e-16,1.5579533133219407e-10
6,995,0.0,6.333138767612061e-16,9.694276487167132e-11
6,996,0.0,4.343228798497432e-16,1.5598989617069096e-10
6,997,0.0,2.042931038161816e-16,9.966137438077985e-11
6,998,0.0,6.21843834879807e-16,1.4915738184363283e-10
6,999,0.0,2.9674332097840965e-16,8.48789783163865e-11
6,1000,0.0,2.400753004532332e-16,1.8022602781849077e-10
6,1001,0.0,4.465802252688615e-16,1.0702839027733523e-10
6,1002,0.0,1.3488181725740348e-16,1.0254299198256174e-10
6,1003,0.0,3.435777043047729e-16,1.6554461968137994e-10
6,1004,0.0,6.056569333606035e-16,1.0510937118229206e-10
6,1005,0.0,3.965843453522078e-16,1.2792728319867674e-10
6,1006,0.0,2.02779127832835e-16,9.709914289911547e-11
6,1007,0.0,6.122152706304648e-16,1.0375546996266126e-10
6,1008,0.0,3.277133147659007e-16,1.1792028622765992e-10
6,1009,0.0,2.7094901363933847e-16,9.329271665300041e-11
6,1010,0.0,2.6197499642948374e-16,9.404750441564118e-11
6,1011,0.0,4.768016905626283e-16,1.3938419448051505e-10
6,1012,0.0,2.4665947643496396e-16,1.1224041823973752e-10
6,1013,0.0,3.3217754156142015e-16,1.1580516506275427e-10
6,1014,0.0,5.634860374059479e-16,1.2527970292718031e-10
6,1015,0.0,3.1038627232871634e-16,1.388171749244546e-10
6,1016,0.0,6.494567462582552e-16,1.2484093521954256e-10
6,1017,0.0,3.0103221835422156e-16,2.2007963884080212e-10
6,1018,0.0,2.5023156146241385e-16,8.893243881208203e-11
6,1019,0.0,3.6348572966882125e-16,1.0405069553825135e-10
6,1020,0.0,4.453087805668465e-16,1.3783801420394618e-10
6,1021,0.0,8.964664227922347e-16,1.1526659694731625e-10
6,1022,0.0,4.472421528435158e-16,1.228751668683393e-10
6,1023,0.0,3.001711287219549e-16,1.1184427078705678e-10
6,1024,0.0,3.8433605672982915e-16,1.040771014633447e-10
6,1025,0.0,3.96211206478289e-16,1.0796194047632216e-10
6,1026,0.0,2.780216587966036e-16,1.3894642091544598e-10
6,1027,0.0,2.6431703297108167e-16,1.0210655365068391e-10
6,1028,0.0,1.3574718305694993e-16,1.2574357085474367e-10
6,1029,0.0,2.647829544202523e-16,1.8746136274192886e-10
6,1030,0.0,3.124444542972402e-16,1.3001198423935035e-10
6,1031,0.0,1.7862173952432751e-16,8.98355859610588e-11
6,1032,0.0,3.7864953390162635e-16,1.0186580149035952e-10
6,1033,0.0,3.3647268217621957e-16,1.1093824324955651e-10
6,1034,0.0,1.6109714828825148e-16,1.1775750920503103e-10
6,1035,0.0,4.660821513158771e-16,9.622746175205261e-11
6,1036,0.0,3.168320536015473e-16,1.1748904063696706e-10
6,1037,0.0,4.58725022718082e-16,1.1101819525543627e-10
6,1038,0.0,4.520666745722564e-16,1.0795761654559542e-10
6,1039,0.0,2.0546626093100592e-16,1.1315067485247059e-10
6,1040,0.0,5.201723661353101e-16,1.119223500529937e-10
6,1041,0.0,1.3700125133012562e-16,9.088208051509639e-11
6,1042,0.0,2.9790409838967276e-16,1.316833481854344e-10
6,1043,0.0,5.619527392239372e-16,9.65188730277015e-11
6,1044,0.0,2.8200539003287377e-16,1.0143600907887492e-10
6,1045,0.0,2.9655634368615137e-16,1.1972638575375345e-10
6,1046,0.0,3.8033849199746144e-16,1.2162428087405782e-10
6,1047,0.0,2.6951221315286154e-16,9.515456104411514e-11
6,1048,0.0,4.891033321377721e-16,1.197856379697897e-10
6,1049,0.0,3.0655024928134217e-16,1.0743453435769332e-10
6,1050,0.0,4.772667874287579e-16,1.1211223732683791e-10
6,1051,0.0,2.153947120713755e-16,9.103816229274049e-11
6,1052,0.0,2.415596304912448e-16,1.7229194281219138e-10
6,1053,0.0,1.1874716283274133e-16,1.3136236083445938e-10
6,1054,0.0,3.0871387742052264e-16,1.1237020866314139e-10
6,1055,0.0,1.5233740662715916e-16,9.24178617896982e-11
6,1056,0.0,2.030221226807509e-16,1.3262595220397793e-10
6,1057,0.0,2.2210010913910286e-16,1.4508273911305674e-10
6,1058,0.0,3.7767169926441957e-16,1.0055016030611829e-10
6,1059,0.0,6.553137838315995e-16,1.2727385232087488e-10
6,1060,0.0,3.431289700742798e-16,1.3415858566217437e-10
6,1061,0.0,3.3908181451673646e-16,1.1592141145810214e-10
6,1062,0.0,3.946058123236926e-16,1.0718660314294931e-10
6,1063,0.0,2.9373740229761033e-16,1.0515339409116513e-10
6,1064,0.0,6.630179028008285e-16,1.4074963028791413e-10
6,1065,0.0,2.85372673030242e-16,1.5409602203291298e-10
6,1066,0.0,4.454194850509848e-16,1.3118898734222784e-10
6,1067,0.0,1.837746106097754e-16,1.2357083721949528e-10
6,1068,0.0,4.3437963553503607e-16,1.223679503741521e-10
6,1069,0.0,2.554719435777531e-16,1.3414132860472024e-10
6,1070,0.0,6.603727501703039e-16,1.477532447371589e-10
6,1071,0.0,3.4741289339748866e-16,1.0685708350226696e-10
6,1072,0.0,4.2794741444214326e-16,1.087294254220644e-10
6,1073,0.0,4.2961471101258697e-16,1.280825197428895e-10
6,1074,0.0,4.2398311142926205e-16,1.165840045828588e-10
6,1075,0.0,4.4358932814717956e-16,1.3899395191692275e-10
6,1076,0.0,2.95348539500608e-16,1.0811374779295446e-10
6,1077,0.0,2.793485275756072e-16,9.902691852870766e-11
6,1078,0.0,3.252593472309814e-16,1.2008322565263972e-10
6,1079,0.0,2.1342575828772729e-16,1.6202233774039892e-10
6,1080,0.0,2.934225148721328e-16,1.0314707262616912e-10
6,1081,0.0,3.218115064964986e-16,1.2773982123602938e-10
6,1082,0.0,1.2933026088667054e-16,9.389610116503631e-11
6,1083,0.0,2.482534153247273e-16,1.0929156065188023e-10
6,1084,0.0,4.2334304872632385e-16,1.0093893724428969e-10
6,1085,0.0,8.266503245917838e-16,1.1285370393498996e-10
6,1086,0.0,1.0922924587033476e-15,1.0993060802005748e-10
6,1087,0.0,1.0088500776402975e-15,1.4708438724014946e-10
6,1088,0.0,3.406051333642302e-16,1.9945044773914784e-10
6,1089,0.0,1.7832822334594722e-16,9.130701396781451e-11
6,1090,0.0,3.294202153397169e-16,1.1453156610163593e-10
6,1091,0.0,6.032098246325169e-16,1.1503406808208602e-10
6,1092,0.0,4.649700977881626e-16,1.0933296226849639e-10
6,1093,0.0,2.923071959373406e-16,1.0387492257857825e-10
6,1094,0.0,3.210445571066154e-16,1.3817930119450062e-10
6,1095,0.0,2.9649399171916875e-16,1.2202577201764566e-10
6,1096,0.0,5.137826198010021e-16,1.2717910867572376e-10
6,1097,0.0,2.944917584037539e-16,1.3194416192709845e-10
6,1098,0.0,1.0900558419132247e-16,1.295970644579242e-10
6,1099,0.0,2.7067592536537393e-16,1.1025111238198257e-10
6,1100,0.0,4.3839050860445074e-16,1.2761187650108064e-10
6,1101,0.0,2.1665000314020352e-16,9.44422734615438e-11
6,1102,0.0,4.440892098500626e-16,1.1140484842573852e-10
6,1103,0.0,4.800992561380036e-16,1.359181672979365e-10
6,1104,0.0,4.705040823708615e-16,1.4414019682796557e-10
6,1105,0.0,4.037916397696563e-16,1.236410734030195e-10
6,1106,0.0,3.965843453522078e-16,1.7639807839321537e-10
6,1107,0.0,3.5693281747857454e-16,1.2431846266697444e-10
6,1108,0.0,3.8208450802468225e-16,1.1699809039878181e-10
6,1109,0.0,4.75611043366452e-16,1.6133197636514826e-10
6,1110,0.0,2.215444412453624e-16,1.097501705249448e-10
6,1111,0.0,2.531941438913058e-16,9.381158714179614e-11
6,1112,0.0,3.1977506913340454e-16,9.944725582633325e-11
6,1113,0.0,2.600387869518961e-16,1.4584226162692243e-10
6,1114,0.0,1.1941995667474764e-16,8.822521242950442e-11
6,1115,0.0,8.307554901745957e-16,9.104490135319212e-11
6,1116,0.0,2.5219419200973695e-16,1.247643983182592e-10
6,1117,0.0,6.661338147750939e-16,1.4977881788025124e-10
6,1118,0.0,2.7906157472372785e-16,9.340034099563775e-11
6,1119,0.0,2.493186197240128e-16,1.0366652965030756e-10
6,1120,0.0,2.51607010323612e-16,1.2165072797738353e-10
6,1121,0.0,3.660706848061169e-16,1.0767042020588636e-10
6,1122,0.0,3.239112538866079e-16,1.297469148494484e-10
6,1123,0.0,4.3044593750410185e-16,1.1302343877639525e-10
6,1124,0.0,3.1985215122904827e-16,1.381972429037872e-10
6,1125,0.0,4.504824834198388e-16,1.344227556847092e-10
6,1126,0.0,6.083779055557356e-16,1.3002351045592888e-10
6,1127,0.0,5.992325285690767e-16,1.2319978661799756e-10
6,1128,0.0,1.841765971140294e-16,1.0028443663189478e-10
6,1129,0.0,4.0482817720566983e-16,9.810453193845657e-11
6,1130,0.0,4.0269122144578e-16,1.1482590194528219e-10
6,1131,0.0,2.3203395609551217e-16,1.1879497586656816e-10
6,1132,0.0,4.940180589338315e-16,9.385415811889508e-11
6,1133,0.0,4.130268402344378e-16,1.0780288734629384e-10
6,1134,0.0,5.111850690840453e-16,1.1848303728005805e-10
6,1135,0.0,5.920726853669126e-16,1.1968309309862716e-10
6,1136,0.0,2.065134201172189e-16,1.0426366891835549e-10
6,1137,0.0,8.724120942069449e-16,1.198097030851189e-10
6,1138,0.0,2.7613101395943993e-16,1.0209662308719768e-10
6,1139,0.0,4.628445090676576e-16,1.0101023695218222e-10
6,1140,0.0,3.185779117222988e-16,1.1915696919143157e-10
6,1141,0.0,5.407139474782738e-16,1.2327866957629553e-10
6,1142,0.0,2.0417239886985912e-16,1.3319476046480826e-10
6,1143,0.0,8.926634986860247e-16,1.261613029545208e-10
6,1144,0.0,3.0566438042747734e-16,1.6808315035062395e-10
6,1145,0.0,4.09189109255317e-16,1.163795713616879e-10
6,1146,0.0,3.657001166779273e-16,1.2606157041920466e-10
6,1147,0.0,1.9885083071036746e-16,9.823355511968451e-11
6,1148,0.0,3.5478531281512725e-16,1.3394626385310397e-10
6,1149,0.0,1.6441049831280158e-16,1.0788966385907842e-10
6,1150,0.0,4.471870296347228e-16,1.0654134399439258e-10
6,1151,0.0,1.276032214398502e-16,8.727027720779212e-11
6,1152,0.0,4.3754620434398043e-16,1.0129796518477466e-10
6,1153,0.0,2.3509480464707666e-16,1.784606817266289e-10
6,1154,0.0,4.702420360779806e-16,9.86578102634586e-11
6,1155,0.0,3.253540728488649e-16,1.08424527482947e-10
6,1156,0.0,1.9872682020207264e-16,1.3044178601016018e-10
6,1157,0.0,4.754555217393065e-16,1.570026397618475e-10
6,1158,0.0,4.4353375095869516e-16,9.713135771560687e-11
6,1159,0.0,5.805097053013851e-16,1.0624246734062315e-10
6,1160,0.0,1.4484049743846257e-16,1.1541890822821403e-10
6,1161,0.0,6.987528865952756e-16,1.0195204231203552e-10
6,1162,0.0,5.661048867003676e-16,1.1194969099929312e-10
6,1163,0.0,2.3873667586321565e-16,1.225385088431519e-10
6,1164,0.0,4.2270201683048446e-16,1.0686978185576941e-10
6,1165,0.0,1.0756852283953012e-16,8.858148703481436e-11
6,1166,0.0,4.472421528435158e-16,1.553737184759663e-10
6,1167,0.0,4.736373295277994e-16,1.0654267433412274e-10
6,1168,0.0,3.202372833989377e-16,1.1687733087372256e-10
6,1169,0.0,4.1730210259180143e-16,1.2195814326142162e-10
6,1170,0.0,3.371862659791741e-16,1.2671889276490837e-10
6,1171,0.0,4.4264356691842796e-16,9.075852281180617e-11
6,1172,0.0,5.333694441429199e-16,1.243006110117739e-10
6,1173,0.0,2.4063939998238006e-16,9.59928579146698e-11
6,1174,0.0,5.043883840194739e-16,1.0025458146438021e-10
6,1175,0.0,1.3642648929939613e-16,1.5867322657760962e-10
6,1176,0.0,3.0542233389584437e-16,1.3298333439991007e-10
6,1177,0.0,3.2154328229731195e-16,1.0892367259616949e-10
6,1178,0.0,2.5987283247370254e-16,1.2942208107757916e-10
6,1179,0.0,2.043534295531575e-16,1.020663449365221e-10
6,1180,0.0,4.807150314096493e-16,1.1824382226390295e-10
6,1181,0.0,2.5109209995430077e-16,1.1377357680525467e-10
6,1182,0.0,4.59637695559777e-16,1.1204262957495823e-10
6,1183,0.0,4.970030894746323e-16,1.5945546736217316e-10
6,1184,0.0,2.044740276336181e-16,1.2171238629977926e-10
6,1185,0.0,3.448489255631624e-16,1.2336055709492e-10
6,1186,0.0,3.676162861268181e-16,1.3525162647084909e-10
6,1187,0.0,5.186060787088681e-16,9.183089613687786e-11
6,1188,0.0,4.7737008075048e-16,1.41346933266515e-10
6,1189,0.0,2.0119250781068655e-16,1.0776274388208679e-10
6,1190,0.0,2.961820349901481e-16,1.2972266320882072e-10
6,1191,0.0,5.929048329109094e-16,1.107984539462823e-10
6,1192,0.0,4.730644544350017e-16,1.0438313379415225e-10
6,1193,0.0,5.833479861881019e-16,1.1586497646368494e-10
6,1194,0.0,4.843423496764436e-16,1.0114011916028546e-10
6,1195,0.0,3.9521444714706516e-16,1.1596595101858008e-10
6,1196,0.0,2.9545285502658893e-16,1.313936604609294e-10
6,1197,0.0,1.1096677742655336e-16,9.719628160699921e-11
6,1198,0.0,1.292110734492368e-16,1.06003685298885e-10
6,1199,0.0,3.2322556541091823e-16,1.1060555029920143e-10
6,1200,0.0,4.314184393666808e-16,1.2015826785477946e-10
6,1201,0.0,4.477930117206676e-16,1.681734638147667e-10
6,1202,0.0,4.434781668052143e-16,9.516559004155585e-11
6,1203,0.0,2.9711692256566073e-16,2.1670898527696635e-10
6,1204,0.0,4.957615109938663e-16,1.2636807366416688e-10
6,1205,0.0,2.311824524671446e-16,1.0125475276342157e-10
6,1206,0.0,2.1204969134049141e-16,1.2837612008752234e-10
6,1207,0.0,4.440892098500626e-16,1.3307031951681844e-10
6,1208,0.0,6.31013107558239e-16,1.481209640100144e-10
6,1209,0.0,5.398013494481199e-16,1.0810762441384693e-10
6,1210,0.0,4.469113116051606e-16,1.1523932013677834e-10
6,1211,0.0,3.448489255631624e-16,1.665323438815928e-10
6,1212,0.0,1.7863899016317446e-16,1.3595086115832245e-10
6,1213,0.0,4.850035682091324e-16,1.3494562178639297e-10
6,1214,0.0,2.81217541679758e-16,1.3619420126190095e-10
6,1215,0.0,1.8762440644939468e-16,9.140341311902979e-11
6,1216,0.0,2.2914745035407573e-16,1.0643199362283205e-10
6,1217,0.0,2.714035501333982e-16,1.0214186178401442e-10
6,1218,0.0,4.476828941703194e-16,1.0077850617573362e-10
6,1219,0.0,4.454748269764082e-16,1.262521457526134e-10
6,1220,0.0,5.022332868741562e-16,1.0971576398976033e-10
6,1221,0.0,3.327707162152336e-16,1.8121210297464574e-10
6,1222,0.0,3.045736562366045e-16,9.787523676342039e-11
6,1223,0.0,5.004631229248277e-16,1.0609760333121522e-10
6,1224,0.0,5.403490932211574e-16,1.149528178762678e-10
6,1225,0.0,5.738467775662734e-16,1.0694944439049787e-10
6,1226,0.0,5.231024053648945e-16,1.002283947530112e-10
6,1227,0.0,3.2964464153720806e-16,1.1974947100614744e-10
6,1228,0.0,3.038037621736413e-16,1.2032695844943905e-10
6,1229,0.0,1.6653345369377348e-16,1.1568888261475407e-10
6,1230,0.0,3.726117541341095e-16,1.53928896988073e-10
6,1231,0.0,6.099157487868987e-16,1.0889020854996842e-10
6,1232,0.0,3.6868766555296586e-16,1.2628119126431215e-10
6,1233,0.0,2.8204909485917766e-16,1.0846262839209388e-10
6,1234,0.0,3.3143458035037006e-16,1.0041189576864008e-10
6,1235,0.0,6.209710711726802e-16,1.5790153641879446e-10
6,1236,0.0,1.937013082159601e-16,1.0914656447156777e-10
6,1237,0.0,6.7976118985509e-16,1.199371907395915e-10
6,1238,0.0,3.982591439703547e-16,1.4896425971753718e-10
6,1239,0.0,3.572262271602447e-16,1.321993701526803e-10
6,1240,0.0,2.7298846796173913e-16,1.2197812662168666e-10
6,1241,0.0,2.162798799918226e-16,1.392000156658694e-10
6,1242,0.0,1.5684233482599424e-16,1.8436802072756211e-10
6,1243,0.0,3.134094903662939e-16,1.2731077831321483e-10
6,1244,0.0,4.884981308350689e-16,1.0664875620472501e-10
6,1245,0.0,4.1147207898356804e-16,1.60556211461958e-10
6,1246,0.0,2.1344019601872895e-16,1.1041618483151469e-10
6,1247,0.0,4.916671268690472e-16,1.1633439877822238e-10
6,1248,0.0,4.984394460092845e-16,1.734154581447132e-10
6,1249,0.0,3.7294240621278195e-16,1.2282837487197796e-10
6,1250,0.0,5.952700713658996e-16,1.4909979829448765e-10
6,1251,0.0,2.2201684761447534e-16,1.1009731179669128e-10
6,1252,0.0,3.904135218338017e-16,8.807060174597928e-11
6,1253,0.0,4.2693813710259015e-16,1.004437261920587e-10
6,1254,0.0,1.9854065920552e-16,1.1244718947456887e-10
6,1255,0.0,2.7359733977962503e-16,1.1029127149166286e-10
6,1256,0.0,7.066113848490726e-16,1.0223110635333817e-10
6,1257,0.0,6.594388326471855e-16,1.264382886698446e-10
6,1258,0.0,1.4878645486993983e-16,1.1082468706402089e-10
6,1259,0.0,5.714791463924986e-16,1.1115763780221642e-10
6,1260,0.0,6.099561659864254e-16,1.1929516610384237e-10
6,1261,0.0,3.5567013049056523e-16,1.0847809848848803e-10
6,1262,0.0,6.639096555949765e-16,1.0320574179673027e-10
6,1263,0.0,2.62984628210326e-16,8.93943642970865e-11
6,1264,0.0,3.3201052024445296e-16,9.781615975212947e-11
6,1265,0.0,3.09610926706402e-16,1.1221881915491778e-10
6,1266,0.0,2.319808286864367e-16,1.4380307699586484e-10
6,1267,0.0,3.9107596193031815e-16,1.2487748805892063e-10
6,1268,0.0,2.0758498728881568e-16,1.8333300656088255e-10
6,1269,0.0,4.4074595620456255e-16,1.116570375822498e-10
6,1270,0.0,1.790180836524724e-16,1.5151547477826634e-10
6,1271,0.0,1.8778857168024908e-16,1.2411852896020403e-10
6,1272,0.0,1.0309057483163844e-16,7.808725890620705e-11
6,1273,0.0,9.756074958484723e-16,9.883425421958215e-11
6,1274,0.0,2.813051893495439e-16,1.1614706381731613e-10
6,1275,0.0,2.1653618647716572e-16,9.558442446758547e-11
6,1276,0.0,1.3781977899969465e-16,9.537890680716388e-11
6,1277,0.0,2.487989733832543e-16,1.196745224320254e-10
6,1278,0.0,4.719166179583073e-16,1.2579728817678068e-10
6,1279,0.0,3.764949453935611e-16,1.10948726239452e-10
6,1280,0.0,5.1152253273975565e-16,1.0750651796481473e-10
6,1281,0.0,3.130159574507001e-16,1.0976958166752725e-10
6,1282,0.0,1.9136457962370325e-16,1.2588803763078967e-10
6,1283,0.0,4.751962059186864e-16,1.428991979968679e-10
6,1284,0.0,4.2797621596416275e-16,1.1342267906553805e-10
6,1285,0.0,4.4370046163962773e-16,1.1673344185260379e-10
6,1286,0.0,2.9424052125430657e-16,1.218615652659403e-10
6,1287,0.0,4.440892098500626e-16,1.2034628241172534e-10
6,1288,0.0,3.9856851956580973e-16,1.2914948117198764e-10
6,1289,0.0,1.3102278104318372e-16,9.122700841280205e-11
6,1290,0.0,2.636633597461006e-16,9.035420777757176e-11
6,1291,0.0,3.321033202351532e-16,1.1775391896569974e-10
6,1292,0.0,6.680923296486525e-16,1.1028197822651644e-10
6,1293,0.0,6.338197030574233e-16,1.3579021016710605e-10
6,1294,0.0,1.8364041956551465e-16,9.528956990476513e-11
6,1295,0.0,4.577566798522237e-16,1.1639338606252471e-10
6,1296,0.0,4.2791861098160636e-16,1.1815284252983286e-10
6,1297,0.0,5.012014510217583e-16,1.1408573577460189e-10
6,1298,0.0,2.1812421540521875e-16,1.2846892368290677e-10
6,1299,0.0,2.726496183115544e-16,9.151429049454876e-11
6,1300,0.0,2.802076229740705e-16,1.0344713482219385e-10
6,1301,0.0,4.432001414711326e-16,1.1593325650897354e-10
6,1302,0.0,4.440892098500626e-16,1.2883354542590706e-10
6,1303,0.0,6.971281241082729e-16,1.1786626597964994e-10
6,1304,0.0,4.415841426153331e-16,1.2117484054532327e-10
6,1305,0.0,2.465095162570931e-16,1.1841263020265032e-10
6,1306,0.0,1.9996346449636752e-16,1.117724759597864e-10
6,1307,0.0,1.9782541917041054e-16,1.9542305723636157e-10
6,1308,0.0,6.6018607235733855e-16,1.488983968917208e-10
6,1309,0.0,2.827038564650361e-16,9.333761490327606e-11
6,1310,0.0,2.2298629763331175e-16,1.1923055995426495e-10
6,1311,0.0,6.199380390509697e-16,1.2616383708405928e-10
6,1312,0.0,4.523392502223303e-16,1.0906743944974907e-10
6,1313,0.0,4.4108142190544826e-16,1.2872106312332808e-10
6,1314,0.0,3.2069883148865604e-16,1.1643436227730189e-10
6,1315,0.0,3.091926275826631e-16,1.1531329776894496e-10
6,1316,0.0,6.573795438263846e-16,1.0099099850139147e-10
6,1317,0.0,5.420799638382025e-16,1.4072050316715355e-10
6,1318,0.0,2.7456423702875604e-16,1.1294859209562015e-10
6,1319,0.0,3.8924362243845507e-16,1.2781321497891764e-10
6,1320,0.0,3.149591383521714e-16,1.1240049012911874e-10
6,1321,0.0,2.529749808499935e-16,1.1415786532834517e-10
6,1322,0.0,8.699219086445817e-16,1.0571546750357551e-10
6,1323,0.0,2.273383277048117e-16,9.233696801415086e-11
6,1324,0.0,2.977385501143767e-16,1.5899459269593192e-10
6,1325,0.0,3.735368423743051e-16,1.0720644984212947e-10
6,1326,0.0,2.6150407209324e-16,1.0435942993810716e-10
6,1327,0.0,3.232827616656044e-16,1.15951326961214e-10
6,1328,0.0,1.6884882632921417e-16,9.606566469405265e-11
6,1329,0.0,6.235066277548538e-16,1.0865105655683141e-10
6,1330,0.0,3.326966272203901e-16,9.327291250214195e-11
6,1331,0.0,1.813779615555457e-16,1.0486177257918139e-10
6,1332,0.0,6.404745667978754e-16,1.2454731532585147e-10
6,1333,0.0,3.4168906036440464e-16,1.4492062583142495e-10
6,1334,0.0,3.7274405016317926e-16,1.1694241663945808e-10
6,1335,0.0,2.294431072659592e-16,2.6777245310727797e-10
6,1336,0.0,4.455854902067766e-16,1.0480725170827757e-10
6,1337,0.0,2.0338607060840427e-16,1.0852652113906471e-10
6,1338,0.0,3.4449130965698678e-16,1.0290492711068311e-10
6,1339,0.0,2.576100224209408e-16,1.0368962592126278e-10
6,1340,0.0,4.291266917386169e-16,1.309530616891248e-10
6,1341,0.0,5.549782695585736e-16,9.849612739658227e-11
6,1342,0.0,2.7679977496304214e-16,9.37351380372637e-11
6,1343,0.0,4.261289941092505e-16,1.2333083535136518e-10
6,1344,0.0,3.3755162123423416e-16,1.259823127092123e-10
6,1345,0.0,4.3703883886519456e-16,1.0856011403026098e-10
6,1346,0.0,2.471836206136972e-16,9.510509769298023e-11
6,1347,0.0,3.524499122840311e-16,9.633089687109662e-11
6,1348,0.0,2.1902649108898397e-16,1.1747944267110075e-10
6,1349,0.0,4.620982431063904e-16,1.0050743557564883e-10
6,1350,0.0,4.871336788313816e-16,9.789979682812146e-11
6,1351,0.0,6.553890164572801e-16,1.0823330667777272e-10
6,1352,0.0,2.1913901433868203e-16,1.266021004054242e-10
6,1353,0.0,3.132324617386636e-16,1.1042931950846062e-10
6,1354,0.0,6.875499236082361e-16,1.1824798762443556e-10
6,1355,0.0,1.0132495915389987e-16,1.3867531248481235e-10
6,1356,0.0,1.5857156540161843e-16,2.0093843921839286e-10
6,1357,0.0,4.0580132326655396e-16,1.1006616518548166e-10
6,1358,0.0,2.0924096214595782e-16,1.1478050560950302e-10
6,1359,0.0,7.472056649077088e-16,1.209775183775827e-10
6,1360,0.0,4.394015322604629e-16,1.0258180599011149e-10
6,1361,0.0,3.156823071418054e-16,1.2934527814262121e-10
6,1362,0.0,4.418073904266701e-16,1.304476119662983e-10
6,1363,0.0,3.2146660570571333e-16,1.286866069058078e-10
6,1364,0.0,2.589462819655575e-16,1.1806382856559412e-10
6,1365,0.0,3.2154328229731195e-16,1.357676852975157e-10
6,1366,0.0,4.699798436761765e-16,1.2252606887546482e-10
6,1367,0.0,9.761127302147294e-16,1.0757150280582798e-10
6,1368,0.0,2.888287394410778e-16,1.542435714409063e-10
6,1369,0.0,5.231024053648945e-16,1.0939434219453993e-10
6,1370,0.0,3.614624287906422e-16,1.3598991449675207e-10
6,1371,0.0,4.626314130577125e-16,1.0187965856737861e-10
6,1372,0.0,9.130597271804734e-16,1.120409691554036e-10
6,1373,0.0,2.331732675544721e-16,1.1340257028004514e-10
6,1374,0.0,3.535323884327348e-16,1.285884187298637e-10
6,1375,0.0,6.41781894523771e-16,1.0644402125478905e-10
6,1376,0.0,3.0835432700453563e-16,1.575276423079479e-10
6,1377,0.0,2.045945546276585e-16,9.918189906121264e-11
6,1378,0.0,1.330647569295435e-16,1.138075843284216e-10
6,1379,0.0,3.501869399434181e-16,1.3220460773808628e-10
6,1380,0.0,2.8599827815933377e-16,1.296713673356704e-10
6,1381,0.0,4.463041323674983e-16,1.4677701851740184e-10
6,1382,0.0,1.366972665872391e-16,9.47150191993086e-11
6,1383,0.0,3.8676575488599604e-16,1.2517846138388975e-10
6,1384,0.0,3.57967307574083e-16,9.533225160083533e-11
6,1385,0.0,3.198328824467645e-16,1.0757024488075804e-10
6,1386,0.0,8.794480165209458e-16,1.0735748339575245e-10
6,1387,0.0,2.1846300548576002e-16,1.1270161282584988e-10
6,1388,0.0,2.270942132217896e-16,8.666685503514538e-11
6,1389,0.0,5.97543443797738e-16,1.0833303288974873e-10
6,1390,0.0,2.540931614815365e-16,1.1641380868542462e-10
6,1391,0.0,4.25897528044313e-16,9.62903667618214e-11
6,1392,0.0,6.573795438263846e-16,1.3662691887793214e-10
6,1393,0.0,4.2780337774645346e-16,1.286532553270585e-10
6,1394,0.0,2.428065623364133e-16,1.4947939407822498e-10
6,1395,0.0,6.538827193234184e-16,1.1401452130322891e-10
6,1396,0.0,2.3904625456582047e-16,1.2736082202076126e-10
6,1397,0.0,2.406650094540625e-16,1.7716268030298104e-10
6,1398,0.0,4.35796125421003e-16,1.2033378327702763e-10
6,1399,0.0,2.8916994303251373e-16,1.312141648736944e-10
6,1400,0.0,6.445416000631886e-16,1.315886122773516e-10
6,1401,0.0,6.66503786375278e-16,9.743209760787423e-11
6,1402,0.0,3.9358932945746404e-16,1.2546294736916887e-10
6,1403,0.0,6.542596187260463e-16,1.405827907960694e-10
6,1404,0.0,2.9969853124498066e-16,1.1219645703206333e-10
6,1405,0.0,2.1088393379258303e-16,9.490088762494987e-11
6,1406,0.0,8.831124574051273e-16,1.1086968578604052e-10
6,1407,0.0,2.6673093725629205e-16,1.1974521636318565e-10
6,1408,0.0,2.857395731962493e-16,1.238451455062217e-10
6,1409,0.0,5.221590278516807e-16,1.6497154112998772e-10
6,1410,0.0,4.148135544450461e-16,9.055331145452024e-11
6,1411,0.0,4.267071099552066e-16,1.0995481424152155e-10
6,1412,0.0,1.8919451253776736e-16,1.0123752507953153e-10
6,1413,0.0,2.582790163713495e-16,1.1993224294576839e-10
6,1414,0.0,4.190705895488584e-16,1.0151128650098269e-10
6,1415,0.0,4.3004485634379e-16,1.0470460982195606e-10
6,1416,0.0,4.3193240684714696e-16,1.2043197921055973e-10
6,1417,0.0,3.8951269399977185e-16,1.0205166617507796e-10
6,1418,0.0,3.051397036102768e-16,1.0733836701516627e-10
6,1419,0.0,4.0023501541774394e-16,1.2667692425099904e-10
6,1420,0.0,1.383330760426861e-16,9.621380411722134e-11
6,1421,0.0,5.240911241727349e-16,1.1865046597264226e-10
6,1422,0.0,3.603011555843705e-16,1.1331648430016088e-10
6,1423,0.0,2.0417239886985912e-16,1.489705133171965e-10
6,1424,0.0,4.792255534009712e-16,1.2698314088612104e-10
6,1425,0.0,2.1433343597647069e-16,1.6470074840273493e-10
6,1426,0.0,2.590414653107921e-16,1.045759242946884e-10
6,1427,0.0,3.0959102051634657e-16,1.1795302592452566e-10
6,1428,0.0,4.439781736663418e-16,1.4237544896982526e-10
6,1429,0.0,2.0253584144909416e-16,1.1220334166356866e-10
6,1430,0.0,3.6350268448048564e-16,1.0537447026982108e-10
6,1431,0.0,6.741165961566879e-16,1.110812604705974e-10
6,1432,0.0,4.0580132326655396e-16,1.0524549415940956e-10
6,1433,0.0,2.525604873255222e-16,1.0719503989764123e-10
6,1434,0.0,2.1868857395626284e-16,1.1153179672644652e-10
6,1435,0.0,3.957131406541497e-16,1.3423520538939885e-10
6,1436,0.0,3.3784362096118547e-16,1.2578153918929829e-10
6,1437,0.0,1.9178279303923403e-16,1.0285378555722698e-10
6,1438,0.0,2.8429081049204083e-16,1.2804158004447519e-10
6,1439,0.0,3.276192712839614e-16,1.2819888052064426e-10
6,1440,0.0,4.697699843919128e-16,1.1226790340026638e-10
6,1441,0.0,4.3107545393599553e-16,1.0342275003238097e-10
6,1442,0.0,1.0253797712261929e-16,9.62662218195506e-11
6,1443,0.0,4.028748332289114e-16,8.64483224805023e-11
6,1444,0.0,2.1123433658277123e-16,9.764010776287319e-11
6,1445,0.0,4.2059726341930933e-16,1.1372231677070831e-10
6,1446,0.0,2.769778385227659e-16,1.318580532934851e-10
6,1447,0.0,2.5837444553269606e-16,1.3449936521071818e-10
6,1448,0.0,4.528839093602941e-16,1.4902234975968192e-10
6,1449,0.0,4.87740573184876e-16,1.3038742667521616e-10
6,1450,0.0,4.063476937600028e-16,9.910472731213695e-11
6,1451,0.0,4.4230928601467428e-16,1.078697818753213e-10
6,1452,0.0,2.2477561208698105e-16,8.833062127571289e-11
6,1453,0.0,3.939649516165544e-16,1.1556318040875921e-10
6,1454,0.0,5.827137512459006e-16,1.0595153895571785e-10
6,1455,0.0,1.6467268631127714e-16,1.5481802217860615e-10
6,1456,0.0,2.9549457092584755e-16,1.1074421342877021e-10
6,1457,0.0,3.073132628067458e-16,1.0149936749286984e-10
6,1458,0.0,2.877598706298675e-16,1.0060012058386043e-10
6,1459,0.0,5.904048716724266e-16,1.0461081206456603e-10
6,1460,0.0,4.682983361612993e-16,1.626973424570557e-10
6,1461,0.0,1.5218562067167563e-16,1.0570792902403691e-10
6,1462,0.0,7.272087934957442e-16,1.155472135064979e-10
6,1463,0.0,2.651551021153896e-16,1.0922426406152395e-10
6,1464,0.0,2.49837185233929e-16,1.2520175586908272e-10
6,1465,0.0,1.3355018543222363e-16,1.0130412477678849e-10
6,1466,0.0,2.8452917319372774e-16,1.0192987379414354e-10
6,1467,0.0,2.252412417099194e-16,9.265374463264817e-11
6,1468,0.0,4.452534180030014e-16,1.1503796644997752e-10
6,1469,0.0,3.1102100974488296e-16,1.620370874416844e-10
6,1470,0.0,2.8942558175316187e-16,1.2545948666417175e-10
6,1471,0.0,4.231100585882985e-16,1.3161111418871674e-10
6,1472,0.0,2.5619463793123577e-16,1.2520463462532863e-10
6,1473,0.0,2.178980627105015e-16,1.0927932772974377e-10
6,1474,0.0,2.9031854460610584e-16,1.2694212979885522e-10
6,1475,0.0,1.997167482216687e-16,1.1877361264265224e-10
6,1476,0.0,3.8746624501351575e-16,1.2476688289806828e-10
6,1477,0.0,3.430930459816227e-16,1.184349716862755e-10
6,1478,0.0,9.236628546155378e-16,1.2215666133389727e-10
6,1479,0.0,4.496060575246782e-16,1.3266155844739882e-10
6,1480,0.0,5.870550297616311e-16,1.0952399846816911e-10
6,1481,0.0,1.862397055582841e-16,1.1387222524158539e-10
6,1482,0.0,2.338594608836159e-16,1.2234410123348511e-10
6,1483,0.0,6.317549479309645e-16,1.27793564754108e-10
6,1484,0.0,1.5476564713254415e-16,9.236933810232273e-11
6,1485,0.0,4.152293481888863e-16,1.2350796646634002e-10
6,1486,0.0,3.604379701537913e-16,1.1989270619769039e-10
6,1487,0.0,4.2641815000471455e-16,1.2186841190860094e-10
6,1488,0.0,4.775249788392736e-16,1.094149815550346e-10
6,1489,0.0,1.503112416407886e-16,1.285277367384202e-10
6,1490,0.0,2.911452720830729e-16,1.1118456404555259e-10
6,1491,0.0,5.905718649926018e-16,1.2087507282920462e-10
6,1492,0.0,4.459725952666235e-16,1.500762354106604e-10
6,1493,0.0,4.846985025107181e-16,1.4655668225463183e-10
6,1494,0.0,3.089533452347497e-16,1.413279921151972e-10
6,1495,0.0,3.675492212195508e-16,1.3162698913389738e-10
6,1496,0.0,5.102196573270515e-16,1.4463516439051264e-10
6,1497,0.0,4.0464545177221045e-16,9.104492005179823e-11
6,1498,0.0,4.728559641408582e-16,1.0284816940019573e-10
6,1499,0.0,4.007889741817114e-16,8.810032011124778e-11
6,1500,0.0,5.653205057555072e-16,1.3871464269686747e-10
6,1501,0.0,4.275728181081785e-16,1.1834085215829792e-10
6,1502,0.0,3.765604170826733e-16,1.0877119138165502e-10
6,1503,0.0,3.479092484324741e-16,1.4080137022835706e-10
6,1504,0.0,4.917673954796276e-16,1.6076208980775428e-10
6,1505,0.0,4.246802614393019e-16,1.5346209791872637e-10
6,1506,0.0,6.827645942629433e-16,8.945696809153717e-11
6,1507,0.0,3.9484001366921065e-16,9.459634069350438e-11
6,1508,0.0,4.898587823106946e-16,1.2212983375978573e-10
6,1509,0.0,2.0186529205220715e-16,1.1273534132550419e-10
6,1510,0.0,4.155260889887047e-16,1.438104883681322e-10
6,1511,0.0,6.429715531362071e-16,1.0923450333393324e-10
6,1512,0.0,2.262241172514839e-16,1.5572069170310018e-10
6,1513,0.0,2.0027143243565923e-16,8.69533354378052e-11
6,1514,0.0,2.232072950092907e-16,1.2027710975960916e-10
6,1515,0.0,4.394015322604629e-16,1.2920244492437094e-10
6,1516,0.0,1.9794221072983379e-16,1.1751620848031313e-10
6,1517,0.0,2.9367445182313006e-16,1.437646346424667e-10
6,1518,0.0,5.349846700378417e-16,1.0806763920340978e-10
6,1519,0.0,3.697559406366808e-16,1.1896044764805949e-10
6,1520,0.0,2.254600287859889e-16,1.4934874908362858e-10
6,1521,0.0,2.150797445605371e-16,1.133889945535279e-10
6,1522,0.0,4.1254907623388676e-16,1.0384410373373822e-10
6,1523,0.0,5.38063148911084e-16,9.924652685265522e-11
6,1524,0.0,3.329743759487874e-16,1.3563872098490123e-10
6,1525,0.0,2.3593218861498667e-16,1.0626792115760777e-10
6,1526,0.0,3.740644370473849e-16,1.170818512522548e-10
6,1527,0.0,5.477350299340604e-16,1.3982036142376978e-10
6,1528,0.0,2.238689781654046e-16,9.435998606423563e-11
6,1529,0.0,2.602756812225345e-16,1.0190135764306444e-10
6,1530,0.0,2.886579864025407e-16,2.0971901408627818e-10
6,1531,0.0,4.136232691952992e-16,1.2956157139708986e-10
6,1532,0.0,2.4472801032692703e-16,1.1886989747042874e-10
6,1533,0.0,4.677716254602006e-16,1.0456272881603195e-10
6,1534,0.0,2.91039412619848e-16,1.1988822252514461e-10
6,1535,0.0,4.154667577841489e-16,1.3641686754866747e-10
6,1536,0.0,4.427549378012869e-16,1.3445037325111188e-10
6,1537,0.0,2.693978531472237e-16,1.154113559982291e-10
6,1538,0.0,3.1791949213824894e-16,1.047523849580754e-10
6,1539,0.0,2.437944602072525e-16,1.350093103762438e-10
6,1540,0.0,4.706612401158347e-16,1.003631073289525e-10
6,1541,0.0,5.786381861403058e-16,1.2994338440448843e-10
6,1542,0.0,4.56678335174557e-16,1.0218808274631486e-10
6,1543,0.0,3.091926275826631e-16,1.3629300550946232e-10
6,1544,0.0,4.392331899266194e-16,1.1073577660546306e-10
6,1545,0.0,2.334440269237601e-16,1.0295409777786201e-10
6,1546,0.0,4.3556979659482055e-16,1.187443095778293e-10
6,1547,0.0,3.007044749599821e-16,1.2948731480120422e-10
6,1548,0.0,6.95038629742777e-16,1.0202285024238857e-10
6,1549,0.0,1.8694158017646323e-16,8.921800747483447e-11
6,1550,0.0,5.301242283512285e-16,1.5600527886346508e-10
6,1551,0.0,2.4668446093504677e-16,1.3187575936718206e-10
6,1552,0.0,3.749201949069549e-16,1.364835678162474e-10
6,1553,0.0,4.66663597945646e-16,1.5474818910775756e-10
6,1554,0.0,2.883161769441044e-16,1.1880335906645194e-10
6,1555,0.0,5.9340356130379695e-16,1.0378713286320381e-10
6,1556,0.0,3.1151599845566284e-16,1.2308354724942953e-10
6,1557,0.0,1.23029543683329e-16,1.6014258538884963e-10
6,1558,0.0,3.8059766646842216e-16,1.1125620395834139e-10
6,1559,0.0,5.439413049810207e-16,1.0090744345204551e-10
6,1560,0.0,2.412021802555889e-16,1.1695829710179173e-10
6,1561,0.0,2.8405224776814673e-16,1.0836684174858112e-10
6,1562,0.0,1.762424413785662e-16,1.0293059833990383e-10
6,1563,0.0,6.425496683292639e-16,9.583125588973395e-11
6,1564,0.0,3.1441076983065964e-16,1.7230304003947408e-10
6,1565,0.0,5.296590029624932e-16,1.145640695226756e-10
6,1566,0.0,5.634860374059479e-16,1.2840987493202187e-10
6,1567,0.0,2.3309396141276846e-16,1.0898070594285318e-10
6,1568,0.0,3.2956984978547123e-16,1.700176038341033e-10
6,1569,0.0,3.0412816564265077e-16,1.6778322508418e-10
6,1570,0.0,2.6197499642948374e-16,1.3870642943747562e-10
6,1571,0.0,2.0935874485280634e-16,9.817284000328961e-11
6,1572,0.0,3.333628353956242e-16,1.3739257470508907e-10
6,1573,0.0,2.779551490889903e-16,1.168014081024945e-10
6,1574,0.0,4.930190325141862e-16,1.0107678578740019e-10
6,1575,0.0,3.622799098848097e-16,1.2964974688464008e-10
6,1576,0.0,2.924758185045449e-16,1.101420665831371e-10
6,1577,0.0,4.741575244451873e-16,1.142483931959777e-10
6,1578,0.0,2.048353958583393e-16,1.186767634722513e-10
6,1579,0.0,4.2895431708143584e-16,1.009216068667733e-10
6,1580,0.0,1.670415308666748e-16,1.1110104378259299e-10
6,1581,0.0,2.781546305023153e-16,1.4729371739704714e-10
6,1582,0.0,4.509200575719778e-16,1.0171117978857036e-10
6,1583,0.0,1.1410208772874278e-16,1.0694959679031692e-10
6,1584,0.0,3.335846091214926e-16,1.447512928428762e-10
6,1585,0.0,3.895759779472243e-16,1.0956881213285693e-10
6,1586,0.0,1.6701385742072187e-16,1.0919427182323751e-10
6,1587,0.0,3.3106247449559173e-16,9.289270629442006e-11
6,1588,0.0,2.763987125331762e-16,1.1129039142238251e-10
6,1589,0.0,4.457514335395259e-16,1.2816297907415043e-10
6,1590,0.0,3.8721166795251475e-16,1.4436433970301606e-10
6,1591,0.0,2.292012345234243e-16,1.3907150172525686e-10
6,1592,0.0,2.962444526161419e-16,1.3343429927358547e-10
6,1593,0.0,3.4089451755692744e-16,1.0825764430884079e-10
6,1594,0.0,4.697175049207787e-16,1.433808207035357e-10
6,1595,0.0,5.715222817774257e-16,1.384920989803147e-10
6,1596,0.0,4.444776180543708e-16,1.2369822141884567e-10
6,1597,0.0,7.490509454225692e-16,1.0637620263260668e-10
6,1598,0.0,2.222110759754736e-16,1.3747291651312086e-10
6,1599,0.0,2.4924445086331347e-16,1.1549355168545961e-10
6,1600,0.0,3.9441835111961047e-16,1.1760664168152188e-10
6,1601,0.0,3.796248498485888e-16,1.0068568498852036e-10
6,1602,0.0,4.3619191828596824e-16,1.0265708915343642e-10
6,1603,0.0,5.55555424028711e-16,1.122968628461785e-10
6,1604,0.0,4.504277567618685e-16,1.237117040781922e-10
6,1605,0.0,3.7155169009665004e-16,9.746731251509965e-11
6,1606,0.0,1.7669645020330872e-16,1.011327918836033e-10
6,1607,0.0,2.612211099846594e-16,9.692512593203399e-11
6,1608,0.0,4.3113263712307943e-16,1.1676803783928986e-10
6,1609,0.0,1.0277998708388705e-16,8.097972164721064e-11
6,1610,0.0,1.477055666182511e-16,1.8758681517073943e-10
6,1611,0.0,3.2333994780273006e-16,1.169350687603196e-10
6,1612,0.0,2.1482170038296687e-16,1.2885449968796104e-10
6,1613,0.0,2.5873199141000964e-16,1.1961789535834744e-10
6,1614,0.0,3.3031700524402496e-16,9.979564957072378e-11
6,1615,0.0,2.7601939626056724e-16,1.0623000263538343e-10
6,1616,0.0,4.447548448124749e-16,1.3795727336078313e-10
6,1617,0.0,1.9116318980593825e-16,9.269463203406952e-11
6,1618,0.0,2.523896156671203e-16,1.1054514074976533e-10
6,1619,0.0,3.1745390317648367e-16,1.0602150649129431e-10
6,1620,0.0,2.6018094939729557e-16,1.960907232926635e-10
6,1621,0.0,5.760335218184686e-16,1.2823636459939395e-10
6,1622,0.0,1.0551158040132177e-16,2.0334540123251918e-10
6,1623,0.0,3.2423454716045283e-16,1.2158561330743345e-10
6,1624,0.0,1.8141193700991422e-16,1.3617462035099363e-10
6,1625,0.0,4.1427834929205073e-16,1.2080577997324612e-10
6,1626,0.0,3.798358382169021e-16,1.035307702527032e-10
6,1627,0.0,2.421966223426096e-16,1.180065551751088e-10
6,1628,0.0,2.912087692897636e-16,1.4372141172077025e-10
6,1629,0.0,2.19925065082094e-16,1.1744998671603442e-10
6,1630,0.0,4.034251671728104e-16,1.2574359105823538e-10
6,1631,0.0,2.664766545525802e-16,1.1131274262464781e-10
6,1632,0.0,3.680853983408046e-16,1.222415128793129e-10
6,1633,0.0,1.4891066787741193e-16,1.1766180783120585e-10
6,1634,0.0,3.0558371955249395e-16,1.3733308688336935e-10
6,1635,0.0,3.8040330216952553e-16,1.0177765261636478e-10
6,1636,0.0,4.541884264435792e-16,1.274205967418675e-10
6,1637,0.0,1.302325207551929e-16,9.210256608997893e-11
6,1638,0.0,5.051209746510444e-16,1.0591451424504605e-10
6,1639,0.0,2.848755265455627e-16,1.1166242626364382e-10
6,1640,0.0,2.446524497805903e-16,9.911540115647144e-11
6,1641,0.0,5.610746875325601e-16,1.1619074545237704e-10
6,1642,0.0,2.0495571034498863e-16,1.3957003456536505e-10
6,1643,0.0,6.604100794007212e-16,1.0862763148690223e-10
6,1644,0.0,2.8148040281365126e-16,1.1363012388818836e-10
6,1645,0.0,5.238088235197869e-16,1.2839327791597644e-10
6,1646,0.0,3.633670238359101e-16,1.2291169267066588e-10
6,1647,0.0,3.089533452347497e-16,1.1297550128733599e-10
6,1648,0.0,4.029360185634929e-16,1.1823166830150415e-10
6,1649,0.0,1.881492309891085e-16,1.4908514018475504e-10
6,1650,0.0,3.774758283725532e-16,1.2407353000484883e-10
6,1651,0.0,8.221949233410717e-16,1.0728596507856246e-10
6,1652,0.0,2.0947646133377082e-16,9.696352699236746e-11
6,1653,0.0,4.468561475845091e-16,1.180259520883283e-10
6,1654,0.0,2.365582813264324e-16,1.4479696411563293e-10
6,1655,0.0,4.522847482340341e-16,1.492396794917968e-10
6,1656,0.0,1.9635574028450747e-16,1.0324194906696184e-10
6,1657,0.0,6.220023876194769e-16,9.272595936022832e-11
6,1658,0.0,2.918429815167415e-16,1.270310937773756e-10
6,1659,0.0,4.604414927850735e-16,1.278270203033638e-10
6,1660,0.0,1.6748368414269855e-16,1.0141629480597521e-10
6,1661,0.0,2.311824524671446e-16,1.4232372945073977e-10
6,1662,0.0,6.473276234582348e-16,1.0788992350454978e-10
6,1663,0.0,4.1334007274708974e-16,9.242231929322514e-11
6,1664,0.0,6.473657049138938e-16,1.0874516078820139e-10
6,1665,0.0,5.025767613911857e-16,9.575932225436375e-11
6,1666,0.0,5.001674865164801e-16,1.0360664713267234e-10
6,1667,0.0,4.440892098500626e-16,1.0055330192501264e-10
6,1668,0.0,2.8007562597076233e-16,1.206850941718252e-10
6,1669,0.0,4.3073219539136696e-16,1.810213090758392e-10
6,1670,0.0,5.056087786996821e-16,1.322248786000613e-10
6,1671,0.0,4.2252702116294316e-16,9.471761599689402e-11
6,1672,0.0,2.8591206918129103e-16,1.4964640142753386e-10
6,1673,0.0,2.5856519819473146e-16,1.3756504161905248e-10
6,1674,0.0,6.530150251552664e-16,1.1295007173569842e-10
6,1675,0.0,4.509747244882934e-16,8.5796532744203e-11
6,1676,0.0,2.841823977166796e-16,1.4907962327908517e-10
6,1677,0.0,4.250284076336683e-16,1.7620999894656264e-10
6,1678,0.0,2.999657430470547e-16,1.3811830223900352e-10
6,1679,0.0,4.612438892568569e-16,1.1690700657420547e-10
6,1680,0.0,4.819953698818983e-16,1.461696621075208e-10
6,1681,0.0,2.4555764179277966e-16,1.4268842457474153e-10
6,1682,0.0,6.721756343883156e-16,1.01906204443602e-10
6,1683,0.0,3.0315391380987956e-16,1.395730664439758e-10
6,1684,0.0,2.6716958279500586e-16,1.1519461064603434e-10
6,1685,0.0,2.708125039252544e-16,1.2266723507841245e-10
6,1686,0.0,5.993148011758444e-16,1.6957285066613914e-10
6,1687,0.0,4.367002677319761e-16,1.326620880367274e-10
6,1688,0.0,6.151477184166451e-16,1.3869335341428525e-10
6,1689,0.0,2.0906416366728584e-16,8.988207274058925e-11
6,1690,0.0,4.3681315393464543e-16,1.0874737418405921e-10
6,1691,0.0,4.2763046967159136e-16,1.440753256758292e-10
6,1692,0.0,6.492289599370178e-16,1.1970721312965728e-10
6,1693,0.0,5.785955812596281e-16,1.2755056215164174e-10
6,1694,0.0,5.794470836795135e-16,1.1277460133542926e-10
6,1695,0.0,4.857146430443073e-16,1.1662049975029962e-10
6,1696,0.0,2.2093159237770887e-16,1.1814210933525792e-10
6,1697,0.0,1.6013788557210602e-16,1.1779589745464917e-10
6,1698,0.0,7.508916912622739e-16,1.20983954915347e-10
6,1699,0.0,2.518028896917961e-16,1.8854548942703828e-10
6,1700,0.0,3.1299626781662174e-16,1.3294780986057737e-10
6,1701,0.0,2.2787986808075416e-16,1.1417017530342791e-10
6,1702,0.0,4.190705895488584e-16,1.22172617175097e-10
6,1703,0.0,2.6663849887636946e-16,1.633027262332033e-10
6,1704,0.0,2.395613300489639e-16,1.848918694258739e-10
6,1705,0.0,2.5462620770033064e-16,1.6524980684507612e-10
6,1706,0.0,4.290117829959654e-16,1.0140030200872882e-10
6,1707,0.0,4.2763046967159136e-16,1.0574287127869701e-10
6,1708,0.0,7.800373561300008e-16,1.0118111967426249e-10
6,1709,0.0,2.9848279428368734e-16,1.1577509425429924e-10
6,1710,0.0,5.442131623765761e-16,1.284964148758641e-10
6,1711,0.0,1.881492309891085e-16,9.908774514333567e-11
6,1712,0.0,5.164625771320267e-16,1.1266326340459731e-10
6,1713,0.0,3.844643183909101e-16,1.516307356670396e-10
6,1714,0.0,3.781446350577415e-16,1.0807439094344762e-10
6,1715,0.0,1.8630587706705476e-16,9.744851827096403e-11
6,1716,0.0,2.8204909485917766e-16,1.1281153864601621e-10
6,1717,0.0,2.8060324143240443e-16,1.189618106951397e-10
6,1718,0.0,1.1171403689612728e-16,9.260439301759119e-11
6,1719,0.0,2.578969466113288e-16,8.345907247855739e-11
6,1720,0.0,4.1836409184574146e-16,1.0922625588878e-10
6,1721,0.0,6.502154576691376e-16,1.3767309915125312e-10
6,1722,0.0,1.5003422672843023e-16,1.1645712933376037e-10
6,1723,0.0,1.8567629560201547e-16,1.1094713220389881e-10
6,1724,0.0,3.1480255910393994e-16,9.996517719006334e-11
6,1725,0.0,2.8763133945217723e-16,1.5207295487578413e-10
6,1726,0.0,2.790174019375827e-16,1.1063393979266897e-10
6,1727,0.0,1.562025008745155e-16,1.183512963924553e-10
6,1728,0.0,3.7393260816679835e-16,1.0610971643335749e-10
6,1729,0.0,5.974609272684766e-16,1.216468965232556e-10
6,1730,0.0,4.1971716774176295e-16,1.013109151673895e-10
6,1731,0.0,2.167921899397453e-16,1.1215200661760822e-10
6,1732,0.0,2.437944602072525e-16,1.1757965731657448e-10
6,1733,0.0,6.596257219332523e-16,1.0753856056692582e-10
6,1734,0.0,4.509747244882934e-16,1.2479548581020782e-10
6,1735,0.0,4.586712795250305e-16,1.0703243708807533e-10
6,1736,0.0,3.026656118867652e-16,1.316783015753327e-10
6,1737,0.0,3.6255199397114215e-16,1.0786468107703564e-10
6,1738,0.0,2.3139562213204507e-16,1.0320952187725183e-10
6,1739,0.0,5.860042771209283e-16,1.0567514072348536e-10
6,1740,0.0,2.4963976348422526e-16,1.4388909887759175e-10
6,1741,0.0,3.75117400247973e-16,1.1671833104573046e-10
6,1742,0.0,4.531559934397256e-16,1.586988734085117e-10
6,1743,0.0,2.684812194820523e-16,1.0398256555244592e-10
6,1744,0.0,4.859683461919515e-16,1.392283449729924e-10
6,1745,0.0,3.818909004581473e-16,1.2695039665533597e-10
6,1746,0.0,2.1849121427992316e-16,1.4380954669075082e-10
6,1747,0.0,4.60762619054112e-16,1.2157819318036127e-10
6,1748,0.0,4.531559934397256e-16,1.3964730789879978e-10
6,1749,0.0,2.6838938393310874e-16,1.1552134975498779e-10
6,1750,0.0,5.315174613145601e-16,1.1378622717986951e-10
6,1751,0.0,4.232265696902145e-16,1.0522681534646842e-10
6,1752,0.0,2.324585382549742e-16,1.256096040315567e-10
6,1753,0.0,1.6756645799565733e-16,9.768409549516351e-11
6,1754,0.0,4.429219416185547e-16,9.89959622137778e-11
6,1755,0.0,2.308356319058012e-16,1.1367552681429444e-10
6,1756,0.0,1.9100999153570944e-16,1.0510715085425114e-10
6,1757,0.0,2.9474278140009457e-16,1.3861065286205813e-10
6,1758,0.0,2.6461997522864537e-16,1.0957430804242341e-10
6,1759,0.0,3.84576512253798e-16,1.0121536200387401e-10
6,1760,0.0,4.297007745260568e-16,1.075298749200025e-10
6,1761,0.0,3.424997544476394e-16,1.341883942368586e-10
6,1762,0.0,3.0347901193419147e-16,1.5453855764354523e-10
6,1763,0.0,6.464892639073037e-16,1.2257610008573515e-10
6,1764,0.0,2.900211958102207e-16,1.0692063945286384e-10
6,1765,0.0,2.233728995541514e-16,1.3206846534420766e-10
6,1766,0.0,3.319733929845947e-16,1.0788969346467461e-10
6,1767,0.0,3.5506314004080025e-16,1.299254426366691e-10
6,1768,0.0,7.196437898555049e-16,9.736478833307288e-11
6,1769,0.0,3.614624287906422e-16,1.1490079221822195e-10
6,1770,0.0,4.471318996302435e-16,1.453284215786981e-10
6,1771,0.0,2.4079301595715843e-16,1.4250096163528423e-10
6,1772,0.0,2.4944218548454733e-16,1.031629360700394e-10
6,1773,0.0,2.8737410463596867e-16,1.0167753801407451e-10
6,1774,0.0,4.504277567618685e-16,1.2986795224832421e-10
6,1775,0.0,4.439781736663418e-16,1.298510772197715e-10
6,1776,0.0,2.256512934633602e-16,1.4496940750400856e-10
6,1777,0.0,6.297225708939511e-16,9.713027053032241e-11
6,1778,0.0,5.367787678662175e-16,1.456036137917567e-10
6,1779,0.0,4.582949007081515e-16,9.557429089198394e-11
6,1780,0.0,5.356754187697463e-16,1.0805282934255334e-10
6,1781,0.0,5.702700309304024e-16,1.2823943907413723e-10
6,1782,0.0,3.3849969938443367e-16,1.2386968882002137e-10
6,1783,0.0,2.905095366885641e-16,1.7369798892205428e-10
6,1784,0.0,1.766615678714708e-16,1.1908543392601003e-10
6,1785,0.0,1.584257524370784e-16,9.232565070865927e-11
6,1786,0.0,4.2964340076593374e-16,1.6278296016311284e-10
6,1787,0.0,3.505211633955539e-16,1.2125607166557063e-10
6,1788,0.0,2.6103229817105947e-16,9.699880848418757e-11
6,1789,0.0,4.746252124015065e-16,1.2007475021906722e-10
6,1790,0.0,3.014413964938215e-16,1.7018685602002695e-10
6,1791,0.0,6.549374910737093e-16,1.1146017245506884e-10
6,1792,0.0,4.2906924121399523e-16,1.1786675758462594e-10
6,1793,0.0,5.097362657857205e-16,1.1240303867211245e-10
6,1794,0.0,2.1857581881911714e-16,1.4351493907768176e-10
6,1795,0.0,2.311824524671446e-16,9.271541342969978e-11
6,1796,0.0,4.59637695559777e-16,1.6625877939092016e-10
6,1797,0.0,2.0956470530089513e-16,1.4634739892503717e-10
6,1798,0.0,2.703797684758023e-16,1.1895181891110058e-10
6,1799,0.0,6.688299014449713e-16,1.2419996277618256e-10
6,1800,0.0,3.4449130965698678e-16,9.938378506377218e-11
6,1801,0.0,3.9383978403543926e-16,1.1694574202727683e-10
6,1802,0.0,4.415841426153331e-16,1.4777034280400392e-10
6,1803,0.0,2.7530397138333754e-16,1.401312104476023e-10
6,1804,0.0,2.364801103881324e-16,1.1765135738771706e-10
6,1805,0.0,2.375981029593432e-16,9.533935769763671e-11
6,1806,0.0,2.0374936843400458e-16,9.762654848052694e-11
6,1807,0.0,3.950272747723015e-16,1.0522576664292627e-10
6,1808,0.0,4.609765789537577e-16,1.0168607496571185e-10
6,1809,0.0,1.8414313175586926e-16,1.3246027928471628e-10
6,1810,0.0,1.7271017045521526e-16,1.5584338238681998e-10
6,1811,0.0,4.3420934622347986e-16,1.1427882475568761e-10
6,1812,0.0,2.9222284816587244e-16,1.13992648908951e-10
6,1813,0.0,2.8244213396813663e-16,9.644946438091523e-11
6,1814,0.0,4.499897038921207e-16,1.2303100892273417e-10
6,1815,0.0,3.229966791090565e-16,1.015740911830616e-10
6,1816,0.0,6.621994077992897e-16,1.0128229677472345e-10
6,1817,0.0,4.3803891293282043e-16,1.0608929332233899e-10
6,1818,0.0,4.0997155586534516e-16,1.511944576743412e-10
6,1819,0.0,4.980931184949339e-16,1.1878674130139764e-10
6,1820,0.0,4.2241031710846934e-16,1.4631700427595673e-10
6,1821,0.0,1.9922239907684114e-16,1.1926529606639517e-10
6,1822,0.0,3.372593686935244e-16,1.0529791734886536e-10
6,1823,0.0,1.7628614688236974e-16,9.818489462166558e-11
6,1824,0.0,2.2436395992764927e-16,1.2638652260024874e-10
6,1825,0.0,1.6778698863462225e-16,1.29292550255918e-10
6,1826,0.0,3.703554912449705e-16,1.0719054133087046e-10
6,1827,0.0,4.662936703425658e-16,1.000107350191954e-10
6,1828,0.0,5.314710790585867e-16,1.0541958276777776e-10
6,1829,0.0,2.2973838368880225e-16,9.871135124757017e-11
6,1830,0.0,1.8580072407596351e-16,1.182473712148365e-10
6,1831,0.0,3.153502463363931e-16,1.2495576708558837e-10
6,1832,0.0,1.8527756293938588e-16,1.2292173423962162e-10
6,1833,0.0,2.567953295833453e-16,1.1264334993023393e-10
6,1834,0.0,5.195559074876494e-16,1.3824344511292134e-10
6,1835,0.0,4.160596890945286e-16,1.311299466665813e-10
6,1836,0.0,4.943173731442265e-16,9.332898187405258e-11
6,1837,0.0,4.720733054568282e-16,1.1450048515626246e-10
6,1838,0.0,2.658051068430719e-16,1.0625666322167502e-10
6,1839,0.0,2.1721819190282328e-16,9.418467647542578e-11
6,1840,0.0,3.5234498003967183e-16,1.703166671610758e-10
6,1841,0.0,2.5015766327855235e-16,9.743368010029482e-11
6,1842,0.0,3.362161544718549e-16,1.0774862375354324e-10
6,1843,0.0,3.8105079762053046e-16,1.0656209644912384e-10
6,1844,0.0,5.1238927586247155e-16,1.2994433174442348e-10
6,1845,0.0,4.3147557709812356e-16,1.3290626389509447e-10
6,1846,0.0,3.4634688016520386e-16,1.0860193601453907e-10
6,1847,0.0,4.466906146476996e-16,9.955269034391131e-11
6,1848,0.0,5.413973864881343e-16,1.2671413639705238e-10
6,1849,0.0,2.3997259443764375e-16,1.5225764398550194e-10
6,1850,0.0,4.265337574760008e-16,1.4748130598729265e-10
6,1851,0.0,6.400895504920878e-16,1.0950257146104871e-10
6,1852,0.0,3.76298461978217e-16,1.0784045181368233e-10
6,1853,0.0,3.956352612295199e-16,1.0618130163980993e-10
6,1854,0.0,3.03742897951419e-16,1.0885879608221674e-10
6,1855,0.0,3.8829246774868795e-16,1.419619065598089e-10
6,1856,0.0,6.64688957882063e-16,1.227437110622593e-10
6,1857,0.0,3.934640423845914e-16,1.2368540771431756e-10
6,1858,0.0,1.827826357487884e-16,9.220363937882741e-11
6,1859,0.0,3.1287810399142656e-16,1.337550132838621e-10
6,1860,0.0,1.8736144289136712e-16,1.089706221348668e-10
6,1861,0.0,4.487828537992952e-16,1.437297340763875e-10
6,1862,0.0,4.148135544450461e-16,1.3015557508696597e-10
6,1863,0.0,2.680677117539084e-16,1.080103812324883e-10
6,1864,0.0,3.094317248945239e-16,1.2818743718659226e-10
6,1865,0.0,6.050868265263276e-16,9.963564299591629e-11
6,1866,0.0,2.837483323988346e-16,1.3214031173861247e-10
6,1867,0.0,2.8340060146868824e-16,1.0107605163010154e-10
6,1868,0.0,3.4298525112762997e-16,1.202034486594816e-10
6,1869,0.0,2.9348551938523175e-16,9.76683630792948e-11
6,1870,0.0,4.4236501704066433e-16,1.52117849952378e-10
6,1871,0.0,4.3602233676528987e-16,9.974402957099278e-11
6,1872,0.0,6.09713622601137e-16,1.0006572290263702e-10
6,1873,0.0,6.374265996923861e-16,1.0641859379879878e-10
6,1874,0.0,2.7700008841945786e-16,1.173495345619179e-10
6,1875,0.0,2.1755839288168293e-16,1.0395162163380266e-10
6,1876,0.0,5.939433778177186e-16,1.2808595204546312e-10
6,1877,0.0,2.2436395992764927e-16,9.314226405133398e-11
6,1878,0.0,1.5360648728057322e-16,1.2920428697479444e-10
6,1879,0.0,2.5092022835545166e-16,1.5863178615821335e-10
6,1880,0.0,2.252412417099194e-16,1.5589506181178767e-10
6,1881,0.0,6.140245995797459e-16,1.1894392230030583e-10
6,1882,0.0,5.577254841675788e-16,1.1520038541848079e-10
6,1883,0.0,3.051800953906655e-16,1.0628916609966451e-10
6,1884,0.0,2.813051893495439e-16,1.3008829109169686e-10
6,1885,0.0,4.070144838902081e-16,1.1232011868971716e-10
6,1886,0.0,2.973035473042418e-16,1.25831745001407e-10
6,1887,0.0,1.265483807623343e-16,1.0536200172040635e-10
6,1888,0.0,4.439226451596314e-16,1.3114378307070212e-10
6,1889,0.0,2.9484731124038476e-16,1.24498667751745e-10
6,1890,0.0,2.300868581890681e-16,1.172106193769744e-10
6,1891,0.0,2.2298629763331175e-16,8.946874329064064e-11
6,1892,0.0,8.488379287627537e-16,1.0310535324237155e-10
6,1893,0.0,5.197930934883577e-16,1.1762029932050757e-10
6,1894,0.0,6.671692182429852e-16,1.058473909241322e-10
6,1895,0.0,3.0398628172280257e-16,1.243914570322186e-10
6,1896,0.0,3.0461412307478706e-16,1.0086056620898602e-10
6,1897,0.0,2.1871675365793978e-16,1.1358659295024124e-10
6,1898,0.0,2.575143099812927e-16,1.2910434961221596e-10
6,1899,0.0,3.3378777226079425e-16,1.1486438080908587e-10
6,1900,0.0,1.0104421019623071e-16,8.903436657303689e-11
6,1901,0.0,6.663928164625226e-16,1.1921670962965579e-10
6,1902,0.0,4.648110158090109e-16,1.191931203488919e-10
6,1903,0.0,2.4166166201870547e-16,1.3980741686811973e-10
6,1904,0.0,3.3150895140041426e-16,1.3076792354535447e-10
6,1905,0.0,2.2749415259644324e-16,1.347297967879524e-10
6,1906,0.0,1.7256737574667234e-16,1.0800802257737281e-10
6,1907,0.0,3.2398735191511856e-16,1.1384915196731979e-10
6,1908,0.0,2.690544814822305e-16,8.790576614271361e-11
6,1909,0.0,4.192470279495809e-16,1.3055035598363912e-10
6,1910,0.0,2.14362188198208e-16,1.2688000190176064e-10
6,1911,0.0,3.608481026249733e-16,1.2088340688216164e-10
6,1912,0.0,4.031806670490349e-16,1.0494371267835057e-10
6,1913,0.0,3.648565166692871e-16,1.1586368060690755e-10
6,1914,0.0,2.4477837106628653e-16,8.420771287081505e-11
6,1915,0.0,2.0579594225604418e-16,1.5727716226931905e-10
6,1916,0.0,3.7884479796302845e-16,1.1443310694080371e-10
6,1917,0.0,1.1283930187808189e-16,8.572219018517993e-11
6,1918,0.0,2.9036099814798757e-16,1.0007356611957265e-10
6,1919,0.0,6.155483356642005e-16,1.276322913652619e-10
6,1920,0.0,4.2135852605744667e-16,1.293876352405405e-10
6,1921,0.0,5.3907015866285e-16,1.1651053812295991e-10
6,1922,0.0,2.1619437697207796e-16,1.2382824377549061e-10
6,1923,0.0,2.7169859108281184e-16,1.2448514224739217e-10
6,1924,0.0,3.3798952622428667e-16,1.2411681237707147e-10
6,1925,0.0,4.783502548558637e-16,1.0188074469085365e-10
6,1926,0.0,2.3519964068557473e-16,1.217692704085762e-10
6,1927,0.0,3.9974196316352777e-16,1.068387654860193e-10
6,1928,0.0,3.977016614207349e-16,1.4925529489825197e-10
6,1929,0.0,4.340957829035767e-16,9.334747568300169e-11
6,1930,0.0,3.7008914421933287e-16,1.2373176661605214e-10
6,1931,0.0,3.7851930189987176e-16,1.4089313546989944e-10
6,1932,0.0,2.486007271578437e-16,9.869509941324191e-11
6,1933,0.0,2.569392866139459e-16,9.97282288908772e-11
6,1934,0.0,2.2229426475082515e-16,1.060959692704135e-10
6,1935,0.0,1.7026637444566728e-16,1.1352215210701233e-10
6,1936,0.0,2.998424441134163e-16,1.4331303356561634e-10
6,1937,0.0,1.8161565626221092e-16,1.0983662855105964e-10
6,1938,0.0,4.4381156730348003e-16,1.061244420566236e-10
6,1939,0.0,1.8327088756841168e-16,9.859064890184324e-11
6,1940,0.0,3.522750078455473e-16,1.2952250342401789e-10
6,1941,0.0,2.220446049250313e-16,1.2390855306706196e-10
6,1942,0.0,2.1172974786154357e-16,1.1937738325435773e-10
6,1943,0.0,2.2312444664454026e-16,1.2248518823504696e-10
6,1944,0.0,1.3184336656070884e-16,1.2331799891282313e-10
6,1945,0.0,2.2806910342703255e-16,1.0403177905870392e-10
6,1946,0.0,3.2686594935978077e-16,1.0255831100247869e-10
6,1947,0.0,3.053819741554771e-16,1.1101979468406662e-10
6,1948,0.0,2.3935543286434082e-16,1.100498833439451e-10
6,1949,0.0,6.558778181783044e-16,1.2459068783153489e-10
6,1950,0.0,1.4056493334205913e-16,1.0869496204372166e-10
6,1951,0.0,2.657123463772065e-16,9.243993781498147e-11
6,1952,0.0,2.580880521926561e-16,9.306429750474511e-11
6,1953,0.0,2.803395578270097e-16,1.1162263154553922e-10
6,1954,0.0,2.25623979864826e-16,9.051660934931924e-11
6,1955,0.0,2.2237742240623747e-16,1.8696604161137223e-10
6,1956,0.0,3.782587033823029e-16,1.4652788312618315e-10
6,1957,0.0,1.3159772817161406e-16,8.915341660277317e-11
6,1958,0.0,1.5515341943020443e-16,1.034261719177744e-10
6,1959,0.0,2.4778128488478314e-16,1.0572539032299509e-10
6,1960,0.0,4.472421528435158e-16,1.059653063283381e-10
6,1961,0.0,6.237042840057389e-16,1.3838472155834104e-10
6,1962,0.0,4.350034593424404e-16,1.1220640166928065e-10
6,1963,0.0,6.73750804933186e-16,1.1800287097035802e-10
6,1964,0.0,2.3032780091884925e-16,1.6418175813764005e-10
6,1965,0.0,2.3107579389054846e-16,1.2754745995826256e-10
6,1966,0.0,1.0976619576211316e-16,1.0574578022612832e-10
6,1967,0.0,4.0780110296798433e-16,1.5103257241834694e-10
6,1968,0.0,4.0507168289818833e-16,1.4376616485002232e-10
6,1969,0.0,3.2731815056658357e-16,1.33499926861363e-10
6,1970,0.0,1.5411719183186185e-16,1.381490086125597e-10
6,1971,0.0,2.4125327700020527e-16,1.1812995120665879e-10
6,1972,0.0,2.924547460005725e-16,1.1867905957705125e-10
6,1973,0.0,1.4958169581173077e-16,1.0845303459371069e-10
6,1974,0.0,2.3214017443758066e-16,1.523566486213259e-10
6,1975,0.0,3.0825437746153695e-16,9.530121512729112e-11
6,1976,0.0,2.5665129180651805e-16,1.0861877514564181e-10
6,1977,0.0,2.438450137506071e-16,9.70157383863807e-11
6,1978,0.0,3.568637448475498e-16,1.3866753337202566e-10
6,1979,0.0,1.9660667424029526e-16,9.747561490562746e-11
6,1980,0.0,3.117533138774269e-16,1.4059014739925815e-10
6,1981,0.0,2.2820417545748556e-16,1.0226955965697743e-10
6,1982,0.0,2.808227886386947e-16,9.748400287267436e-11
6,1983,0.0,2.6008618306765504e-16,1.2805967335952036e-10
6,1984,0.0,3.0967063759893227e-16,1.9303015789495494e-10
6,1985,0.0,1.3953078736186393e-16,1.1560427870770289e-10
6,1986,0.0,4.430888824907248e-16,1.2411421858967528e-10
6,1987,0.0,1.4623790925227244e-16,9.905096105950688e-11
6,1988,0.0,2.638502887733009e-16,1.0058067241821319e-10
6,1989,0.0,7.849520181413553e-16,1.2187254032980576e-10
6,1990,0.0,2.1863220365658781e-16,9.508608728982116e-11
6,1991,0.0,2.8316128874676603e-16,9.46548738181355e-11
6,1992,0.0,4.856638865111164e-16,1.0880400192641716e-10
6,1993,0.0,1.7427319028183583e-16,1.1473496261854091e-10
6,1994,0.0,4.774733517264313e-16,1.1876339065834234e-10
6,1995,0.0,4.230517910043841e-16,9.947017068320145e-11
6,1996,0.0,2.2671395712616934e-16,1.0475728571985309e-10
6,1997,0.0,5.942338451313215e-16,1.1368493103479757e-10
6,1998,0.0,4.631107411915238e-16,9.608037061447956e-11
6,1999,0.0,3.335291795147866e-16,1.1389839150899915e-10
