seed,rotation,criterion,alternative,class,theta,semantic_ceiling,contrast,min_derivative,max_abs_departure,lower_bound_ok,semantic_ceiling_ok,monotonicity_ok,structural_zero_ok
25001,0,C1,A1,D,0.21262906812746674,0.4,-1.0,0.16262906812746675,0.0125,True,True,True,True
25001,0,C1,A2,I,0.12820435277030956,0.2,-0.6,0.09820435277030956,0.0075,True,True,True,True
25001,0,C1,A3,I,0.1616129446274917,0.2,-0.2,0.1516129446274917,0.0025000000000000005,True,True,True,True
25001,0,C1,A4,I,0.10088820811616948,0.2,0.2,0.09088820811616949,0.0025000000000000005,True,True,True,True
25001,0,C1,A5,I,0.09672837597013259,0.2,0.6,0.06672837597013259,0.0075,True,True,True,True
25001,0,C1,A6,D,0.21688572150661267,0.4,1.0,0.16688572150661268,0.0125,True,True,True,True
25001,0,C2,A1,D,0.2015462223402027,0.4,-1.0,0.1515462223402027,0.0125,True,True,True,True
25001,0,C2,A2,D,0.2635756403853219,0.4,-0.6,0.2335756403853219,0.0075,True,True,True,True
25001,0,C2,A3,D,0.3674026234421102,0.4,-0.2,0.3574026234421102,0.0025000000000000005,True,True,True,True
25001,0,C2,A4,I,0.06282790239101588,0.2,0.2,0.052827902391015875,0.0025000000000000005,True,True,True,True
25001,0,C2,A5,I,0.09581809570485975,0.2,0.6,0.06581809570485975,0.0075,True,True,True,True
25001,0,C2,A6,D,0.27112355861088433,0.4,1.0,0.22112355861088434,0.0125,True,True,True,True
25001,0,C3,A1,D,0.29822082031422614,0.4,-1.0,0.24822082031422615,0.0125,True,True,True,True
25001,0,C3,A2,D,0.21693377483800724,0.4,-0.6,0.18693377483800724,0.0075,True,True,True,True
25001,0,C3,A3,I,0.19873126397842333,0.2,-0.2,0.18873126397842332,0.0025000000000000005,True,True,True,True
25001,0,C3,A4,I,0.1518606724878218,0.2,0.2,0.1418606724878218,0.0025000000000000005,True,True,True,True
25001,0,C3,A5,0,0.0,0.0,0.0,0.0,0.0,True,True,True,True
25001,0,C3,A6,I,0.11574177137069985,0.2,1.0,0.06574177137069985,0.0125,True,True,True,True
25001,0,C4,A1,I,0.08417996977177727,0.2,-1.0,0.03417996977177727,0.0125,True,True,True,True
25001,0,C4,A2,I,0.10067885503107984,0.2,-0.6,0.07067885503107985,0.0075,True,True,True,True
25001,0,C4,A3,D,0.38045636439253383,0.4,-0.2,0.3704563643925338,0.0025000000000000005,True,True,True,True
25001,0,C4,A4,I,0.14508184017099057,0.2,0.2,0.13508184017099056,0.0025000000000000005,True,True,True,True
25001,0,C4,A5,D,0.2876981400372786,0.4,0.6,0.25769814003727864,0.0075,True,True,True,True
25001,0,C4,A6,D,0.2850787973631115,0.4,1.0,0.2350787973631115,0.0125,True,True,True,True
25001,0,C5,A1,I,0.19176017693427883,0.2,-1.0,0.14176017693427884,0.0125,True,True,True,True
25001,0,C5,A2,0,0.0,0.0,0.0,0.0,0.0,True,True,True,True
25001,0,C5,A3,D,0.23847147741805602,0.4,-0.2,0.228471477418056,0.0025000000000000005,True,True,True,True
25001,0,C5,A4,D,0.325796096555681,0.4,0.2,0.31579609655568097,0.0025000000000000005,True,True,True,True
25001,0,C5,A5,I,0.09005637170258635,0.2,0.6,0.06005637170258635,0.0075,True,True,True,True
25001,0,C5,A6,D,0.3261235117302034,0.4,1.0,0.2761235117302034,0.0125,True,True,True,True
25001,0,C6,A1,I,0.15197667176943364,0.2,-1.0,0.10197667176943363,0.0125,True,True,True,True
25001,0,C6,A2,I,0.18972271884228364,0.2,-0.6,0.15972271884228365,0.0075,True,True,True,True
25001,0,C6,A3,I,0.19783716118833994,0.2,-0.2,0.18783716118833993,0.0025000000000000005,True,True,True,True
25001,0,C6,A4,I,0.17073199819509097,0.2,0.2,0.16073199819509096,0.0025000000000000005,True,True,True,True
25001,0,C6,A5,I,0.0501759566033282,0.2,0.6,0.0201759566033282,0.0075,True,True,True,True
25001,0,C6,A6,I,0.14280384196839946,0.2,1.0,0.09280384196839946,0.0125,True,True,True,True
25001,0,C7,A1,I,0.1214870142435376,0.2,-1.0,0.0714870142435376,0.0125,True,True,True,True
25001,0,C7,A2,D,0.2905913551379999,0.4,-0.6,0.2605913551379999,0.0075,True,True,True,True
25001,0,C7,A3,I,0.19140126786996758,0.2,-0.2,0.18140126786996758,0.0025000000000000005,True,True,True,True
25001,0,C7,A4,D,0.20916995836240382,0.4,0.2,0.1991699583624038,0.0025000000000000005,True,True,True,True
25001,0,C7,A5,I,0.14375007677516513,0.2,0.6,0.11375007677516513,0.0075,True,True,True,True
25001,0,C7,A6,I,0.19382627499108324,0.2,1.0,0.14382627499108325,0.0125,True,True,True,True
25001,1,C1,A1,D,0.21262906812746674,0.4,-0.6,0.18262906812746674,0.0075,True,True,True,True
25001,1,C1,A2,I,0.12820435277030956,0.2,-0.2,0.11820435277030955,0.0025000000000000005,True,True,True,True
25001,1,C1,A3,I,0.1616129446274917,0.2,0.2,0.1516129446274917,0.0025000000000000005,True,True,True,True
25001,1,C1,A4,I,0.10088820811616948,0.2,0.6,0.07088820811616948,0.0075,True,True,True,True
25001,1,C1,A5,I,0.09672837597013259,0.2,1.0,0.04672837597013259,0.0125,True,True,True,True
25001,1,C1,A6,D,0.21688572150661267,0.4,-1.0,0.16688572150661268,0.0125,True,True,True,True
25001,1,C2,A1,D,0.2015462223402027,0.4,-0.6,0.1715462223402027,0.0075,True,True,True,True
25001,1,C2,A2,D,0.2635756403853219,0.4,-0.2,0.2535756403853219,0.0025000000000000005,True,True,True,True
25001,1,C2,A3,D,0.3674026234421102,0.4,0.2,0.3574026234421102,0.0025000000000000005,True,True,True,True
25001,1,C2,A4,I,0.06282790239101588,0.2,0.6,0.03282790239101588,0.0075,True,True,True,True
25001,1,C2,A5,I,0.09581809570485975,0.2,1.0,0.04581809570485974,0.0125,True,True,True,True
25001,1,C2,A6,D,0.27112355861088433,0.4,-1.0,0.22112355861088434,0.0125,True,True,True,True
25001,1,C3,A1,D,0.29822082031422614,0.4,-0.6,0.2682208203142261,0.0075,True,True,True,True
25001,1,C3,A2,D,0.21693377483800724,0.4,-0.2,0.20693377483800723,0.0025000000000000005,True,True,True,True
25001,1,C3,A3,I,0.19873126397842333,0.2,0.2,0.18873126397842332,0.0025000000000000005,True,True,True,True
25001,1,C3,A4,I,0.1518606724878218,0.2,0.6,0.12186067248782181,0.0075,True,True,True,True
25001,1,C3,A5,0,0.0,0.0,0.0,0.0,0.0,True,True,True,True
25001,1,C3,A6,I,0.11574177137069985,0.2,-1.0,0.06574177137069985,0.0125,True,True,True,True
25001,1,C4,A1,I,0.08417996977177727,0.2,-0.6,0.054179969771777275,0.0075,True,True,True,True
25001,1,C4,A2,I,0.10067885503107984,0.2,-0.2,0.09067885503107984,0.0025000000000000005,True,True,True,True
25001,1,C4,A3,D,0.38045636439253383,0.4,0.2,0.3704563643925338,0.0025000000000000005,True,True,True,True
25001,1,C4,A4,I,0.14508184017099057,0.2,0.6,0.11508184017099057,0.0075,True,True,True,True
25001,1,C4,A5,D,0.2876981400372786,0.4,1.0,0.23769814003727863,0.0125,True,True,True,True
25001,1,C4,A6,D,0.2850787973631115,0.4,-1.0,0.2350787973631115,0.0125,True,True,True,True
25001,1,C5,A1,I,0.19176017693427883,0.2,-0.6,0.16176017693427883,0.0075,True,True,True,True
25001,1,C5,A2,0,0.0,0.0,0.0,0.0,0.0,True,True,True,True
25001,1,C5,A3,D,0.23847147741805602,0.4,0.2,0.228471477418056,0.0025000000000000005,True,True,True,True
25001,1,C5,A4,D,0.325796096555681,0.4,0.6,0.29579609655568095,0.0075,True,True,True,True
25001,1,C5,A5,I,0.09005637170258635,0.2,1.0,0.040056371702586344,0.0125,True,True,True,True
25001,1,C5,A6,D,0.3261235117302034,0.4,-1.0,0.2761235117302034,0.0125,True,True,True,True
25001,1,C6,A1,I,0.15197667176943364,0.2,-0.6,0.12197667176943364,0.0075,True,True,True,True
25001,1,C6,A2,I,0.18972271884228364,0.2,-0.2,0.17972271884228364,0.0025000000000000005,True,True,True,True
25001,1,C6,A3,I,0.19783716118833994,0.2,0.2,0.18783716118833993,0.0025000000000000005,True,True,True,True
25001,1,C6,A4,I,0.17073199819509097,0.2,0.6,0.14073199819509097,0.0075,True,True,True,True
25001,1,C6,A5,I,0.0501759566033282,0.2,1.0,0.00017595660332819785,0.0125,True,True,True,True
25001,1,C6,A6,I,0.14280384196839946,0.2,-1.0,0.09280384196839946,0.0125,True,True,True,True
25001,1,C7,A1,I,0.1214870142435376,0.2,-0.6,0.0914870142435376,0.0075,True,True,True,True
25001,1,C7,A2,D,0.2905913551379999,0.4,-0.2,0.2805913551379999,0.0025000000000000005,True,True,True,True
25001,1,C7,A3,I,0.19140126786996758,0.2,0.2,0.18140126786996758,0.0025000000000000005,True,True,True,True
25001,1,C7,A4,D,0.20916995836240382,0.4,0.6,0.17916995836240382,0.0075,True,True,True,True
25001,1,C7,A5,I,0.14375007677516513,0.2,1.0,0.09375007677516513,0.0125,True,True,True,True
25001,1,C7,A6,I,0.19382627499108324,0.2,-1.0,0.14382627499108325,0.0125,True,True,True,True
25001,2,C1,A1,D,0.21262906812746674,0.4,-0.2,0.20262906812746673,0.0025000000000000005,True,True,True,True
25001,2,C1,A2,I,0.12820435277030956,0.2,0.2,0.11820435277030955,0.0025000000000000005,True,True,True,True
25001,2,C1,A3,I,0.1616129446274917,0.2,0.6,0.1316129446274917,0.0075,True,True,True,True
25001,2,C1,A4,I,0.10088820811616948,0.2,1.0,0.05088820811616948,0.0125,True,True,True,True
25001,2,C1,A5,I,0.09672837597013259,0.2,-1.0,0.04672837597013259,0.0125,True,True,True,True
25001,2,C1,A6,D,0.21688572150661267,0.4,-0.6,0.18688572150661267,0.0075,True,True,True,True
25001,2,C2,A1,D,0.2015462223402027,0.4,-0.2,0.1915462223402027,0.0025000000000000005,True,True,True,True
25001,2,C2,A2,D,0.2635756403853219,0.4,0.2,0.2535756403853219,0.0025000000000000005,True,True,True,True
25001,2,C2,A3,D,0.3674026234421102,0.4,0.6,0.33740262344211025,0.0075,True,True,True,True
25001,2,C2,A4,I,0.06282790239101588,0.2,1.0,0.012827902391015875,0.0125,True,True,True,True
25001,2,C2,A5,I,0.09581809570485975,0.2,-1.0,0.04581809570485974,0.0125,True,True,True,True
25001,2,C2,A6,D,0.27112355861088433,0.4,-0.6,0.24112355861088433,0.0075,True,True,True,True
25001,2,C3,A1,D,0.29822082031422614,0.4,-0.2,0.28822082031422613,0.0025000000000000005,True,True,True,True
25001,2,C3,A2,D,0.21693377483800724,0.4,0.2,0.20693377483800723,0.0025000000000000005,True,True,True,True
25001,2,C3,A3,I,0.19873126397842333,0.2,0.6,0.16873126397842333,0.0075,True,True,True,True
25001,2,C3,A4,I,0.1518606724878218,0.2,1.0,0.10186067248782181,0.0125,True,True,True,True
25001,2,C3,A5,0,0.0,0.0,0.0,0.0,0.0,True,True,True,True
25001,2,C3,A6,I,0.11574177137069985,0.2,-0.6,0.08574177137069985,0.0075,True,True,True,True
25001,2,C4,A1,I,0.08417996977177727,0.2,-0.2,0.07417996977177727,0.0025000000000000005,True,True,True,True
25001,2,C4,A2,I,0.10067885503107984,0.2,0.2,0.09067885503107984,0.0025000000000000005,True,True,True,True
25001,2,C4,A3,D,0.38045636439253383,0.4,0.6,0.3504563643925338,0.0075,True,True,True,True
25001,2,C4,A4,I,0.14508184017099057,0.2,1.0,0.09508184017099057,0.0125,True,True,True,True
25001,2,C4,A5,D,0.2876981400372786,0.4,-1.0,0.23769814003727863,0.0125,True,True,True,True
25001,2,C4,A6,D,0.2850787973631115,0.4,-0.6,0.25507879736311145,0.0075,True,True,True,True
25001,2,C5,A1,I,0.19176017693427883,0.2,-0.2,0.18176017693427882,0.0025000000000000005,True,True,True,True
25001,2,C5,A2,0,0.0,0.0,0.0,0.0,0.0,True,True,True,True
25001,2,C5,A3,D,0.23847147741805602,0.4,0.6,0.20847147741805602,0.0075,True,True,True,True
25001,2,C5,A4,D,0.325796096555681,0.4,1.0,0.275796096555681,0.0125,True,True,True,True
25001,2,C5,A5,I,0.09005637170258635,0.2,-1.0,0.040056371702586344,0.0125,True,True,True,True
25001,2,C5,A6,D,0.3261235117302034,0.4,-0.6,0.29612351173020335,0.0075,True,True,True,True
25001,2,C6,A1,I,0.15197667176943364,0.2,-0.2,0.14197667176943363,0.0025000000000000005,True,True,True,True
25001,2,C6,A2,I,0.18972271884228364,0.2,0.2,0.17972271884228364,0.0025000000000000005,True,True,True,True
25001,2,C6,A3,I,0.19783716118833994,0.2,0.6,0.16783716118833994,0.0075,True,True,True,True
25001,2,C6,A4,I,0.17073199819509097,0.2,1.0,0.12073199819509096,0.0125,True,True,True,True
25001,2,C6,A5,I,0.0501759566033282,0.2,-1.0,0.00017595660332819785,0.0125,True,True,True,True
25001,2,C6,A6,I,0.14280384196839946,0.2,-0.6,0.11280384196839946,0.0075,True,True,True,True
25001,2,C7,A1,I,0.1214870142435376,0.2,-0.2,0.1114870142435376,0.0025000000000000005,True,True,True,True
25001,2,C7,A2,D,0.2905913551379999,0.4,0.2,0.2805913551379999,0.0025000000000000005,True,True,True,True
25001,2,C7,A3,I,0.19140126786996758,0.2,0.6,0.16140126786996759,0.0075,True,True,True,True
25001,2,C7,A4,D,0.20916995836240382,0.4,1.0,0.15916995836240383,0.0125,True,True,True,True
25001,2,C7,A5,I,0.14375007677516513,0.2,-1.0,0.09375007677516513,0.0125,True,True,True,True
25001,2,C7,A6,I,0.19382627499108324,0.2,-0.6,0.16382627499108324,0.0075,True,True,True,True
25001,3,C1,A1,D,0.21262906812746674,0.4,0.2,0.20262906812746673,0.0025000000000000005,True,True,True,True
25001,3,C1,A2,I,0.12820435277030956,0.2,0.6,0.09820435277030956,0.0075,True,True,True,True
25001,3,C1,A3,I,0.1616129446274917,0.2,1.0,0.1116129446274917,0.0125,True,True,True,True
25001,3,C1,A4,I,0.10088820811616948,0.2,-1.0,0.05088820811616948,0.0125,True,True,True,True
25001,3,C1,A5,I,0.09672837597013259,0.2,-0.6,0.06672837597013259,0.0075,True,True,True,True
25001,3,C1,A6,D,0.21688572150661267,0.4,-0.2,0.20688572150661266,0.0025000000000000005,True,True,True,True
25001,3,C2,A1,D,0.2015462223402027,0.4,0.2,0.1915462223402027,0.0025000000000000005,True,True,True,True
25001,3,C2,A2,D,0.2635756403853219,0.4,0.6,0.2335756403853219,0.0075,True,True,True,True
25001,3,C2,A3,D,0.3674026234421102,0.4,1.0,0.31740262344211023,0.0125,True,True,True,True
25001,3,C2,A4,I,0.06282790239101588,0.2,-1.0,0.012827902391015875,0.0125,True,True,True,True
25001,3,C2,A5,I,0.09581809570485975,0.2,-0.6,0.06581809570485975,0.0075,True,True,True,True
25001,3,C2,A6,D,0.27112355861088433,0.4,-0.2,0.2611235586108843,0.0025000000000000005,True,True,True,True
25001,3,C3,A1,D,0.29822082031422614,0.4,0.2,0.28822082031422613,0.0025000000000000005,True,True,True,True
25001,3,C3,A2,D,0.21693377483800724,0.4,0.6,0.18693377483800724,0.0075,True,True,True,True
25001,3,C3,A3,I,0.19873126397842333,0.2,1.0,0.14873126397842334,0.0125,True,True,True,True
25001,3,C3,A4,I,0.1518606724878218,0.2,-1.0,0.10186067248782181,0.0125,True,True,True,True
25001,3,C3,A5,0,0.0,0.0,0.0,0.0,0.0,True,True,True,True
25001,3,C3,A6,I,0.11574177137069985,0.2,-0.2,0.10574177137069984,0.0025000000000000005,True,True,True,True
25001,3,C4,A1,I,0.08417996977177727,0.2,0.2,0.07417996977177727,0.0025000000000000005,True,True,True,True
25001,3,C4,A2,I,0.10067885503107984,0.2,0.6,0.07067885503107985,0.0075,True,True,True,True
25001,3,C4,A3,D,0.38045636439253383,0.4,1.0,0.33045636439253384,0.0125,True,True,True,True
25001,3,C4,A4,I,0.14508184017099057,0.2,-1.0,0.09508184017099057,0.0125,True,True,True,True
25001,3,C4,A5,D,0.2876981400372786,0.4,-0.6,0.25769814003727864,0.0075,True,True,True,True
25001,3,C4,A6,D,0.2850787973631115,0.4,-0.2,0.27507879736311147,0.0025000000000000005,True,True,True,True
25001,3,C5,A1,I,0.19176017693427883,0.2,0.2,0.18176017693427882,0.0025000000000000005,True,True,True,True
25001,3,C5,A2,0,0.0,0.0,0.0,0.0,0.0,True,True,True,True
25001,3,C5,A3,D,0.23847147741805602,0.4,1.0,0.18847147741805603,0.0125,True,True,True,True
25001,3,C5,A4,D,0.325796096555681,0.4,-1.0,0.275796096555681,0.0125,True,True,True,True
25001,3,C5,A5,I,0.09005637170258635,0.2,-0.6,0.06005637170258635,0.0075,True,True,True,True
25001,3,C5,A6,D,0.3261235117302034,0.4,-0.2,0.31612351173020337,0.0025000000000000005,True,True,True,True
25001,3,C6,A1,I,0.15197667176943364,0.2,0.2,0.14197667176943363,0.0025000000000000005,True,True,True,True
25001,3,C6,A2,I,0.18972271884228364,0.2,0.6,0.15972271884228365,0.0075,True,True,True,True
25001,3,C6,A3,I,0.19783716118833994,0.2,1.0,0.14783716118833995,0.0125,True,True,True,True
25001,3,C6,A4,I,0.17073199819509097,0.2,-1.0,0.12073199819509096,0.0125,True,True,True,True
25001,3,C6,A5,I,0.0501759566033282,0.2,-0.6,0.0201759566033282,0.0075,True,True,True,True
25001,3,C6,A6,I,0.14280384196839946,0.2,-0.2,0.13280384196839945,0.0025000000000000005,True,True,True,True
25001,3,C7,A1,I,0.1214870142435376,0.2,0.2,0.1114870142435376,0.0025000000000000005,True,True,True,True
25001,3,C7,A2,D,0.2905913551379999,0.4,0.6,0.2605913551379999,0.0075,True,True,True,True
25001,3,C7,A3,I,0.19140126786996758,0.2,1.0,0.1414012678699676,0.0125,True,True,True,True
25001,3,C7,A4,D,0.20916995836240382,0.4,-1.0,0.15916995836240383,0.0125,True,True,True,True
25001,3,C7,A5,I,0.14375007677516513,0.2,-0.6,0.11375007677516513,0.0075,True,True,True,True
25001,3,C7,A6,I,0.19382627499108324,0.2,-0.2,0.18382627499108323,0.0025000000000000005,True,True,True,True
25001,4,C1,A1,D,0.21262906812746674,0.4,0.6,0.18262906812746674,0.0075,True,True,True,True
25001,4,C1,A2,I,0.12820435277030956,0.2,1.0,0.07820435277030956,0.0125,True,True,True,True
25001,4,C1,A3,I,0.1616129446274917,0.2,-1.0,0.1116129446274917,0.0125,True,True,True,True
25001,4,C1,A4,I,0.10088820811616948,0.2,-0.6,0.07088820811616948,0.0075,True,True,True,True
25001,4,C1,A5,I,0.09672837597013259,0.2,-0.2,0.08672837597013258,0.0025000000000000005,True,True,True,True
25001,4,C1,A6,D,0.21688572150661267,0.4,0.2,0.20688572150661266,0.0025000000000000005,True,True,True,True
25001,4,C2,A1,D,0.2015462223402027,0.4,0.6,0.1715462223402027,0.0075,True,True,True,True
25001,4,C2,A2,D,0.2635756403853219,0.4,1.0,0.2135756403853219,0.0125,True,True,True,True
25001,4,C2,A3,D,0.3674026234421102,0.4,-1.0,0.31740262344211023,0.0125,True,True,True,True
25001,4,C2,A4,I,0.06282790239101588,0.2,-0.6,0.03282790239101588,0.0075,True,True,True,True
25001,4,C2,A5,I,0.09581809570485975,0.2,-0.2,0.08581809570485974,0.0025000000000000005,True,True,True,True
25001,4,C2,A6,D,0.27112355861088433,0.4,0.2,0.2611235586108843,0.0025000000000000005,True,True,True,True
25001,4,C3,A1,D,0.29822082031422614,0.4,0.6,0.2682208203142261,0.0075,True,True,True,True
25001,4,C3,A2,D,0.21693377483800724,0.4,1.0,0.16693377483800725,0.0125,True,True,True,True
25001,4,C3,A3,I,0.19873126397842333,0.2,-1.0,0.14873126397842334,0.0125,True,True,True,True
25001,4,C3,A4,I,0.1518606724878218,0.2,-0.6,0.12186067248782181,0.0075,True,True,True,True
25001,4,C3,A5,0,0.0,0.0,0.0,0.0,0.0,True,True,True,True
25001,4,C3,A6,I,0.11574177137069985,0.2,0.2,0.10574177137069984,0.0025000000000000005,True,True,True,True
25001,4,C4,A1,I,0.08417996977177727,0.2,0.6,0.054179969771777275,0.0075,True,True,True,True
25001,4,C4,A2,I,0.10067885503107984,0.2,1.0,0.05067885503107984,0.0125,True,True,True,True
25001,4,C4,A3,D,0.38045636439253383,0.4,-1.0,0.33045636439253384,0.0125,True,True,True,True
25001,4,C4,A4,I,0.14508184017099057,0.2,-0.6,0.11508184017099057,0.0075,True,True,True,True
25001,4,C4,A5,D,0.2876981400372786,0.4,-0.2,0.2776981400372786,0.0025000000000000005,True,True,True,True
25001,4,C4,A6,D,0.2850787973631115,0.4,0.2,0.27507879736311147,0.0025000000000000005,True,True,True,True
25001,4,C5,A1,I,0.19176017693427883,0.2,0.6,0.16176017693427883,0.0075,True,True,True,True
25001,4,C5,A2,0,0.0,0.0,0.0,0.0,0.0,True,True,True,True
25001,4,C5,A3,D,0.23847147741805602,0.4,-1.0,0.18847147741805603,0.0125,True,True,True,True
25001,4,C5,A4,D,0.325796096555681,0.4,-0.6,0.29579609655568095,0.0075,True,True,True,True
25001,4,C5,A5,I,0.09005637170258635,0.2,-0.2,0.08005637170258634,0.0025000000000000005,True,True,True,True
25001,4,C5,A6,D,0.3261235117302034,0.4,0.2,0.31612351173020337,0.0025000000000000005,True,True,True,True
25001,4,C6,A1,I,0.15197667176943364,0.2,0.6,0.12197667176943364,0.0075,True,True,True,True
25001,4,C6,A2,I,0.18972271884228364,0.2,1.0,0.13972271884228366,0.0125,True,True,True,True
25001,4,C6,A3,I,0.19783716118833994,0.2,-1.0,0.14783716118833995,0.0125,True,True,True,True
25001,4,C6,A4,I,0.17073199819509097,0.2,-0.6,0.14073199819509097,0.0075,True,True,True,True
25001,4,C6,A5,I,0.0501759566033282,0.2,-0.2,0.0401759566033282,0.0025000000000000005,True,True,True,True
25001,4,C6,A6,I,0.14280384196839946,0.2,0.2,0.13280384196839945,0.0025000000000000005,True,True,True,True
25001,4,C7,A1,I,0.1214870142435376,0.2,0.6,0.0914870142435376,0.0075,True,True,True,True
25001,4,C7,A2,D,0.2905913551379999,0.4,1.0,0.2405913551379999,0.0125,True,True,True,True
25001,4,C7,A3,I,0.19140126786996758,0.2,-1.0,0.1414012678699676,0.0125,True,True,True,True
25001,4,C7,A4,D,0.20916995836240382,0.4,-0.6,0.17916995836240382,0.0075,True,True,True,True
25001,4,C7,A5,I,0.14375007677516513,0.2,-0.2,0.13375007677516512,0.0025000000000000005,True,True,True,True
25001,4,C7,A6,I,0.19382627499108324,0.2,0.2,0.18382627499108323,0.0025000000000000005,True,True,True,True
25001,5,C1,A1,D,0.21262906812746674,0.4,1.0,0.16262906812746675,0.0125,True,True,True,True
25001,5,C1,A2,I,0.12820435277030956,0.2,-1.0,0.07820435277030956,0.0125,True,True,True,True
25001,5,C1,A3,I,0.1616129446274917,0.2,-0.6,0.1316129446274917,0.0075,True,True,True,True
25001,5,C1,A4,I,0.10088820811616948,0.2,-0.2,0.09088820811616949,0.0025000000000000005,True,True,True,True
25001,5,C1,A5,I,0.09672837597013259,0.2,0.2,0.08672837597013258,0.0025000000000000005,True,True,True,True
25001,5,C1,A6,D,0.21688572150661267,0.4,0.6,0.18688572150661267,0.0075,True,True,True,True
25001,5,C2,A1,D,0.2015462223402027,0.4,1.0,0.1515462223402027,0.0125,True,True,True,True
25001,5,C2,A2,D,0.2635756403853219,0.4,-1.0,0.2135756403853219,0.0125,True,True,True,True
25001,5,C2,A3,D,0.3674026234421102,0.4,-0.6,0.33740262344211025,0.0075,True,True,True,True
25001,5,C2,A4,I,0.06282790239101588,0.2,-0.2,0.052827902391015875,0.0025000000000000005,True,True,True,True
25001,5,C2,A5,I,0.09581809570485975,0.2,0.2,0.08581809570485974,0.0025000000000000005,True,True,True,True
25001,5,C2,A6,D,0.27112355861088433,0.4,0.6,0.24112355861088433,0.0075,True,True,True,True
25001,5,C3,A1,D,0.29822082031422614,0.4,1.0,0.24822082031422615,0.0125,True,True,True,True
25001,5,C3,A2,D,0.21693377483800724,0.4,-1.0,0.16693377483800725,0.0125,True,True,True,True
25001,5,C3,A3,I,0.19873126397842333,0.2,-0.6,0.16873126397842333,0.0075,True,True,True,True
25001,5,C3,A4,I,0.1518606724878218,0.2,-0.2,0.1418606724878218,0.0025000000000000005,True,True,True,True
25001,5,C3,A5,0,0.0,0.0,0.0,0.0,0.0,True,True,True,True
25001,5,C3,A6,I,0.11574177137069985,0.2,0.6,0.08574177137069985,0.0075,True,True,True,True
25001,5,C4,A1,I,0.08417996977177727,0.2,1.0,0.03417996977177727,0.0125,True,True,True,True
25001,5,C4,A2,I,0.10067885503107984,0.2,-1.0,0.05067885503107984,0.0125,True,True,True,True
25001,5,C4,A3,D,0.38045636439253383,0.4,-0.6,0.3504563643925338,0.0075,True,True,True,True
25001,5,C4,A4,I,0.14508184017099057,0.2,-0.2,0.13508184017099056,0.0025000000000000005,True,True,True,True
25001,5,C4,A5,D,0.2876981400372786,0.4,0.2,0.2776981400372786,0.0025000000000000005,True,True,True,True
25001,5,C4,A6,D,0.2850787973631115,0.4,0.6,0.25507879736311145,0.0075,True,True,True,True
25001,5,C5,A1,I,0.19176017693427883,0.2,1.0,0.14176017693427884,0.0125,True,True,True,True
25001,5,C5,A2,0,0.0,0.0,0.0,0.0,0.0,True,True,True,True
25001,5,C5,A3,D,0.23847147741805602,0.4,-0.6,0.20847147741805602,0.0075,True,True,True,True
25001,5,C5,A4,D,0.325796096555681,0.4,-0.2,0.31579609655568097,0.0025000000000000005,True,True,True,True
25001,5,C5,A5,I,0.09005637170258635,0.2,0.2,0.08005637170258634,0.0025000000000000005,True,True,True,True
25001,5,C5,A6,D,0.3261235117302034,0.4,0.6,0.29612351173020335,0.0075,True,True,True,True
25001,5,C6,A1,I,0.15197667176943364,0.2,1.0,0.10197667176943363,0.0125,True,True,True,True
25001,5,C6,A2,I,0.18972271884228364,0.2,-1.0,0.13972271884228366,0.0125,True,True,True,True
25001,5,C6,A3,I,0.19783716118833994,0.2,-0.6,0.16783716118833994,0.0075,True,True,True,True
25001,5,C6,A4,I,0.17073199819509097,0.2,-0.2,0.16073199819509096,0.0025000000000000005,True,True,True,True
25001,5,C6,A5,I,0.0501759566033282,0.2,0.2,0.0401759566033282,0.0025000000000000005,True,True,True,True
25001,5,C6,A6,I,0.14280384196839946,0.2,0.6,0.11280384196839946,0.0075,True,True,True,True
25001,5,C7,A1,I,0.1214870142435376,0.2,1.0,0.0714870142435376,0.0125,True,True,True,True
25001,5,C7,A2,D,0.2905913551379999,0.4,-1.0,0.2405913551379999,0.0125,True,True,True,True
25001,5,C7,A3,I,0.19140126786996758,0.2,-0.6,0.16140126786996759,0.0075,True,True,True,True
25001,5,C7,A4,D,0.20916995836240382,0.4,-0.2,0.1991699583624038,0.0025000000000000005,True,True,True,True
25001,5,C7,A5,I,0.14375007677516513,0.2,0.2,0.13375007677516512,0.0025000000000000005,True,True,True,True
25001,5,C7,A6,I,0.19382627499108324,0.2,0.6,0.16382627499108324,0.0075,True,True,True,True
25002,0,C1,A1,D,0.27796609401503436,0.4,-1.0,0.22796609401503437,0.0125,True,True,True,True
25002,0,C1,A2,I,0.16528939237105084,0.2,-0.6,0.13528939237105084,0.0075,True,True,True,True
25002,0,C1,A3,I,0.1359662798992204,0.2,-0.2,0.12596627989922038,0.0025000000000000005,True,True,True,True
25002,0,C1,A4,I,0.19618979611275655,0.2,0.2,0.18618979611275654,0.0025000000000000005,True,True,True,True
25002,0,C1,A5,I,0.13463420155247857,0.2,0.6,0.10463420155247857,0.0075,True,True,True,True
25002,0,C1,A6,D,0.24218724169178446,0.4,1.0,0.19218724169178447,0.0125,True,True,True,True
25002,0,C2,A1,D,0.21384930868286156,0.4,-1.0,0.16384930868286157,0.0125,True,True,True,True
25002,0,C2,A2,D,0.25641012462182433,0.4,-0.6,0.22641012462182433,0.0075,True,True,True,True
25002,0,C2,A3,D,0.23422944708323834,0.4,-0.2,0.22422944708323833,0.0025000000000000005,True,True,True,True
25002,0,C2,A4,I,0.1133470621026951,0.2,0.2,0.10334706210269509,0.0025000000000000005,True,True,True,True
25002,0,C2,A5,I,0.11905450709244718,0.2,0.6,0.08905450709244718,0.0075,True,True,True,True
25002,0,C2,A6,D,0.3224221408232979,0.4,1.0,0.2724221408232979,0.0125,True,True,True,True
25002,0,C3,A1,D,0.33537692141037945,0.4,-1.0,0.28537692141037946,0.0125,True,True,True,True
25002,0,C3,A2,D,0.350185715694563,0.4,-0.6,0.320185715694563,0.0075,True,True,True,True
25002,0,C3,A3,I,0.13158924256755944,0.2,-0.2,0.12158924256755943,0.0025000000000000005,True,True,True,True
25002,0,C3,A4,I,0.1549010883209131,0.2,0.2,0.14490108832091309,0.0025000000000000005,True,True,True,True
25002,0,C3,A5,0,0.0,0.0,0.0,0.0,0.0,True,True,True,True
25002,0,C3,A6,I,0.09351022190333541,0.2,1.0,0.04351022190333541,0.0125,True,True,True,True
25002,0,C4,A1,I,0.18472740097504997,0.2,-1.0,0.13472740097504998,0.0125,True,True,True,True
25002,0,C4,A2,I,0.09599699293686464,0.2,-0.6,0.06599699293686465,0.0075,True,True,True,True
25002,0,C4,A3,D,0.3089994450622001,0.4,-0.2,0.2989994450622001,0.0025000000000000005,True,True,True,True
25002,0,C4,A4,I,0.06917540171279565,0.2,0.2,0.05917540171279565,0.0025000000000000005,True,True,True,True
25002,0,C4,A5,D,0.3755732537094897,0.4,0.6,0.34557325370948966,0.0075,True,True,True,True
25002,0,C4,A6,D,0.27851965394335193,0.4,1.0,0.22851965394335194,0.0125,True,True,True,True
25002,0,C5,A1,I,0.09259767774558261,0.2,-1.0,0.04259767774558261,0.0125,True,True,True,True
25002,0,C5,A2,0,0.0,0.0,0.0,0.0,0.0,True,True,True,True
25002,0,C5,A3,D,0.236072758147779,0.4,-0.2,0.226072758147779,0.0025000000000000005,True,True,True,True
25002,0,C5,A4,D,0.2735144678953229,0.4,0.2,0.2635144678953229,0.0025000000000000005,True,True,True,True
25002,0,C5,A5,I,0.1319888111763938,0.2,0.6,0.1019888111763938,0.0075,True,True,True,True
25002,0,C5,A6,D,0.33961023984397276,0.4,1.0,0.28961023984397277,0.0125,True,True,True,True
25002,0,C6,A1,I,0.17708127546667757,0.2,-1.0,0.12708127546667758,0.0125,True,True,True,True
25002,0,C6,A2,I,0.13690787590649484,0.2,-0.6,0.10690787590649484,0.0075,True,True,True,True
25002,0,C6,A3,I,0.08478560169883213,0.2,-0.2,0.07478560169883214,0.0025000000000000005,True,True,True,True
25002,0,C6,A4,I,0.17491547069773916,0.2,0.2,0.16491547069773915,0.0025000000000000005,True,True,True,True
25002,0,C6,A5,I,0.1585734788090077,0.2,0.6,0.1285734788090077,0.0075,True,True,True,True
25002,0,C6,A6,I,0.10235017940824484,0.2,1.0,0.05235017940824484,0.0125,True,True,True,True
25002,0,C7,A1,I,0.08345777971208124,0.2,-1.0,0.033457779712081234,0.0125,True,True,True,True
25002,0,C7,A2,D,0.21393798567587902,0.4,-0.6,0.18393798567587902,0.0075,True,True,True,True
25002,0,C7,A3,I,0.09807560457669472,0.2,-0.2,0.08807560457669472,0.0025000000000000005,True,True,True,True
25002,0,C7,A4,D,0.22745534590182312,0.4,0.2,0.2174553459018231,0.0025000000000000005,True,True,True,True
25002,0,C7,A5,I,0.054034937826463236,0.2,0.6,0.024034937826463237,0.0075,True,True,True,True
25002,0,C7,A6,I,0.11230058717156116,0.2,1.0,0.06230058717156116,0.0125,True,True,True,True
25002,1,C1,A1,D,0.27796609401503436,0.4,-0.6,0.24796609401503436,0.0075,True,True,True,True
25002,1,C1,A2,I,0.16528939237105084,0.2,-0.2,0.15528939237105083,0.0025000000000000005,True,True,True,True
25002,1,C1,A3,I,0.1359662798992204,0.2,0.2,0.12596627989922038,0.0025000000000000005,True,True,True,True
25002,1,C1,A4,I,0.19618979611275655,0.2,0.6,0.16618979611275655,0.0075,True,True,True,True
25002,1,C1,A5,I,0.13463420155247857,0.2,1.0,0.08463420155247857,0.0125,True,True,True,True
25002,1,C1,A6,D,0.24218724169178446,0.4,-1.0,0.19218724169178447,0.0125,True,True,True,True
25002,1,C2,A1,D,0.21384930868286156,0.4,-0.6,0.18384930868286156,0.0075,True,True,True,True
25002,1,C2,A2,D,0.25641012462182433,0.4,-0.2,0.24641012462182432,0.0025000000000000005,True,True,True,True
25002,1,C2,A3,D,0.23422944708323834,0.4,0.2,0.22422944708323833,0.0025000000000000005,True,True,True,True
25002,1,C2,A4,I,0.1133470621026951,0.2,0.6,0.0833470621026951,0.0075,True,True,True,True
25002,1,C2,A5,I,0.11905450709244718,0.2,1.0,0.06905450709244718,0.0125,True,True,True,True
25002,1,C2,A6,D,0.3224221408232979,0.4,-1.0,0.2724221408232979,0.0125,True,True,True,True
25002,1,C3,A1,D,0.33537692141037945,0.4,-0.6,0.3053769214103794,0.0075,True,True,True,True
25002,1,C3,A2,D,0.350185715694563,0.4,-0.2,0.340185715694563,0.0025000000000000005,True,True,True,True
25002,1,C3,A3,I,0.13158924256755944,0.2,0.2,0.12158924256755943,0.0025000000000000005,True,True,True,True
25002,1,C3,A4,I,0.1549010883209131,0.2,0.6,0.1249010883209131,0.0075,True,True,True,True
25002,1,C3,A5,0,0.0,0.0,0.0,0.0,0.0,True,True,True,True
25002,1,C3,A6,I,0.09351022190333541,0.2,-1.0,0.04351022190333541,0.0125,True,True,True,True
25002,1,C4,A1,I,0.18472740097504997,0.2,-0.6,0.15472740097504997,0.0075,True,True,True,True
25002,1,C4,A2,I,0.09599699293686464,0.2,-0.2,0.08599699293686464,0.0025000000000000005,True,True,True,True
25002,1,C4,A3,D,0.3089994450622001,0.4,0.2,0.2989994450622001,0.0025000000000000005,True,True,True,True
25002,1,C4,A4,I,0.06917540171279565,0.2,0.6,0.039175401712795654,0.0075,True,True,True,True
25002,1,C4,A5,D,0.3755732537094897,0.4,1.0,0.3255732537094897,0.0125,True,True,True,True
25002,1,C4,A6,D,0.27851965394335193,0.4,-1.0,0.22851965394335194,0.0125,True,True,True,True
25002,1,C5,A1,I,0.09259767774558261,0.2,-0.6,0.06259767774558261,0.0075,True,True,True,True
25002,1,C5,A2,0,0.0,0.0,0.0,0.0,0.0,True,True,True,True
25002,1,C5,A3,D,0.236072758147779,0.4,0.2,0.226072758147779,0.0025000000000000005,True,True,True,True
25002,1,C5,A4,D,0.2735144678953229,0.4,0.6,0.2435144678953229,0.0075,True,True,True,True
25002,1,C5,A5,I,0.1319888111763938,0.2,1.0,0.0819888111763938,0.0125,True,True,True,True
25002,1,C5,A6,D,0.33961023984397276,0.4,-1.0,0.28961023984397277,0.0125,True,True,True,True
25002,1,C6,A1,I,0.17708127546667757,0.2,-0.6,0.14708127546667757,0.0075,True,True,True,True
25002,1,C6,A2,I,0.13690787590649484,0.2,-0.2,0.12690787590649483,0.0025000000000000005,True,True,True,True
25002,1,C6,A3,I,0.08478560169883213,0.2,0.2,0.07478560169883214,0.0025000000000000005,True,True,True,True
25002,1,C6,A4,I,0.17491547069773916,0.2,0.6,0.14491547069773916,0.0075,True,True,True,True
25002,1,C6,A5,I,0.1585734788090077,0.2,1.0,0.10857347880900771,0.0125,True,True,True,True
25002,1,C6,A6,I,0.10235017940824484,0.2,-1.0,0.05235017940824484,0.0125,True,True,True,True
25002,1,C7,A1,I,0.08345777971208124,0.2,-0.6,0.05345777971208124,0.0075,True,True,True,True
25002,1,C7,A2,D,0.21393798567587902,0.4,-0.2,0.203937985675879,0.0025000000000000005,True,True,True,True
25002,1,C7,A3,I,0.09807560457669472,0.2,0.2,0.08807560457669472,0.0025000000000000005,True,True,True,True
25002,1,C7,A4,D,0.22745534590182312,0.4,0.6,0.19745534590182312,0.0075,True,True,True,True
25002,1,C7,A5,I,0.054034937826463236,0.2,1.0,0.0040349378264632335,0.0125,True,True,True,True
25002,1,C7,A6,I,0.11230058717156116,0.2,-1.0,0.06230058717156116,0.0125,True,True,True,True
25002,2,C1,A1,D,0.27796609401503436,0.4,-0.2,0.26796609401503435,0.0025000000000000005,True,True,True,True
25002,2,C1,A2,I,0.16528939237105084,0.2,0.2,0.15528939237105083,0.0025000000000000005,True,True,True,True
25002,2,C1,A3,I,0.1359662798992204,0.2,0.6,0.10596627989922039,0.0075,True,True,True,True
25002,2,C1,A4,I,0.19618979611275655,0.2,1.0,0.14618979611275656,0.0125,True,True,True,True
25002,2,C1,A5,I,0.13463420155247857,0.2,-1.0,0.08463420155247857,0.0125,True,True,True,True
25002,2,C1,A6,D,0.24218724169178446,0.4,-0.6,0.21218724169178446,0.0075,True,True,True,True
25002,2,C2,A1,D,0.21384930868286156,0.4,-0.2,0.20384930868286155,0.0025000000000000005,True,True,True,True
25002,2,C2,A2,D,0.25641012462182433,0.4,0.2,0.24641012462182432,0.0025000000000000005,True,True,True,True
25002,2,C2,A3,D,0.23422944708323834,0.4,0.6,0.20422944708323834,0.0075,True,True,True,True
25002,2,C2,A4,I,0.1133470621026951,0.2,1.0,0.0633470621026951,0.0125,True,True,True,True
25002,2,C2,A5,I,0.11905450709244718,0.2,-1.0,0.06905450709244718,0.0125,True,True,True,True
25002,2,C2,A6,D,0.3224221408232979,0.4,-0.6,0.29242214082329787,0.0075,True,True,True,True
25002,2,C3,A1,D,0.33537692141037945,0.4,-0.2,0.32537692141037944,0.0025000000000000005,True,True,True,True
25002,2,C3,A2,D,0.350185715694563,0.4,0.2,0.340185715694563,0.0025000000000000005,True,True,True,True
25002,2,C3,A3,I,0.13158924256755944,0.2,0.6,0.10158924256755944,0.0075,True,True,True,True
25002,2,C3,A4,I,0.1549010883209131,0.2,1.0,0.10490108832091309,0.0125,True,True,True,True
25002,2,C3,A5,0,0.0,0.0,0.0,0.0,0.0,True,True,True,True
25002,2,C3,A6,I,0.09351022190333541,0.2,-0.6,0.06351022190333541,0.0075,True,True,True,True
25002,2,C4,A1,I,0.18472740097504997,0.2,-0.2,0.17472740097504996,0.0025000000000000005,True,True,True,True
25002,2,C4,A2,I,0.09599699293686464,0.2,0.2,0.08599699293686464,0.0025000000000000005,True,True,True,True
25002,2,C4,A3,D,0.3089994450622001,0.4,0.6,0.2789994450622001,0.0075,True,True,True,True
25002,2,C4,A4,I,0.06917540171279565,0.2,1.0,0.01917540171279565,0.0125,True,True,True,True
25002,2,C4,A5,D,0.3755732537094897,0.4,-1.0,0.3255732537094897,0.0125,True,True,True,True
25002,2,C4,A6,D,0.27851965394335193,0.4,-0.6,0.24851965394335193,0.0075,True,True,True,True
25002,2,C5,A1,I,0.09259767774558261,0.2,-0.2,0.0825976777455826,0.0025000000000000005,True,True,True,True
25002,2,C5,A2,0,0.0,0.0,0.0,0.0,0.0,True,True,True,True
25002,2,C5,A3,D,0.236072758147779,0.4,0.6,0.206072758147779,0.0075,True,True,True,True
25002,2,C5,A4,D,0.2735144678953229,0.4,1.0,0.22351446789532292,0.0125,True,True,True,True
25002,2,C5,A5,I,0.1319888111763938,0.2,-1.0,0.0819888111763938,0.0125,True,True,True,True
25002,2,C5,A6,D,0.33961023984397276,0.4,-0.6,0.30961023984397273,0.0075,True,True,True,True
25002,2,C6,A1,I,0.17708127546667757,0.2,-0.2,0.16708127546667756,0.0025000000000000005,True,True,True,True
25002,2,C6,A2,I,0.13690787590649484,0.2,0.2,0.12690787590649483,0.0025000000000000005,True,True,True,True
25002,2,C6,A3,I,0.08478560169883213,0.2,0.6,0.054785601698832134,0.0075,True,True,True,True
25002,2,C6,A4,I,0.17491547069773916,0.2,1.0,0.12491547069773916,0.0125,True,True,True,True
25002,2,C6,A5,I,0.1585734788090077,0.2,-1.0,0.10857347880900771,0.0125,True,True,True,True
25002,2,C6,A6,I,0.10235017940824484,0.2,-0.6,0.07235017940824484,0.0075,True,True,True,True
25002,2,C7,A1,I,0.08345777971208124,0.2,-0.2,0.07345777971208123,0.0025000000000000005,True,True,True,True
25002,2,C7,A2,D,0.21393798567587902,0.4,0.2,0.203937985675879,0.0025000000000000005,True,True,True,True
25002,2,C7,A3,I,0.09807560457669472,0.2,0.6,0.06807560457669472,0.0075,True,True,True,True
25002,2,C7,A4,D,0.22745534590182312,0.4,1.0,0.1774553459018231,0.0125,True,True,True,True
25002,2,C7,A5,I,0.054034937826463236,0.2,-1.0,0.0040349378264632335,0.0125,True,True,True,True
25002,2,C7,A6,I,0.11230058717156116,0.2,-0.6,0.08230058717156116,0.0075,True,True,True,True
25002,3,C1,A1,D,0.27796609401503436,0.4,0.2,0.26796609401503435,0.0025000000000000005,True,True,True,True
25002,3,C1,A2,I,0.16528939237105084,0.2,0.6,0.13528939237105084,0.0075,True,True,True,True
25002,3,C1,A3,I,0.1359662798992204,0.2,1.0,0.08596627989922039,0.0125,True,True,True,True
25002,3,C1,A4,I,0.19618979611275655,0.2,-1.0,0.14618979611275656,0.0125,True,True,True,True
25002,3,C1,A5,I,0.13463420155247857,0.2,-0.6,0.10463420155247857,0.0075,True,True,True,True
25002,3,C1,A6,D,0.24218724169178446,0.4,-0.2,0.23218724169178445,0.0025000000000000005,True,True,True,True
25002,3,C2,A1,D,0.21384930868286156,0.4,0.2,0.20384930868286155,0.0025000000000000005,True,True,True,True
25002,3,C2,A2,D,0.25641012462182433,0.4,0.6,0.22641012462182433,0.0075,True,True,True,True
25002,3,C2,A3,D,0.23422944708323834,0.4,1.0,0.18422944708323835,0.0125,True,True,True,True
25002,3,C2,A4,I,0.1133470621026951,0.2,-1.0,0.0633470621026951,0.0125,True,True,True,True
25002,3,C2,A5,I,0.11905450709244718,0.2,-0.6,0.08905450709244718,0.0075,True,True,True,True
25002,3,C2,A6,D,0.3224221408232979,0.4,-0.2,0.3124221408232979,0.0025000000000000005,True,True,True,True
25002,3,C3,A1,D,0.33537692141037945,0.4,0.2,0.32537692141037944,0.0025000000000000005,True,True,True,True
25002,3,C3,A2,D,0.350185715694563,0.4,0.6,0.320185715694563,0.0075,True,True,True,True
25002,3,C3,A3,I,0.13158924256755944,0.2,1.0,0.08158924256755944,0.0125,True,True,True,True
25002,3,C3,A4,I,0.1549010883209131,0.2,-1.0,0.10490108832091309,0.0125,True,True,True,True
25002,3,C3,A5,0,0.0,0.0,0.0,0.0,0.0,True,True,True,True
25002,3,C3,A6,I,0.09351022190333541,0.2,-0.2,0.0835102219033354,0.0025000000000000005,True,True,True,True
25002,3,C4,A1,I,0.18472740097504997,0.2,0.2,0.17472740097504996,0.0025000000000000005,True,True,True,True
25002,3,C4,A2,I,0.09599699293686464,0.2,0.6,0.06599699293686465,0.0075,True,True,True,True
25002,3,C4,A3,D,0.3089994450622001,0.4,1.0,0.25899944506220013,0.0125,True,True,True,True
25002,3,C4,A4,I,0.06917540171279565,0.2,-1.0,0.01917540171279565,0.0125,True,True,True,True
25002,3,C4,A5,D,0.3755732537094897,0.4,-0.6,0.34557325370948966,0.0075,True,True,True,True
25002,3,C4,A6,D,0.27851965394335193,0.4,-0.2,0.2685196539433519,0.0025000000000000005,True,True,True,True
25002,3,C5,A1,I,0.09259767774558261,0.2,0.2,0.0825976777455826,0.0025000000000000005,True,True,True,True
25002,3,C5,A2,0,0.0,0.0,0.0,0.0,0.0,True,True,True,True
25002,3,C5,A3,D,0.236072758147779,0.4,1.0,0.18607275814777902,0.0125,True,True,True,True
25002,3,C5,A4,D,0.2735144678953229,0.4,-1.0,0.22351446789532292,0.0125,True,True,True,True
25002,3,C5,A5,I,0.1319888111763938,0.2,-0.6,0.1019888111763938,0.0075,True,True,True,True
25002,3,C5,A6,D,0.33961023984397276,0.4,-0.2,0.32961023984397275,0.0025000000000000005,True,True,True,True
25002,3,C6,A1,I,0.17708127546667757,0.2,0.2,0.16708127546667756,0.0025000000000000005,True,True,True,True
25002,3,C6,A2,I,0.13690787590649484,0.2,0.6,0.10690787590649484,0.0075,True,True,True,True
25002,3,C6,A3,I,0.08478560169883213,0.2,1.0,0.03478560169883213,0.0125,True,True,True,True
25002,3,C6,A4,I,0.17491547069773916,0.2,-1.0,0.12491547069773916,0.0125,True,True,True,True
25002,3,C6,A5,I,0.1585734788090077,0.2,-0.6,0.1285734788090077,0.0075,True,True,True,True
25002,3,C6,A6,I,0.10235017940824484,0.2,-0.2,0.09235017940824483,0.0025000000000000005,True,True,True,True
25002,3,C7,A1,I,0.08345777971208124,0.2,0.2,0.07345777971208123,0.0025000000000000005,True,True,True,True
25002,3,C7,A2,D,0.21393798567587902,0.4,0.6,0.18393798567587902,0.0075,True,True,True,True
25002,3,C7,A3,I,0.09807560457669472,0.2,1.0,0.048075604576694714,0.0125,True,True,True,True
25002,3,C7,A4,D,0.22745534590182312,0.4,-1.0,0.1774553459018231,0.0125,True,True,True,True
25002,3,C7,A5,I,0.054034937826463236,0.2,-0.6,0.024034937826463237,0.0075,True,True,True,True
25002,3,C7,A6,I,0.11230058717156116,0.2,-0.2,0.10230058717156115,0.0025000000000000005,True,True,True,True
25002,4,C1,A1,D,0.27796609401503436,0.4,0.6,0.24796609401503436,0.0075,True,True,True,True
25002,4,C1,A2,I,0.16528939237105084,0.2,1.0,0.11528939237105083,0.0125,True,True,True,True
25002,4,C1,A3,I,0.1359662798992204,0.2,-1.0,0.08596627989922039,0.0125,True,True,True,True
25002,4,C1,A4,I,0.19618979611275655,0.2,-0.6,0.16618979611275655,0.0075,True,True,True,True
25002,4,C1,A5,I,0.13463420155247857,0.2,-0.2,0.12463420155247856,0.0025000000000000005,True,True,True,True
25002,4,C1,A6,D,0.24218724169178446,0.4,0.2,0.23218724169178445,0.0025000000000000005,True,True,True,True
25002,4,C2,A1,D,0.21384930868286156,0.4,0.6,0.18384930868286156,0.0075,True,True,True,True
25002,4,C2,A2,D,0.25641012462182433,0.4,1.0,0.20641012462182434,0.0125,True,True,True,True
25002,4,C2,A3,D,0.23422944708323834,0.4,-1.0,0.18422944708323835,0.0125,True,True,True,True
25002,4,C2,A4,I,0.1133470621026951,0.2,-0.6,0.0833470621026951,0.0075,True,True,True,True
25002,4,C2,A5,I,0.11905450709244718,0.2,-0.2,0.10905450709244718,0.0025000000000000005,True,True,True,True
25002,4,C2,A6,D,0.3224221408232979,0.4,0.2,0.3124221408232979,0.0025000000000000005,True,True,True,True
25002,4,C3,A1,D,0.33537692141037945,0.4,0.6,0.3053769214103794,0.0075,True,True,True,True
25002,4,C3,A2,D,0.350185715694563,0.4,1.0,0.30018571569456304,0.0125,True,True,True,True
25002,4,C3,A3,I,0.13158924256755944,0.2,-1.0,0.08158924256755944,0.0125,True,True,True,True
25002,4,C3,A4,I,0.1549010883209131,0.2,-0.6,0.1249010883209131,0.0075,True,True,True,True
25002,4,C3,A5,0,0.0,0.0,0.0,0.0,0.0,True,True,True,True
25002,4,C3,A6,I,0.09351022190333541,0.2,0.2,0.0835102219033354,0.0025000000000000005,True,True,True,True
25002,4,C4,A1,I,0.18472740097504997,0.2,0.6,0.15472740097504997,0.0075,True,True,True,True
25002,4,C4,A2,I,0.09599699293686464,0.2,1.0,0.04599699293686464,0.0125,True,True,True,True
25002,4,C4,A3,D,0.3089994450622001,0.4,-1.0,0.25899944506220013,0.0125,True,True,True,True
25002,4,C4,A4,I,0.06917540171279565,0.2,-0.6,0.039175401712795654,0.0075,True,True,True,True
25002,4,C4,A5,D,0.3755732537094897,0.4,-0.2,0.3655732537094897,0.0025000000000000005,True,True,True,True
25002,4,C4,A6,D,0.27851965394335193,0.4,0.2,0.2685196539433519,0.0025000000000000005,True,True,True,True
25002,4,C5,A1,I,0.09259767774558261,0.2,0.6,0.06259767774558261,0.0075,True,True,True,True
25002,4,C5,A2,0,0.0,0.0,0.0,0.0,0.0,True,True,True,True
25002,4,C5,A3,D,0.236072758147779,0.4,-1.0,0.18607275814777902,0.0125,True,True,True,True
25002,4,C5,A4,D,0.2735144678953229,0.4,-0.6,0.2435144678953229,0.0075,True,True,True,True
25002,4,C5,A5,I,0.1319888111763938,0.2,-0.2,0.12198881117639379,0.0025000000000000005,True,True,True,True
25002,4,C5,A6,D,0.33961023984397276,0.4,0.2,0.32961023984397275,0.0025000000000000005,True,True,True,True
25002,4,C6,A1,I,0.17708127546667757,0.2,0.6,0.14708127546667757,0.0075,True,True,True,True
25002,4,C6,A2,I,0.13690787590649484,0.2,1.0,0.08690787590649483,0.0125,True,True,True,True
25002,4,C6,A3,I,0.08478560169883213,0.2,-1.0,0.03478560169883213,0.0125,True,True,True,True
25002,4,C6,A4,I,0.17491547069773916,0.2,-0.6,0.14491547069773916,0.0075,True,True,True,True
25002,4,C6,A5,I,0.1585734788090077,0.2,-0.2,0.1485734788090077,0.0025000000000000005,True,True,True,True
25002,4,C6,A6,I,0.10235017940824484,0.2,0.2,0.09235017940824483,0.0025000000000000005,True,True,True,True
25002,4,C7,A1,I,0.08345777971208124,0.2,0.6,0.05345777971208124,0.0075,True,True,True,True
25002,4,C7,A2,D,0.21393798567587902,0.4,1.0,0.16393798567587903,0.0125,True,True,True,True
25002,4,C7,A3,I,0.09807560457669472,0.2,-1.0,0.048075604576694714,0.0125,True,True,True,True
25002,4,C7,A4,D,0.22745534590182312,0.4,-0.6,0.19745534590182312,0.0075,True,True,True,True
25002,4,C7,A5,I,0.054034937826463236,0.2,-0.2,0.044034937826463234,0.0025000000000000005,True,True,True,True
25002,4,C7,A6,I,0.11230058717156116,0.2,0.2,0.10230058717156115,0.0025000000000000005,True,True,True,True
25002,5,C1,A1,D,0.27796609401503436,0.4,1.0,0.22796609401503437,0.0125,True,True,True,True
25002,5,C1,A2,I,0.16528939237105084,0.2,-1.0,0.11528939237105083,0.0125,True,True,True,True
25002,5,C1,A3,I,0.1359662798992204,0.2,-0.6,0.10596627989922039,0.0075,True,True,True,True
25002,5,C1,A4,I,0.19618979611275655,0.2,-0.2,0.18618979611275654,0.0025000000000000005,True,True,True,True
25002,5,C1,A5,I,0.13463420155247857,0.2,0.2,0.12463420155247856,0.0025000000000000005,True,True,True,True
25002,5,C1,A6,D,0.24218724169178446,0.4,0.6,0.21218724169178446,0.0075,True,True,True,True
25002,5,C2,A1,D,0.21384930868286156,0.4,1.0,0.16384930868286157,0.0125,True,True,True,True
25002,5,C2,A2,D,0.25641012462182433,0.4,-1.0,0.20641012462182434,0.0125,True,True,True,True
25002,5,C2,A3,D,0.23422944708323834,0.4,-0.6,0.20422944708323834,0.0075,True,True,True,True
25002,5,C2,A4,I,0.1133470621026951,0.2,-0.2,0.10334706210269509,0.0025000000000000005,True,True,True,True
25002,5,C2,A5,I,0.11905450709244718,0.2,0.2,0.10905450709244718,0.0025000000000000005,True,True,True,True
25002,5,C2,A6,D,0.3224221408232979,0.4,0.6,0.29242214082329787,0.0075,True,True,True,True
25002,5,C3,A1,D,0.33537692141037945,0.4,1.0,0.28537692141037946,0.0125,True,True,True,True
25002,5,C3,A2,D,0.350185715694563,0.4,-1.0,0.30018571569456304,0.0125,True,True,True,True
25002,5,C3,A3,I,0.13158924256755944,0.2,-0.6,0.10158924256755944,0.0075,True,True,True,True
25002,5,C3,A4,I,0.1549010883209131,0.2,-0.2,0.14490108832091309,0.0025000000000000005,True,True,True,True
25002,5,C3,A5,0,0.0,0.0,0.0,0.0,0.0,True,True,True,True
25002,5,C3,A6,I,0.09351022190333541,0.2,0.6,0.06351022190333541,0.0075,True,True,True,True
25002,5,C4,A1,I,0.18472740097504997,0.2,1.0,0.13472740097504998,0.0125,True,True,True,True
25002,5,C4,A2,I,0.09599699293686464,0.2,-1.0,0.04599699293686464,0.0125,True,True,True,True
25002,5,C4,A3,D,0.3089994450622001,0.4,-0.6,0.2789994450622001,0.0075,True,True,True,True
25002,5,C4,A4,I,0.06917540171279565,0.2,-0.2,0.05917540171279565,0.0025000000000000005,True,True,True,True
25002,5,C4,A5,D,0.3755732537094897,0.4,0.2,0.3655732537094897,0.0025000000000000005,True,True,True,True
25002,5,C4,A6,D,0.27851965394335193,0.4,0.6,0.24851965394335193,0.0075,True,True,True,True
25002,5,C5,A1,I,0.09259767774558261,0.2,1.0,0.04259767774558261,0.0125,True,True,True,True
25002,5,C5,A2,0,0.0,0.0,0.0,0.0,0.0,True,True,True,True
25002,5,C5,A3,D,0.236072758147779,0.4,-0.6,0.206072758147779,0.0075,True,True,True,True
25002,5,C5,A4,D,0.2735144678953229,0.4,-0.2,0.2635144678953229,0.0025000000000000005,True,True,True,True
25002,5,C5,A5,I,0.1319888111763938,0.2,0.2,0.12198881117639379,0.0025000000000000005,True,True,True,True
25002,5,C5,A6,D,0.33961023984397276,0.4,0.6,0.30961023984397273,0.0075,True,True,True,True
25002,5,C6,A1,I,0.17708127546667757,0.2,1.0,0.12708127546667758,0.0125,True,True,True,True
25002,5,C6,A2,I,0.13690787590649484,0.2,-1.0,0.08690787590649483,0.0125,True,True,True,True
25002,5,C6,A3,I,0.08478560169883213,0.2,-0.6,0.054785601698832134,0.0075,True,True,True,True
25002,5,C6,A4,I,0.17491547069773916,0.2,-0.2,0.16491547069773915,0.0025000000000000005,True,True,True,True
25002,5,C6,A5,I,0.1585734788090077,0.2,0.2,0.1485734788090077,0.0025000000000000005,True,True,True,True
25002,5,C6,A6,I,0.10235017940824484,0.2,0.6,0.07235017940824484,0.0075,True,True,True,True
25002,5,C7,A1,I,0.08345777971208124,0.2,1.0,0.033457779712081234,0.0125,True,True,True,True
25002,5,C7,A2,D,0.21393798567587902,0.4,-1.0,0.16393798567587903,0.0125,True,True,True,True
25002,5,C7,A3,I,0.09807560457669472,0.2,-0.6,0.06807560457669472,0.0075,True,True,True,True
25002,5,C7,A4,D,0.22745534590182312,0.4,-0.2,0.2174553459018231,0.0025000000000000005,True,True,True,True
25002,5,C7,A5,I,0.054034937826463236,0.2,0.2,0.044034937826463234,0.0025000000000000005,True,True,True,True
25002,5,C7,A6,I,0.11230058717156116,0.2,0.6,0.08230058717156116,0.0075,True,True,True,True
25003,0,C1,A1,D,0.3833625708619334,0.4,-1.0,0.33336257086193344,0.0125,True,True,True,True
25003,0,C1,A2,I,0.08180569659103168,0.2,-0.6,0.05180569659103168,0.0075,True,True,True,True
25003,0,C1,A3,I,0.13453728918283617,0.2,-0.2,0.12453728918283616,0.0025000000000000005,True,True,True,True
25003,0,C1,A4,I,0.12749871351451997,0.2,0.2,0.11749871351451996,0.0025000000000000005,True,True,True,True
25003,0,C1,A5,I,0.12174618167649459,0.2,0.6,0.09174618167649459,0.0075,True,True,True,True
25003,0,C1,A6,D,0.3932641448515297,0.4,1.0,0.34326414485152973,0.0125,True,True,True,True
25003,0,C2,A1,D,0.3353929847222656,0.4,-1.0,0.2853929847222656,0.0125,True,True,True,True
25003,0,C2,A2,D,0.389985518566925,0.4,-0.6,0.35998551856692496,0.0075,True,True,True,True
25003,0,C2,A3,D,0.24874648110808062,0.4,-0.2,0.2387464811080806,0.0025000000000000005,True,True,True,True
25003,0,C2,A4,I,0.13942531414901257,0.2,0.2,0.12942531414901257,0.0025000000000000005,True,True,True,True
25003,0,C2,A5,I,0.09957257938237309,0.2,0.6,0.06957257938237309,0.0075,True,True,True,True
25003,0,C2,A6,D,0.29538737248351343,0.4,1.0,0.24538737248351344,0.0125,True,True,True,True
25003,0,C3,A1,D,0.2891081666164325,0.4,-1.0,0.23910816661643253,0.0125,True,True,True,True
25003,0,C3,A2,D,0.296058218772395,0.4,-0.6,0.266058218772395,0.0075,True,True,True,True
25003,0,C3,A3,I,0.12713430208698762,0.2,-0.2,0.11713430208698761,0.0025000000000000005,True,True,True,True
25003,0,C3,A4,I,0.14392558621275622,0.2,0.2,0.13392558621275621,0.0025000000000000005,True,True,True,True
25003,0,C3,A5,0,0.0,0.0,0.0,0.0,0.0,True,True,True,True
25003,0,C3,A6,I,0.13443527480281547,0.2,1.0,0.08443527480281547,0.0125,True,True,True,True
25003,0,C4,A1,I,0.10980739466547573,0.2,-1.0,0.05980739466547573,0.0125,True,True,True,True
25003,0,C4,A2,I,0.13976303103378407,0.2,-0.6,0.10976303103378407,0.0075,True,True,True,True
25003,0,C4,A3,D,0.2861925449616189,0.4,-0.2,0.2761925449616189,0.0025000000000000005,True,True,True,True
25003,0,C4,A4,I,0.12880530156961298,0.2,0.2,0.11880530156961297,0.0025000000000000005,True,True,True,True
25003,0,C4,A5,D,0.2808665698949502,0.4,0.6,0.25086656989495015,0.0075,True,True,True,True
25003,0,C4,A6,D,0.26403400342077077,0.4,1.0,0.21403400342077078,0.0125,True,True,True,True
25003,0,C5,A1,I,0.13383001928469876,0.2,-1.0,0.08383001928469876,0.0125,True,True,True,True
25003,0,C5,A2,0,0.0,0.0,0.0,0.0,0.0,True,True,True,True
25003,0,C5,A3,D,0.3528341020225232,0.4,-0.2,0.3428341020225232,0.0025000000000000005,True,True,True,True
25003,0,C5,A4,D,0.22491762660269554,0.4,0.2,0.21491762660269553,0.0025000000000000005,True,True,True,True
25003,0,C5,A5,I,0.13648018650713029,0.2,0.6,0.10648018650713029,0.0075,True,True,True,True
25003,0,C5,A6,D,0.25390324274987747,0.4,1.0,0.20390324274987748,0.0125,True,True,True,True
25003,0,C6,A1,I,0.08218580068805251,0.2,-1.0,0.032185800688052504,0.0125,True,True,True,True
25003,0,C6,A2,I,0.06550939727987731,0.2,-0.6,0.035509397279877314,0.0075,True,True,True,True
25003,0,C6,A3,I,0.10961932465996743,0.2,-0.2,0.09961932465996742,0.0025000000000000005,True,True,True,True
25003,0,C6,A4,I,0.15548038619254223,0.2,0.2,0.14548038619254222,0.0025000000000000005,True,True,True,True
25003,0,C6,A5,I,0.10573096098900187,0.2,0.6,0.07573096098900187,0.0075,True,True,True,True
25003,0,C6,A6,I,0.19934178531043278,0.2,1.0,0.1493417853104328,0.0125,True,True,True,True
25003,0,C7,A1,I,0.09398694225063822,0.2,-1.0,0.04398694225063822,0.0125,True,True,True,True
25003,0,C7,A2,D,0.3769074083250459,0.4,-0.6,0.34690740832504585,0.0075,True,True,True,True
25003,0,C7,A3,I,0.06925525711278631,0.2,-0.2,0.05925525711278631,0.0025000000000000005,True,True,True,True
25003,0,C7,A4,D,0.3389484030468093,0.4,0.2,0.3289484030468093,0.0025000000000000005,True,True,True,True
25003,0,C7,A5,I,0.17451468661017822,0.2,0.6,0.14451468661017822,0.0075,True,True,True,True
25003,0,C7,A6,I,0.17435089783895044,0.2,1.0,0.12435089783895044,0.0125,True,True,True,True
25003,1,C1,A1,D,0.3833625708619334,0.4,-0.6,0.35336257086193346,0.0075,True,True,True,True
25003,1,C1,A2,I,0.08180569659103168,0.2,-0.2,0.07180569659103167,0.0025000000000000005,True,True,True,True
25003,1,C1,A3,I,0.13453728918283617,0.2,0.2,0.12453728918283616,0.0025000000000000005,True,True,True,True
25003,1,C1,A4,I,0.12749871351451997,0.2,0.6,0.09749871351451997,0.0075,True,True,True,True
25003,1,C1,A5,I,0.12174618167649459,0.2,1.0,0.07174618167649459,0.0125,True,True,True,True
25003,1,C1,A6,D,0.3932641448515297,0.4,-1.0,0.34326414485152973,0.0125,True,True,True,True
25003,1,C2,A1,D,0.3353929847222656,0.4,-0.6,0.3053929847222656,0.0075,True,True,True,True
25003,1,C2,A2,D,0.389985518566925,0.4,-0.2,0.379985518566925,0.0025000000000000005,True,True,True,True
25003,1,C2,A3,D,0.24874648110808062,0.4,0.2,0.2387464811080806,0.0025000000000000005,True,True,True,True
25003,1,C2,A4,I,0.13942531414901257,0.2,0.6,0.10942531414901258,0.0075,True,True,True,True
25003,1,C2,A5,I,0.09957257938237309,0.2,1.0,0.04957257938237308,0.0125,True,True,True,True
25003,1,C2,A6,D,0.29538737248351343,0.4,-1.0,0.24538737248351344,0.0125,True,True,True,True
25003,1,C3,A1,D,0.2891081666164325,0.4,-0.6,0.25910816661643254,0.0075,True,True,True,True
25003,1,C3,A2,D,0.296058218772395,0.4,-0.2,0.286058218772395,0.0025000000000000005,True,True,True,True
25003,1,C3,A3,I,0.12713430208698762,0.2,0.2,0.11713430208698761,0.0025000000000000005,True,True,True,True
25003,1,C3,A4,I,0.14392558621275622,0.2,0.6,0.11392558621275622,0.0075,True,True,True,True
25003,1,C3,A5,0,0.0,0.0,0.0,0.0,0.0,True,True,True,True
25003,1,C3,A6,I,0.13443527480281547,0.2,-1.0,0.08443527480281547,0.0125,True,True,True,True
25003,1,C4,A1,I,0.10980739466547573,0.2,-0.6,0.07980739466547573,0.0075,True,True,True,True
25003,1,C4,A2,I,0.13976303103378407,0.2,-0.2,0.12976303103378406,0.0025000000000000005,True,True,True,True
25003,1,C4,A3,D,0.2861925449616189,0.4,0.2,0.2761925449616189,0.0025000000000000005,True,True,True,True
25003,1,C4,A4,I,0.12880530156961298,0.2,0.6,0.09880530156961298,0.0075,True,True,True,True
25003,1,C4,A5,D,0.2808665698949502,0.4,1.0,0.2308665698949502,0.0125,True,True,True,True
25003,1,C4,A6,D,0.26403400342077077,0.4,-1.0,0.21403400342077078,0.0125,True,True,True,True
25003,1,C5,A1,I,0.13383001928469876,0.2,-0.6,0.10383001928469876,0.0075,True,True,True,True
25003,1,C5,A2,0,0.0,0.0,0.0,0.0,0.0,True,True,True,True
25003,1,C5,A3,D,0.3528341020225232,0.4,0.2,0.3428341020225232,0.0025000000000000005,True,True,True,True
25003,1,C5,A4,D,0.22491762660269554,0.4,0.6,0.19491762660269554,0.0075,True,True,True,True
25003,1,C5,A5,I,0.13648018650713029,0.2,1.0,0.08648018650713028,0.0125,True,True,True,True
25003,1,C5,A6,D,0.25390324274987747,0.4,-1.0,0.20390324274987748,0.0125,True,True,True,True
25003,1,C6,A1,I,0.08218580068805251,0.2,-0.6,0.05218580068805251,0.0075,True,True,True,True
25003,1,C6,A2,I,0.06550939727987731,0.2,-0.2,0.05550939727987731,0.0025000000000000005,True,True,True,True
25003,1,C6,A3,I,0.10961932465996743,0.2,0.2,0.09961932465996742,0.0025000000000000005,True,True,True,True
25003,1,C6,A4,I,0.15548038619254223,0.2,0.6,0.12548038619254223,0.0075,True,True,True,True
25003,1,C6,A5,I,0.10573096098900187,0.2,1.0,0.05573096098900186,0.0125,True,True,True,True
25003,1,C6,A6,I,0.19934178531043278,0.2,-1.0,0.1493417853104328,0.0125,True,True,True,True
25003,1,C7,A1,I,0.09398694225063822,0.2,-0.6,0.06398694225063822,0.0075,True,True,True,True
25003,1,C7,A2,D,0.3769074083250459,0.4,-0.2,0.36690740832504587,0.0025000000000000005,True,True,True,True
25003,1,C7,A3,I,0.06925525711278631,0.2,0.2,0.05925525711278631,0.0025000000000000005,True,True,True,True
25003,1,C7,A4,D,0.3389484030468093,0.4,0.6,0.30894840304680926,0.0075,True,True,True,True
25003,1,C7,A5,I,0.17451468661017822,0.2,1.0,0.12451468661017821,0.0125,True,True,True,True
25003,1,C7,A6,I,0.17435089783895044,0.2,-1.0,0.12435089783895044,0.0125,True,True,True,True
25003,2,C1,A1,D,0.3833625708619334,0.4,-0.2,0.3733625708619334,0.0025000000000000005,True,True,True,True
25003,2,C1,A2,I,0.08180569659103168,0.2,0.2,0.07180569659103167,0.0025000000000000005,True,True,True,True
25003,2,C1,A3,I,0.13453728918283617,0.2,0.6,0.10453728918283617,0.0075,True,True,True,True
25003,2,C1,A4,I,0.12749871351451997,0.2,1.0,0.07749871351451997,0.0125,True,True,True,True
25003,2,C1,A5,I,0.12174618167649459,0.2,-1.0,0.07174618167649459,0.0125,True,True,True,True
25003,2,C1,A6,D,0.3932641448515297,0.4,-0.6,0.3632641448515297,0.0075,True,True,True,True
25003,2,C2,A1,D,0.3353929847222656,0.4,-0.2,0.3253929847222656,0.0025000000000000005,True,True,True,True
25003,2,C2,A2,D,0.389985518566925,0.4,0.2,0.379985518566925,0.0025000000000000005,True,True,True,True
25003,2,C2,A3,D,0.24874648110808062,0.4,0.6,0.21874648110808062,0.0075,True,True,True,True
25003,2,C2,A4,I,0.13942531414901257,0.2,1.0,0.08942531414901257,0.0125,True,True,True,True
25003,2,C2,A5,I,0.09957257938237309,0.2,-1.0,0.04957257938237308,0.0125,True,True,True,True
25003,2,C2,A6,D,0.29538737248351343,0.4,-0.6,0.2653873724835134,0.0075,True,True,True,True
25003,2,C3,A1,D,0.2891081666164325,0.4,-0.2,0.2791081666164325,0.0025000000000000005,True,True,True,True
25003,2,C3,A2,D,0.296058218772395,0.4,0.2,0.286058218772395,0.0025000000000000005,True,True,True,True
25003,2,C3,A3,I,0.12713430208698762,0.2,0.6,0.09713430208698762,0.0075,True,True,True,True
25003,2,C3,A4,I,0.14392558621275622,0.2,1.0,0.09392558621275622,0.0125,True,True,True,True
25003,2,C3,A5,0,0.0,0.0,0.0,0.0,0.0,True,True,True,True
25003,2,C3,A6,I,0.13443527480281547,0.2,-0.6,0.10443527480281548,0.0075,True,True,True,True
25003,2,C4,A1,I,0.10980739466547573,0.2,-0.2,0.09980739466547572,0.0025000000000000005,True,True,True,True
25003,2,C4,A2,I,0.13976303103378407,0.2,0.2,0.12976303103378406,0.0025000000000000005,True,True,True,True
25003,2,C4,A3,D,0.2861925449616189,0.4,0.6,0.2561925449616189,0.0075,True,True,True,True
25003,2,C4,A4,I,0.12880530156961298,0.2,1.0,0.07880530156961298,0.0125,True,True,True,True
25003,2,C4,A5,D,0.2808665698949502,0.4,-1.0,0.2308665698949502,0.0125,True,True,True,True
25003,2,C4,A6,D,0.26403400342077077,0.4,-0.6,0.23403400342077077,0.0075,True,True,True,True
25003,2,C5,A1,I,0.13383001928469876,0.2,-0.2,0.12383001928469875,0.0025000000000000005,True,True,True,True
25003,2,C5,A2,0,0.0,0.0,0.0,0.0,0.0,True,True,True,True
25003,2,C5,A3,D,0.3528341020225232,0.4,0.6,0.32283410202252316,0.0075,True,True,True,True
25003,2,C5,A4,D,0.22491762660269554,0.4,1.0,0.17491762660269555,0.0125,True,True,True,True
25003,2,C5,A5,I,0.13648018650713029,0.2,-1.0,0.08648018650713028,0.0125,True,True,True,True
25003,2,C5,A6,D,0.25390324274987747,0.4,-0.6,0.22390324274987747,0.0075,True,True,True,True
25003,2,C6,A1,I,0.08218580068805251,0.2,-0.2,0.0721858006880525,0.0025000000000000005,True,True,True,True
25003,2,C6,A2,I,0.06550939727987731,0.2,0.2,0.05550939727987731,0.0025000000000000005,True,True,True,True
25003,2,C6,A3,I,0.10961932465996743,0.2,0.6,0.07961932465996743,0.0075,True,True,True,True
25003,2,C6,A4,I,0.15548038619254223,0.2,1.0,0.10548038619254223,0.0125,True,True,True,True
25003,2,C6,A5,I,0.10573096098900187,0.2,-1.0,0.05573096098900186,0.0125,True,True,True,True
25003,2,C6,A6,I,0.19934178531043278,0.2,-0.6,0.16934178531043279,0.0075,True,True,True,True
25003,2,C7,A1,I,0.09398694225063822,0.2,-0.2,0.08398694225063821,0.0025000000000000005,True,True,True,True
25003,2,C7,A2,D,0.3769074083250459,0.4,0.2,0.36690740832504587,0.0025000000000000005,True,True,True,True
25003,2,C7,A3,I,0.06925525711278631,0.2,0.6,0.03925525711278631,0.0075,True,True,True,True
25003,2,C7,A4,D,0.3389484030468093,0.4,1.0,0.2889484030468093,0.0125,True,True,True,True
25003,2,C7,A5,I,0.17451468661017822,0.2,-1.0,0.12451468661017821,0.0125,True,True,True,True
25003,2,C7,A6,I,0.17435089783895044,0.2,-0.6,0.14435089783895044,0.0075,True,True,True,True
25003,3,C1,A1,D,0.3833625708619334,0.4,0.2,0.3733625708619334,0.0025000000000000005,True,True,True,True
25003,3,C1,A2,I,0.08180569659103168,0.2,0.6,0.05180569659103168,0.0075,True,True,True,True
25003,3,C1,A3,I,0.13453728918283617,0.2,1.0,0.08453728918283616,0.0125,True,True,True,True
25003,3,C1,A4,I,0.12749871351451997,0.2,-1.0,0.07749871351451997,0.0125,True,True,True,True
25003,3,C1,A5,I,0.12174618167649459,0.2,-0.6,0.09174618167649459,0.0075,True,True,True,True
25003,3,C1,A6,D,0.3932641448515297,0.4,-0.2,0.3832641448515297,0.0025000000000000005,True,True,True,True
25003,3,C2,A1,D,0.3353929847222656,0.4,0.2,0.3253929847222656,0.0025000000000000005,True,True,True,True
25003,3,C2,A2,D,0.389985518566925,0.4,0.6,0.35998551856692496,0.0075,True,True,True,True
25003,3,C2,A3,D,0.24874648110808062,0.4,1.0,0.19874648110808063,0.0125,True,True,True,True
25003,3,C2,A4,I,0.13942531414901257,0.2,-1.0,0.08942531414901257,0.0125,True,True,True,True
25003,3,C2,A5,I,0.09957257938237309,0.2,-0.6,0.06957257938237309,0.0075,True,True,True,True
25003,3,C2,A6,D,0.29538737248351343,0.4,-0.2,0.2853873724835134,0.0025000000000000005,True,True,True,True
25003,3,C3,A1,D,0.2891081666164325,0.4,0.2,0.2791081666164325,0.0025000000000000005,True,True,True,True
25003,3,C3,A2,D,0.296058218772395,0.4,0.6,0.266058218772395,0.0075,True,True,True,True
25003,3,C3,A3,I,0.12713430208698762,0.2,1.0,0.07713430208698761,0.0125,True,True,True,True
25003,3,C3,A4,I,0.14392558621275622,0.2,-1.0,0.09392558621275622,0.0125,True,True,True,True
25003,3,C3,A5,0,0.0,0.0,0.0,0.0,0.0,True,True,True,True
25003,3,C3,A6,I,0.13443527480281547,0.2,-0.2,0.12443527480281547,0.0025000000000000005,True,True,True,True
25003,3,C4,A1,I,0.10980739466547573,0.2,0.2,0.09980739466547572,0.0025000000000000005,True,True,True,True
25003,3,C4,A2,I,0.13976303103378407,0.2,0.6,0.10976303103378407,0.0075,True,True,True,True
25003,3,C4,A3,D,0.2861925449616189,0.4,1.0,0.2361925449616189,0.0125,True,True,True,True
25003,3,C4,A4,I,0.12880530156961298,0.2,-1.0,0.07880530156961298,0.0125,True,True,True,True
25003,3,C4,A5,D,0.2808665698949502,0.4,-0.6,0.25086656989495015,0.0075,True,True,True,True
25003,3,C4,A6,D,0.26403400342077077,0.4,-0.2,0.25403400342077076,0.0025000000000000005,True,True,True,True
25003,3,C5,A1,I,0.13383001928469876,0.2,0.2,0.12383001928469875,0.0025000000000000005,True,True,True,True
25003,3,C5,A2,0,0.0,0.0,0.0,0.0,0.0,True,True,True,True
25003,3,C5,A3,D,0.3528341020225232,0.4,1.0,0.3028341020225232,0.0125,True,True,True,True
25003,3,C5,A4,D,0.22491762660269554,0.4,-1.0,0.17491762660269555,0.0125,True,True,True,True
25003,3,C5,A5,I,0.13648018650713029,0.2,-0.6,0.10648018650713029,0.0075,True,True,True,True
25003,3,C5,A6,D,0.25390324274987747,0.4,-0.2,0.24390324274987746,0.0025000000000000005,True,True,True,True
25003,3,C6,A1,I,0.08218580068805251,0.2,0.2,0.0721858006880525,0.0025000000000000005,True,True,True,True
25003,3,C6,A2,I,0.06550939727987731,0.2,0.6,0.035509397279877314,0.0075,True,True,True,True
25003,3,C6,A3,I,0.10961932465996743,0.2,1.0,0.05961932465996743,0.0125,True,True,True,True
25003,3,C6,A4,I,0.15548038619254223,0.2,-1.0,0.10548038619254223,0.0125,True,True,True,True
25003,3,C6,A5,I,0.10573096098900187,0.2,-0.6,0.07573096098900187,0.0075,True,True,True,True
25003,3,C6,A6,I,0.19934178531043278,0.2,-0.2,0.18934178531043278,0.0025000000000000005,True,True,True,True
25003,3,C7,A1,I,0.09398694225063822,0.2,0.2,0.08398694225063821,0.0025000000000000005,True,True,True,True
25003,3,C7,A2,D,0.3769074083250459,0.4,0.6,0.34690740832504585,0.0075,True,True,True,True
25003,3,C7,A3,I,0.06925525711278631,0.2,1.0,0.019255257112786306,0.0125,True,True,True,True
25003,3,C7,A4,D,0.3389484030468093,0.4,-1.0,0.2889484030468093,0.0125,True,True,True,True
25003,3,C7,A5,I,0.17451468661017822,0.2,-0.6,0.14451468661017822,0.0075,True,True,True,True
25003,3,C7,A6,I,0.17435089783895044,0.2,-0.2,0.16435089783895043,0.0025000000000000005,True,True,True,True
25003,4,C1,A1,D,0.3833625708619334,0.4,0.6,0.35336257086193346,0.0075,True,True,True,True
25003,4,C1,A2,I,0.08180569659103168,0.2,1.0,0.031805696591031676,0.0125,True,True,True,True
25003,4,C1,A3,I,0.13453728918283617,0.2,-1.0,0.08453728918283616,0.0125,True,True,True,True
25003,4,C1,A4,I,0.12749871351451997,0.2,-0.6,0.09749871351451997,0.0075,True,True,True,True
25003,4,C1,A5,I,0.12174618167649459,0.2,-0.2,0.11174618167649458,0.0025000000000000005,True,True,True,True
25003,4,C1,A6,D,0.3932641448515297,0.4,0.2,0.3832641448515297,0.0025000000000000005,True,True,True,True
25003,4,C2,A1,D,0.3353929847222656,0.4,0.6,0.3053929847222656,0.0075,True,True,True,True
25003,4,C2,A2,D,0.389985518566925,0.4,1.0,0.339985518566925,0.0125,True,True,True,True
25003,4,C2,A3,D,0.24874648110808062,0.4,-1.0,0.19874648110808063,0.0125,True,True,True,True
25003,4,C2,A4,I,0.13942531414901257,0.2,-0.6,0.10942531414901258,0.0075,True,True,True,True
25003,4,C2,A5,I,0.09957257938237309,0.2,-0.2,0.08957257938237309,0.0025000000000000005,True,True,True,True
25003,4,C2,A6,D,0.29538737248351343,0.4,0.2,0.2853873724835134,0.0025000000000000005,True,True,True,True
25003,4,C3,A1,D,0.2891081666164325,0.4,0.6,0.25910816661643254,0.0075,True,True,True,True
25003,4,C3,A2,D,0.296058218772395,0.4,1.0,0.24605821877239503,0.0125,True,True,True,True
25003,4,C3,A3,I,0.12713430208698762,0.2,-1.0,0.07713430208698761,0.0125,True,True,True,True
25003,4,C3,A4,I,0.14392558621275622,0.2,-0.6,0.11392558621275622,0.0075,True,True,True,True
25003,4,C3,A5,0,0.0,0.0,0.0,0.0,0.0,True,True,True,True
25003,4,C3,A6,I,0.13443527480281547,0.2,0.2,0.12443527480281547,0.0025000000000000005,True,True,True,True
25003,4,C4,A1,I,0.10980739466547573,0.2,0.6,0.07980739466547573,0.0075,True,True,True,True
25003,4,C4,A2,I,0.13976303103378407,0.2,1.0,0.08976303103378407,0.0125,True,True,True,True
25003,4,C4,A3,D,0.2861925449616189,0.4,-1.0,0.2361925449616189,0.0125,True,True,True,True
25003,4,C4,A4,I,0.12880530156961298,0.2,-0.6,0.09880530156961298,0.0075,True,True,True,True
25003,4,C4,A5,D,0.2808665698949502,0.4,-0.2,0.27086656989495017,0.0025000000000000005,True,True,True,True
25003,4,C4,A6,D,0.26403400342077077,0.4,0.2,0.25403400342077076,0.0025000000000000005,True,True,True,True
25003,4,C5,A1,I,0.13383001928469876,0.2,0.6,0.10383001928469876,0.0075,True,True,True,True
25003,4,C5,A2,0,0.0,0.0,0.0,0.0,0.0,True,True,True,True
25003,4,C5,A3,D,0.3528341020225232,0.4,-1.0,0.3028341020225232,0.0125,True,True,True,True
25003,4,C5,A4,D,0.22491762660269554,0.4,-0.6,0.19491762660269554,0.0075,True,True,True,True
25003,4,C5,A5,I,0.13648018650713029,0.2,-0.2,0.12648018650713028,0.0025000000000000005,True,True,True,True
25003,4,C5,A6,D,0.25390324274987747,0.4,0.2,0.24390324274987746,0.0025000000000000005,True,True,True,True
25003,4,C6,A1,I,0.08218580068805251,0.2,0.6,0.05218580068805251,0.0075,True,True,True,True
25003,4,C6,A2,I,0.06550939727987731,0.2,1.0,0.01550939727987731,0.0125,True,True,True,True
25003,4,C6,A3,I,0.10961932465996743,0.2,-1.0,0.05961932465996743,0.0125,True,True,True,True
25003,4,C6,A4,I,0.15548038619254223,0.2,-0.6,0.12548038619254223,0.0075,True,True,True,True
25003,4,C6,A5,I,0.10573096098900187,0.2,-0.2,0.09573096098900186,0.0025000000000000005,True,True,True,True
25003,4,C6,A6,I,0.19934178531043278,0.2,0.2,0.18934178531043278,0.0025000000000000005,True,True,True,True
25003,4,C7,A1,I,0.09398694225063822,0.2,0.6,0.06398694225063822,0.0075,True,True,True,True
25003,4,C7,A2,D,0.3769074083250459,0.4,1.0,0.3269074083250459,0.0125,True,True,True,True
25003,4,C7,A3,I,0.06925525711278631,0.2,-1.0,0.019255257112786306,0.0125,True,True,True,True
25003,4,C7,A4,D,0.3389484030468093,0.4,-0.6,0.30894840304680926,0.0075,True,True,True,True
25003,4,C7,A5,I,0.17451468661017822,0.2,-0.2,0.1645146866101782,0.0025000000000000005,True,True,True,True
25003,4,C7,A6,I,0.17435089783895044,0.2,0.2,0.16435089783895043,0.0025000000000000005,True,True,True,True
25003,5,C1,A1,D,0.3833625708619334,0.4,1.0,0.33336257086193344,0.0125,True,True,True,True
25003,5,C1,A2,I,0.08180569659103168,0.2,-1.0,0.031805696591031676,0.0125,True,True,True,True
25003,5,C1,A3,I,0.13453728918283617,0.2,-0.6,0.10453728918283617,0.0075,True,True,True,True
25003,5,C1,A4,I,0.12749871351451997,0.2,-0.2,0.11749871351451996,0.0025000000000000005,True,True,True,True
25003,5,C1,A5,I,0.12174618167649459,0.2,0.2,0.11174618167649458,0.0025000000000000005,True,True,True,True
25003,5,C1,A6,D,0.3932641448515297,0.4,0.6,0.3632641448515297,0.0075,True,True,True,True
25003,5,C2,A1,D,0.3353929847222656,0.4,1.0,0.2853929847222656,0.0125,True,True,True,True
25003,5,C2,A2,D,0.389985518566925,0.4,-1.0,0.339985518566925,0.0125,True,True,True,True
25003,5,C2,A3,D,0.24874648110808062,0.4,-0.6,0.21874648110808062,0.0075,True,True,True,True
25003,5,C2,A4,I,0.13942531414901257,0.2,-0.2,0.12942531414901257,0.0025000000000000005,True,True,True,True
25003,5,C2,A5,I,0.09957257938237309,0.2,0.2,0.08957257938237309,0.0025000000000000005,True,True,True,True
25003,5,C2,A6,D,0.29538737248351343,0.4,0.6,0.2653873724835134,0.0075,True,True,True,True
25003,5,C3,A1,D,0.2891081666164325,0.4,1.0,0.23910816661643253,0.0125,True,True,True,True
25003,5,C3,A2,D,0.296058218772395,0.4,-1.0,0.24605821877239503,0.0125,True,True,True,True
25003,5,C3,A3,I,0.12713430208698762,0.2,-0.6,0.09713430208698762,0.0075,True,True,True,True
25003,5,C3,A4,I,0.14392558621275622,0.2,-0.2,0.13392558621275621,0.0025000000000000005,True,True,True,True
25003,5,C3,A5,0,0.0,0.0,0.0,0.0,0.0,True,True,True,True
25003,5,C3,A6,I,0.13443527480281547,0.2,0.6,0.10443527480281548,0.0075,True,True,True,True
25003,5,C4,A1,I,0.10980739466547573,0.2,1.0,0.05980739466547573,0.0125,True,True,True,True
25003,5,C4,A2,I,0.13976303103378407,0.2,-1.0,0.08976303103378407,0.0125,True,True,True,True
25003,5,C4,A3,D,0.2861925449616189,0.4,-0.6,0.2561925449616189,0.0075,True,True,True,True
25003,5,C4,A4,I,0.12880530156961298,0.2,-0.2,0.11880530156961297,0.0025000000000000005,True,True,True,True
25003,5,C4,A5,D,0.2808665698949502,0.4,0.2,0.27086656989495017,0.0025000000000000005,True,True,True,True
25003,5,C4,A6,D,0.26403400342077077,0.4,0.6,0.23403400342077077,0.0075,True,True,True,True
25003,5,C5,A1,I,0.13383001928469876,0.2,1.0,0.08383001928469876,0.0125,True,True,True,True
25003,5,C5,A2,0,0.0,0.0,0.0,0.0,0.0,True,True,True,True
25003,5,C5,A3,D,0.3528341020225232,0.4,-0.6,0.32283410202252316,0.0075,True,True,True,True
25003,5,C5,A4,D,0.22491762660269554,0.4,-0.2,0.21491762660269553,0.0025000000000000005,True,True,True,True
25003,5,C5,A5,I,0.13648018650713029,0.2,0.2,0.12648018650713028,0.0025000000000000005,True,True,True,True
25003,5,C5,A6,D,0.25390324274987747,0.4,0.6,0.22390324274987747,0.0075,True,True,True,True
25003,5,C6,A1,I,0.08218580068805251,0.2,1.0,0.032185800688052504,0.0125,True,True,True,True
25003,5,C6,A2,I,0.06550939727987731,0.2,-1.0,0.01550939727987731,0.0125,True,True,True,True
25003,5,C6,A3,I,0.10961932465996743,0.2,-0.6,0.07961932465996743,0.0075,True,True,True,True
25003,5,C6,A4,I,0.15548038619254223,0.2,-0.2,0.14548038619254222,0.0025000000000000005,True,True,True,True
25003,5,C6,A5,I,0.10573096098900187,0.2,0.2,0.09573096098900186,0.0025000000000000005,True,True,True,True
25003,5,C6,A6,I,0.19934178531043278,0.2,0.6,0.16934178531043279,0.0075,True,True,True,True
25003,5,C7,A1,I,0.09398694225063822,0.2,1.0,0.04398694225063822,0.0125,True,True,True,True
25003,5,C7,A2,D,0.3769074083250459,0.4,-1.0,0.3269074083250459,0.0125,True,True,True,True
25003,5,C7,A3,I,0.06925525711278631,0.2,-0.6,0.03925525711278631,0.0075,True,True,True,True
25003,5,C7,A4,D,0.3389484030468093,0.4,-0.2,0.3289484030468093,0.0025000000000000005,True,True,True,True
25003,5,C7,A5,I,0.17451468661017822,0.2,0.2,0.1645146866101782,0.0025000000000000005,True,True,True,True
25003,5,C7,A6,I,0.17435089783895044,0.2,0.6,0.14435089783895044,0.0075,True,True,True,True
25004,0,C1,A1,D,0.34078404960275427,0.4,-1.0,0.2907840496027543,0.0125,True,True,True,True
25004,0,C1,A2,I,0.1557086861818785,0.2,-0.6,0.1257086861818785,0.0075,True,True,True,True
25004,0,C1,A3,I,0.13015268205989872,0.2,-0.2,0.12015268205989871,0.0025000000000000005,True,True,True,True
25004,0,C1,A4,I,0.17731630229074952,0.2,0.2,0.1673163022907495,0.0025000000000000005,True,True,True,True
25004,0,C1,A5,I,0.12197519459562979,0.2,0.6,0.09197519459562979,0.0075,True,True,True,True
25004,0,C1,A6,D,0.360636286993505,0.4,1.0,0.310636286993505,0.0125,True,True,True,True
25004,0,C2,A1,D,0.29135353823890064,0.4,-1.0,0.24135353823890066,0.0125,True,True,True,True
25004,0,C2,A2,D,0.29751842273416057,0.4,-0.6,0.2675184227341606,0.0075,True,True,True,True
25004,0,C2,A3,D,0.3364273701581474,0.4,-0.2,0.3264273701581474,0.0025000000000000005,True,True,True,True
25004,0,C2,A4,I,0.05905397687710267,0.2,0.2,0.04905397687710267,0.0025000000000000005,True,True,True,True
25004,0,C2,A5,I,0.17168773205716942,0.2,0.6,0.14168773205716942,0.0075,True,True,True,True
25004,0,C2,A6,D,0.3724225726695557,0.4,1.0,0.3224225726695557,0.0125,True,True,True,True
25004,0,C3,A1,D,0.3476766019011862,0.4,-1.0,0.2976766019011862,0.0125,True,True,True,True
25004,0,C3,A2,D,0.3698221327840889,0.4,-0.6,0.3398221327840889,0.0075,True,True,True,True
25004,0,C3,A3,I,0.1906872282905162,0.2,-0.2,0.1806872282905162,0.0025000000000000005,True,True,True,True
25004,0,C3,A4,I,0.0823576389615944,0.2,0.2,0.07235763896159439,0.0025000000000000005,True,True,True,True
25004,0,C3,A5,0,0.0,0.0,0.0,0.0,0.0,True,True,True,True
25004,0,C3,A6,I,0.18880979427848077,0.2,1.0,0.13880979427848078,0.0125,True,True,True,True
25004,0,C4,A1,I,0.11168765300726452,0.2,-1.0,0.06168765300726452,0.0125,True,True,True,True
25004,0,C4,A2,I,0.12998865192745052,0.2,-0.6,0.09998865192745052,0.0075,True,True,True,True
25004,0,C4,A3,D,0.37078398182220207,0.4,-0.2,0.36078398182220206,0.0025000000000000005,True,True,True,True
25004,0,C4,A4,I,0.16668697619665135,0.2,0.2,0.15668697619665134,0.0025000000000000005,True,True,True,True
25004,0,C4,A5,D,0.23720409960764505,0.4,0.6,0.20720409960764505,0.0075,True,True,True,True
25004,0,C4,A6,D,0.2415943942335155,0.4,1.0,0.19159439423351549,0.0125,True,True,True,True
25004,0,C5,A1,I,0.188003557568166,0.2,-1.0,0.138003557568166,0.0125,True,True,True,True
25004,0,C5,A2,0,0.0,0.0,0.0,0.0,0.0,True,True,True,True
25004,0,C5,A3,D,0.3422836883605168,0.4,-0.2,0.3322836883605168,0.0025000000000000005,True,True,True,True
25004,0,C5,A4,D,0.38731914361933817,0.4,0.2,0.37731914361933816,0.0025000000000000005,True,True,True,True
25004,0,C5,A5,I,0.17172203531194702,0.2,0.6,0.14172203531194702,0.0075,True,True,True,True
25004,0,C5,A6,D,0.2563801727823835,0.4,1.0,0.20638017278238352,0.0125,True,True,True,True
25004,0,C6,A1,I,0.0906220887878412,0.2,-1.0,0.040622088787841196,0.0125,True,True,True,True
25004,0,C6,A2,I,0.11649895055928115,0.2,-0.6,0.08649895055928115,0.0075,True,True,True,True
25004,0,C6,A3,I,0.07854158028418737,0.2,-0.2,0.06854158028418736,0.0025000000000000005,True,True,True,True
25004,0,C6,A4,I,0.1772153773139093,0.2,0.2,0.16721537731390929,0.0025000000000000005,True,True,True,True
25004,0,C6,A5,I,0.05643055928464409,0.2,0.6,0.026430559284644092,0.0075,True,True,True,True
25004,0,C6,A6,I,0.1971417851366794,0.2,1.0,0.14714178513667941,0.0125,True,True,True,True
25004,0,C7,A1,I,0.14500298600432726,0.2,-1.0,0.09500298600432726,0.0125,True,True,True,True
25004,0,C7,A2,D,0.23161144213105778,0.4,-0.6,0.20161144213105778,0.0075,True,True,True,True
25004,0,C7,A3,I,0.1339473807470391,0.2,-0.2,0.1239473807470391,0.0025000000000000005,True,True,True,True
25004,0,C7,A4,D,0.32585374654041804,0.4,0.2,0.31585374654041803,0.0025000000000000005,True,True,True,True
25004,0,C7,A5,I,0.13044217277487674,0.2,0.6,0.10044217277487674,0.0075,True,True,True,True
25004,0,C7,A6,I,0.11812784748973408,0.2,1.0,0.06812784748973408,0.0125,True,True,True,True
25004,1,C1,A1,D,0.34078404960275427,0.4,-0.6,0.3107840496027543,0.0075,True,True,True,True
25004,1,C1,A2,I,0.1557086861818785,0.2,-0.2,0.1457086861818785,0.0025000000000000005,True,True,True,True
25004,1,C1,A3,I,0.13015268205989872,0.2,0.2,0.12015268205989871,0.0025000000000000005,True,True,True,True
25004,1,C1,A4,I,0.17731630229074952,0.2,0.6,0.14731630229074952,0.0075,True,True,True,True
25004,1,C1,A5,I,0.12197519459562979,0.2,1.0,0.07197519459562979,0.0125,True,True,True,True
25004,1,C1,A6,D,0.360636286993505,0.4,-1.0,0.310636286993505,0.0125,True,True,True,True
25004,1,C2,A1,D,0.29135353823890064,0.4,-0.6,0.2613535382389006,0.0075,True,True,True,True
25004,1,C2,A2,D,0.29751842273416057,0.4,-0.2,0.28751842273416056,0.0025000000000000005,True,True,True,True
25004,1,C2,A3,D,0.3364273701581474,0.4,0.2,0.3264273701581474,0.0025000000000000005,True,True,True,True
25004,1,C2,A4,I,0.05905397687710267,0.2,0.6,0.02905397687710267,0.0075,True,True,True,True
25004,1,C2,A5,I,0.17168773205716942,0.2,1.0,0.12168773205716941,0.0125,True,True,True,True
25004,1,C2,A6,D,0.3724225726695557,0.4,-1.0,0.3224225726695557,0.0125,True,True,True,True
25004,1,C3,A1,D,0.3476766019011862,0.4,-0.6,0.3176766019011862,0.0075,True,True,True,True
25004,1,C3,A2,D,0.3698221327840889,0.4,-0.2,0.35982213278408887,0.0025000000000000005,True,True,True,True
25004,1,C3,A3,I,0.1906872282905162,0.2,0.2,0.1806872282905162,0.0025000000000000005,True,True,True,True
25004,1,C3,A4,I,0.0823576389615944,0.2,0.6,0.0523576389615944,0.0075,True,True,True,True
25004,1,C3,A5,0,0.0,0.0,0.0,0.0,0.0,True,True,True,True
25004,1,C3,A6,I,0.18880979427848077,0.2,-1.0,0.13880979427848078,0.0125,True,True,True,True
25004,1,C4,A1,I,0.11168765300726452,0.2,-0.6,0.08168765300726452,0.0075,True,True,True,True
25004,1,C4,A2,I,0.12998865192745052,0.2,-0.2,0.11998865192745051,0.0025000000000000005,True,True,True,True
25004,1,C4,A3,D,0.37078398182220207,0.4,0.2,0.36078398182220206,0.0025000000000000005,True,True,True,True
25004,1,C4,A4,I,0.16668697619665135,0.2,0.6,0.13668697619665135,0.0075,True,True,True,True
25004,1,C4,A5,D,0.23720409960764505,0.4,1.0,0.18720409960764506,0.0125,True,True,True,True
25004,1,C4,A6,D,0.2415943942335155,0.4,-1.0,0.19159439423351549,0.0125,True,True,True,True
25004,1,C5,A1,I,0.188003557568166,0.2,-0.6,0.158003557568166,0.0075,True,True,True,True
25004,1,C5,A2,0,0.0,0.0,0.0,0.0,0.0,True,True,True,True
25004,1,C5,A3,D,0.3422836883605168,0.4,0.2,0.3322836883605168,0.0025000000000000005,True,True,True,True
25004,1,C5,A4,D,0.38731914361933817,0.4,0.6,0.35731914361933814,0.0075,True,True,True,True
25004,1,C5,A5,I,0.17172203531194702,0.2,1.0,0.12172203531194702,0.0125,True,True,True,True
25004,1,C5,A6,D,0.2563801727823835,0.4,-1.0,0.20638017278238352,0.0125,True,True,True,True
25004,1,C6,A1,I,0.0906220887878412,0.2,-0.6,0.0606220887878412,0.0075,True,True,True,True
25004,1,C6,A2,I,0.11649895055928115,0.2,-0.2,0.10649895055928116,0.0025000000000000005,True,True,True,True
25004,1,C6,A3,I,0.07854158028418737,0.2,0.2,0.06854158028418736,0.0025000000000000005,True,True,True,True
25004,1,C6,A4,I,0.1772153773139093,0.2,0.6,0.1472153773139093,0.0075,True,True,True,True
25004,1,C6,A5,I,0.05643055928464409,0.2,1.0,0.0064305592846440884,0.0125,True,True,True,True
25004,1,C6,A6,I,0.1971417851366794,0.2,-1.0,0.14714178513667941,0.0125,True,True,True,True
25004,1,C7,A1,I,0.14500298600432726,0.2,-0.6,0.11500298600432726,0.0075,True,True,True,True
25004,1,C7,A2,D,0.23161144213105778,0.4,-0.2,0.22161144213105777,0.0025000000000000005,True,True,True,True
25004,1,C7,A3,I,0.1339473807470391,0.2,0.2,0.1239473807470391,0.0025000000000000005,True,True,True,True
25004,1,C7,A4,D,0.32585374654041804,0.4,0.6,0.29585374654041807,0.0075,True,True,True,True
25004,1,C7,A5,I,0.13044217277487674,0.2,1.0,0.08044217277487674,0.0125,True,True,True,True
25004,1,C7,A6,I,0.11812784748973408,0.2,-1.0,0.06812784748973408,0.0125,True,True,True,True
25004,2,C1,A1,D,0.34078404960275427,0.4,-0.2,0.33078404960275426,0.0025000000000000005,True,True,True,True
25004,2,C1,A2,I,0.1557086861818785,0.2,0.2,0.1457086861818785,0.0025000000000000005,True,True,True,True
25004,2,C1,A3,I,0.13015268205989872,0.2,0.6,0.10015268205989872,0.0075,True,True,True,True
25004,2,C1,A4,I,0.17731630229074952,0.2,1.0,0.12731630229074953,0.0125,True,True,True,True
25004,2,C1,A5,I,0.12197519459562979,0.2,-1.0,0.07197519459562979,0.0125,True,True,True,True
25004,2,C1,A6,D,0.360636286993505,0.4,-0.6,0.330636286993505,0.0075,True,True,True,True
25004,2,C2,A1,D,0.29135353823890064,0.4,-0.2,0.28135353823890064,0.0025000000000000005,True,True,True,True
25004,2,C2,A2,D,0.29751842273416057,0.4,0.2,0.28751842273416056,0.0025000000000000005,True,True,True,True
25004,2,C2,A3,D,0.3364273701581474,0.4,0.6,0.30642737015814736,0.0075,True,True,True,True
25004,2,C2,A4,I,0.05905397687710267,0.2,1.0,0.009053976877102667,0.0125,True,True,True,True
25004,2,C2,A5,I,0.17168773205716942,0.2,-1.0,0.12168773205716941,0.0125,True,True,True,True
25004,2,C2,A6,D,0.3724225726695557,0.4,-0.6,0.34242257266955567,0.0075,True,True,True,True
25004,2,C3,A1,D,0.3476766019011862,0.4,-0.2,0.3376766019011862,0.0025000000000000005,True,True,True,True
25004,2,C3,A2,D,0.3698221327840889,0.4,0.2,0.35982213278408887,0.0025000000000000005,True,True,True,True
25004,2,C3,A3,I,0.1906872282905162,0.2,0.6,0.1606872282905162,0.0075,True,True,True,True
25004,2,C3,A4,I,0.0823576389615944,0.2,1.0,0.032357638961594395,0.0125,True,True,True,True
25004,2,C3,A5,0,0.0,0.0,0.0,0.0,0.0,True,True,True,True
25004,2,C3,A6,I,0.18880979427848077,0.2,-0.6,0.15880979427848077,0.0075,True,True,True,True
25004,2,C4,A1,I,0.11168765300726452,0.2,-0.2,0.10168765300726451,0.0025000000000000005,True,True,True,True
25004,2,C4,A2,I,0.12998865192745052,0.2,0.2,0.11998865192745051,0.0025000000000000005,True,True,True,True
25004,2,C4,A3,D,0.37078398182220207,0.4,0.6,0.34078398182220204,0.0075,True,True,True,True
25004,2,C4,A4,I,0.16668697619665135,0.2,1.0,0.11668697619665135,0.0125,True,True,True,True
25004,2,C4,A5,D,0.23720409960764505,0.4,-1.0,0.18720409960764506,0.0125,True,True,True,True
25004,2,C4,A6,D,0.2415943942335155,0.4,-0.6,0.2115943942335155,0.0075,True,True,True,True
25004,2,C5,A1,I,0.188003557568166,0.2,-0.2,0.178003557568166,0.0025000000000000005,True,True,True,True
25004,2,C5,A2,0,0.0,0.0,0.0,0.0,0.0,True,True,True,True
25004,2,C5,A3,D,0.3422836883605168,0.4,0.6,0.3122836883605168,0.0075,True,True,True,True
25004,2,C5,A4,D,0.38731914361933817,0.4,1.0,0.3373191436193382,0.0125,True,True,True,True
25004,2,C5,A5,I,0.17172203531194702,0.2,-1.0,0.12172203531194702,0.0125,True,True,True,True
25004,2,C5,A6,D,0.2563801727823835,0.4,-0.6,0.2263801727823835,0.0075,True,True,True,True
25004,2,C6,A1,I,0.0906220887878412,0.2,-0.2,0.08062208878784119,0.0025000000000000005,True,True,True,True
25004,2,C6,A2,I,0.11649895055928115,0.2,0.2,0.10649895055928116,0.0025000000000000005,True,True,True,True
25004,2,C6,A3,I,0.07854158028418737,0.2,0.6,0.04854158028418737,0.0075,True,True,True,True
25004,2,C6,A4,I,0.1772153773139093,0.2,1.0,0.1272153773139093,0.0125,True,True,True,True
25004,2,C6,A5,I,0.05643055928464409,0.2,-1.0,0.0064305592846440884,0.0125,True,True,True,True
25004,2,C6,A6,I,0.1971417851366794,0.2,-0.6,0.1671417851366794,0.0075,True,True,True,True
25004,2,C7,A1,I,0.14500298600432726,0.2,-0.2,0.13500298600432725,0.0025000000000000005,True,True,True,True
25004,2,C7,A2,D,0.23161144213105778,0.4,0.2,0.22161144213105777,0.0025000000000000005,True,True,True,True
25004,2,C7,A3,I,0.1339473807470391,0.2,0.6,0.1039473807470391,0.0075,True,True,True,True
25004,2,C7,A4,D,0.32585374654041804,0.4,1.0,0.27585374654041805,0.0125,True,True,True,True
25004,2,C7,A5,I,0.13044217277487674,0.2,-1.0,0.08044217277487674,0.0125,True,True,True,True
25004,2,C7,A6,I,0.11812784748973408,0.2,-0.6,0.08812784748973408,0.0075,True,True,True,True
25004,3,C1,A1,D,0.34078404960275427,0.4,0.2,0.33078404960275426,0.0025000000000000005,True,True,True,True
25004,3,C1,A2,I,0.1557086861818785,0.2,0.6,0.1257086861818785,0.0075,True,True,True,True
25004,3,C1,A3,I,0.13015268205989872,0.2,1.0,0.08015268205989871,0.0125,True,True,True,True
25004,3,C1,A4,I,0.17731630229074952,0.2,-1.0,0.12731630229074953,0.0125,True,True,True,True
25004,3,C1,A5,I,0.12197519459562979,0.2,-0.6,0.09197519459562979,0.0075,True,True,True,True
25004,3,C1,A6,D,0.360636286993505,0.4,-0.2,0.35063628699350496,0.0025000000000000005,True,True,True,True
25004,3,C2,A1,D,0.29135353823890064,0.4,0.2,0.28135353823890064,0.0025000000000000005,True,True,True,True
25004,3,C2,A2,D,0.29751842273416057,0.4,0.6,0.2675184227341606,0.0075,True,True,True,True
25004,3,C2,A3,D,0.3364273701581474,0.4,1.0,0.2864273701581474,0.0125,True,True,True,True
25004,3,C2,A4,I,0.05905397687710267,0.2,-1.0,0.009053976877102667,0.0125,True,True,True,True
25004,3,C2,A5,I,0.17168773205716942,0.2,-0.6,0.14168773205716942,0.0075,True,True,True,True
25004,3,C2,A6,D,0.3724225726695557,0.4,-0.2,0.3624225726695557,0.0025000000000000005,True,True,True,True
25004,3,C3,A1,D,0.3476766019011862,0.4,0.2,0.3376766019011862,0.0025000000000000005,True,True,True,True
25004,3,C3,A2,D,0.3698221327840889,0.4,0.6,0.3398221327840889,0.0075,True,True,True,True
25004,3,C3,A3,I,0.1906872282905162,0.2,1.0,0.14068722829051622,0.0125,True,True,True,True
25004,3,C3,A4,I,0.0823576389615944,0.2,-1.0,0.032357638961594395,0.0125,True,True,True,True
25004,3,C3,A5,0,0.0,0.0,0.0,0.0,0.0,True,True,True,True
25004,3,C3,A6,I,0.18880979427848077,0.2,-0.2,0.17880979427848076,0.0025000000000000005,True,True,True,True
25004,3,C4,A1,I,0.11168765300726452,0.2,0.2,0.10168765300726451,0.0025000000000000005,True,True,True,True
25004,3,C4,A2,I,0.12998865192745052,0.2,0.6,0.09998865192745052,0.0075,True,True,True,True
25004,3,C4,A3,D,0.37078398182220207,0.4,1.0,0.3207839818222021,0.0125,True,True,True,True
25004,3,C4,A4,I,0.16668697619665135,0.2,-1.0,0.11668697619665135,0.0125,True,True,True,True
25004,3,C4,A5,D,0.23720409960764505,0.4,-0.6,0.20720409960764505,0.0075,True,True,True,True
25004,3,C4,A6,D,0.2415943942335155,0.4,-0.2,0.2315943942335155,0.0025000000000000005,True,True,True,True
25004,3,C5,A1,I,0.188003557568166,0.2,0.2,0.178003557568166,0.0025000000000000005,True,True,True,True
25004,3,C5,A2,0,0.0,0.0,0.0,0.0,0.0,True,True,True,True
25004,3,C5,A3,D,0.3422836883605168,0.4,1.0,0.2922836883605168,0.0125,True,True,True,True
25004,3,C5,A4,D,0.38731914361933817,0.4,-1.0,0.3373191436193382,0.0125,True,True,True,True
25004,3,C5,A5,I,0.17172203531194702,0.2,-0.6,0.14172203531194702,0.0075,True,True,True,True
25004,3,C5,A6,D,0.2563801727823835,0.4,-0.2,0.2463801727823835,0.0025000000000000005,True,True,True,True
25004,3,C6,A1,I,0.0906220887878412,0.2,0.2,0.08062208878784119,0.0025000000000000005,True,True,True,True
25004,3,C6,A2,I,0.11649895055928115,0.2,0.6,0.08649895055928115,0.0075,True,True,True,True
25004,3,C6,A3,I,0.07854158028418737,0.2,1.0,0.028541580284187365,0.0125,True,True,True,True
25004,3,C6,A4,I,0.1772153773139093,0.2,-1.0,0.1272153773139093,0.0125,True,True,True,True
25004,3,C6,A5,I,0.05643055928464409,0.2,-0.6,0.026430559284644092,0.0075,True,True,True,True
25004,3,C6,A6,I,0.1971417851366794,0.2,-0.2,0.1871417851366794,0.0025000000000000005,True,True,True,True
25004,3,C7,A1,I,0.14500298600432726,0.2,0.2,0.13500298600432725,0.0025000000000000005,True,True,True,True
25004,3,C7,A2,D,0.23161144213105778,0.4,0.6,0.20161144213105778,0.0075,True,True,True,True
25004,3,C7,A3,I,0.1339473807470391,0.2,1.0,0.0839473807470391,0.0125,True,True,True,True
25004,3,C7,A4,D,0.32585374654041804,0.4,-1.0,0.27585374654041805,0.0125,True,True,True,True
25004,3,C7,A5,I,0.13044217277487674,0.2,-0.6,0.10044217277487674,0.0075,True,True,True,True
25004,3,C7,A6,I,0.11812784748973408,0.2,-0.2,0.10812784748973409,0.0025000000000000005,True,True,True,True
25004,4,C1,A1,D,0.34078404960275427,0.4,0.6,0.3107840496027543,0.0075,True,True,True,True
25004,4,C1,A2,I,0.1557086861818785,0.2,1.0,0.1057086861818785,0.0125,True,True,True,True
25004,4,C1,A3,I,0.13015268205989872,0.2,-1.0,0.08015268205989871,0.0125,True,True,True,True
25004,4,C1,A4,I,0.17731630229074952,0.2,-0.6,0.14731630229074952,0.0075,True,True,True,True
25004,4,C1,A5,I,0.12197519459562979,0.2,-0.2,0.1119751945956298,0.0025000000000000005,True,True,True,True
25004,4,C1,A6,D,0.360636286993505,0.4,0.2,0.35063628699350496,0.0025000000000000005,True,True,True,True
25004,4,C2,A1,D,0.29135353823890064,0.4,0.6,0.2613535382389006,0.0075,True,True,True,True
25004,4,C2,A2,D,0.29751842273416057,0.4,1.0,0.24751842273416058,0.0125,True,True,True,True
25004,4,C2,A3,D,0.3364273701581474,0.4,-1.0,0.2864273701581474,0.0125,True,True,True,True
25004,4,C2,A4,I,0.05905397687710267,0.2,-0.6,0.02905397687710267,0.0075,True,True,True,True
25004,4,C2,A5,I,0.17168773205716942,0.2,-0.2,0.1616877320571694,0.0025000000000000005,True,True,True,True
25004,4,C2,A6,D,0.3724225726695557,0.4,0.2,0.3624225726695557,0.0025000000000000005,True,True,True,True
25004,4,C3,A1,D,0.3476766019011862,0.4,0.6,0.3176766019011862,0.0075,True,True,True,True
25004,4,C3,A2,D,0.3698221327840889,0.4,1.0,0.3198221327840889,0.0125,True,True,True,True
25004,4,C3,A3,I,0.1906872282905162,0.2,-1.0,0.14068722829051622,0.0125,True,True,True,True
25004,4,C3,A4,I,0.0823576389615944,0.2,-0.6,0.0523576389615944,0.0075,True,True,True,True
25004,4,C3,A5,0,0.0,0.0,0.0,0.0,0.0,True,True,True,True
25004,4,C3,A6,I,0.18880979427848077,0.2,0.2,0.17880979427848076,0.0025000000000000005,True,True,True,True
25004,4,C4,A1,I,0.11168765300726452,0.2,0.6,0.08168765300726452,0.0075,True,True,True,True
25004,4,C4,A2,I,0.12998865192745052,0.2,1.0,0.07998865192745051,0.0125,True,True,True,True
25004,4,C4,A3,D,0.37078398182220207,0.4,-1.0,0.3207839818222021,0.0125,True,True,True,True
25004,4,C4,A4,I,0.16668697619665135,0.2,-0.6,0.13668697619665135,0.0075,True,True,True,True
25004,4,C4,A5,D,0.23720409960764505,0.4,-0.2,0.22720409960764504,0.0025000000000000005,True,True,True,True
25004,4,C4,A6,D,0.2415943942335155,0.4,0.2,0.2315943942335155,0.0025000000000000005,True,True,True,True
25004,4,C5,A1,I,0.188003557568166,0.2,0.6,0.158003557568166,0.0075,True,True,True,True
25004,4,C5,A2,0,0.0,0.0,0.0,0.0,0.0,True,True,True,True
25004,4,C5,A3,D,0.3422836883605168,0.4,-1.0,0.2922836883605168,0.0125,True,True,True,True
25004,4,C5,A4,D,0.38731914361933817,0.4,-0.6,0.35731914361933814,0.0075,True,True,True,True
25004,4,C5,A5,I,0.17172203531194702,0.2,-0.2,0.161722035311947,0.0025000000000000005,True,True,True,True
25004,4,C5,A6,D,0.2563801727823835,0.4,0.2,0.2463801727823835,0.0025000000000000005,True,True,True,True
25004,4,C6,A1,I,0.0906220887878412,0.2,0.6,0.0606220887878412,0.0075,True,True,True,True
25004,4,C6,A2,I,0.11649895055928115,0.2,1.0,0.06649895055928115,0.0125,True,True,True,True
25004,4,C6,A3,I,0.07854158028418737,0.2,-1.0,0.028541580284187365,0.0125,True,True,True,True
25004,4,C6,A4,I,0.1772153773139093,0.2,-0.6,0.1472153773139093,0.0075,True,True,True,True
25004,4,C6,A5,I,0.05643055928464409,0.2,-0.2,0.04643055928464409,0.0025000000000000005,True,True,True,True
25004,4,C6,A6,I,0.1971417851366794,0.2,0.2,0.1871417851366794,0.0025000000000000005,True,True,True,True
25004,4,C7,A1,I,0.14500298600432726,0.2,0.6,0.11500298600432726,0.0075,True,True,True,True
25004,4,C7,A2,D,0.23161144213105778,0.4,1.0,0.1816114421310578,0.0125,True,True,True,True
25004,4,C7,A3,I,0.1339473807470391,0.2,-1.0,0.0839473807470391,0.0125,True,True,True,True
25004,4,C7,A4,D,0.32585374654041804,0.4,-0.6,0.29585374654041807,0.0075,True,True,True,True
25004,4,C7,A5,I,0.13044217277487674,0.2,-0.2,0.12044217277487673,0.0025000000000000005,True,True,True,True
25004,4,C7,A6,I,0.11812784748973408,0.2,0.2,0.10812784748973409,0.0025000000000000005,True,True,True,True
25004,5,C1,A1,D,0.34078404960275427,0.4,1.0,0.2907840496027543,0.0125,True,True,True,True
25004,5,C1,A2,I,0.1557086861818785,0.2,-1.0,0.1057086861818785,0.0125,True,True,True,True
25004,5,C1,A3,I,0.13015268205989872,0.2,-0.6,0.10015268205989872,0.0075,True,True,True,True
25004,5,C1,A4,I,0.17731630229074952,0.2,-0.2,0.1673163022907495,0.0025000000000000005,True,True,True,True
25004,5,C1,A5,I,0.12197519459562979,0.2,0.2,0.1119751945956298,0.0025000000000000005,True,True,True,True
25004,5,C1,A6,D,0.360636286993505,0.4,0.6,0.330636286993505,0.0075,True,True,True,True
25004,5,C2,A1,D,0.29135353823890064,0.4,1.0,0.24135353823890066,0.0125,True,True,True,True
25004,5,C2,A2,D,0.29751842273416057,0.4,-1.0,0.24751842273416058,0.0125,True,True,True,True
25004,5,C2,A3,D,0.3364273701581474,0.4,-0.6,0.30642737015814736,0.0075,True,True,True,True
25004,5,C2,A4,I,0.05905397687710267,0.2,-0.2,0.04905397687710267,0.0025000000000000005,True,True,True,True
25004,5,C2,A5,I,0.17168773205716942,0.2,0.2,0.1616877320571694,0.0025000000000000005,True,True,True,True
25004,5,C2,A6,D,0.3724225726695557,0.4,0.6,0.34242257266955567,0.0075,True,True,True,True
25004,5,C3,A1,D,0.3476766019011862,0.4,1.0,0.2976766019011862,0.0125,True,True,True,True
25004,5,C3,A2,D,0.3698221327840889,0.4,-1.0,0.3198221327840889,0.0125,True,True,True,True
25004,5,C3,A3,I,0.1906872282905162,0.2,-0.6,0.1606872282905162,0.0075,True,True,True,True
25004,5,C3,A4,I,0.0823576389615944,0.2,-0.2,0.07235763896159439,0.0025000000000000005,True,True,True,True
25004,5,C3,A5,0,0.0,0.0,0.0,0.0,0.0,True,True,True,True
25004,5,C3,A6,I,0.18880979427848077,0.2,0.6,0.15880979427848077,0.0075,True,True,True,True
25004,5,C4,A1,I,0.11168765300726452,0.2,1.0,0.06168765300726452,0.0125,True,True,True,True
25004,5,C4,A2,I,0.12998865192745052,0.2,-1.0,0.07998865192745051,0.0125,True,True,True,True
25004,5,C4,A3,D,0.37078398182220207,0.4,-0.6,0.34078398182220204,0.0075,True,True,True,True
25004,5,C4,A4,I,0.16668697619665135,0.2,-0.2,0.15668697619665134,0.0025000000000000005,True,True,True,True
25004,5,C4,A5,D,0.23720409960764505,0.4,0.2,0.22720409960764504,0.0025000000000000005,True,True,True,True
25004,5,C4,A6,D,0.2415943942335155,0.4,0.6,0.2115943942335155,0.0075,True,True,True,True
25004,5,C5,A1,I,0.188003557568166,0.2,1.0,0.138003557568166,0.0125,True,True,True,True
25004,5,C5,A2,0,0.0,0.0,0.0,0.0,0.0,True,True,True,True
25004,5,C5,A3,D,0.3422836883605168,0.4,-0.6,0.3122836883605168,0.0075,True,True,True,True
25004,5,C5,A4,D,0.38731914361933817,0.4,-0.2,0.37731914361933816,0.0025000000000000005,True,True,True,True
25004,5,C5,A5,I,0.17172203531194702,0.2,0.2,0.161722035311947,0.0025000000000000005,True,True,True,True
25004,5,C5,A6,D,0.2563801727823835,0.4,0.6,0.2263801727823835,0.0075,True,True,True,True
25004,5,C6,A1,I,0.0906220887878412,0.2,1.0,0.040622088787841196,0.0125,True,True,True,True
25004,5,C6,A2,I,0.11649895055928115,0.2,-1.0,0.06649895055928115,0.0125,True,True,True,True
25004,5,C6,A3,I,0.07854158028418737,0.2,-0.6,0.04854158028418737,0.0075,True,True,True,True
25004,5,C6,A4,I,0.1772153773139093,0.2,-0.2,0.16721537731390929,0.0025000000000000005,True,True,True,True
25004,5,C6,A5,I,0.05643055928464409,0.2,0.2,0.04643055928464409,0.0025000000000000005,True,True,True,True
25004,5,C6,A6,I,0.1971417851366794,0.2,0.6,0.1671417851366794,0.0075,True,True,True,True
25004,5,C7,A1,I,0.14500298600432726,0.2,1.0,0.09500298600432726,0.0125,True,True,True,True
25004,5,C7,A2,D,0.23161144213105778,0.4,-1.0,0.1816114421310578,0.0125,True,True,True,True
25004,5,C7,A3,I,0.1339473807470391,0.2,-0.6,0.1039473807470391,0.0075,True,True,True,True
25004,5,C7,A4,D,0.32585374654041804,0.4,-0.2,0.31585374654041803,0.0025000000000000005,True,True,True,True
25004,5,C7,A5,I,0.13044217277487674,0.2,0.2,0.12044217277487673,0.0025000000000000005,True,True,True,True
25004,5,C7,A6,I,0.11812784748973408,0.2,0.6,0.08812784748973408,0.0075,True,True,True,True
25005,0,C1,A1,D,0.3801971981511624,0.4,-1.0,0.3301971981511624,0.0125,True,True,True,True
25005,0,C1,A2,I,0.1795292205853668,0.2,-0.6,0.1495292205853668,0.0075,True,True,True,True
25005,0,C1,A3,I,0.11301526149328783,0.2,-0.2,0.10301526149328782,0.0025000000000000005,True,True,True,True
25005,0,C1,A4,I,0.0895370747392864,0.2,0.2,0.0795370747392864,0.0025000000000000005,True,True,True,True
25005,0,C1,A5,I,0.16443065007214028,0.2,0.6,0.13443065007214028,0.0075,True,True,True,True
25005,0,C1,A6,D,0.3287731022515996,0.4,1.0,0.2787731022515996,0.0125,True,True,True,True
25005,0,C2,A1,D,0.3267178729931227,0.4,-1.0,0.2767178729931227,0.0125,True,True,True,True
25005,0,C2,A2,D,0.3497683414255278,0.4,-0.6,0.3197683414255278,0.0075,True,True,True,True
25005,0,C2,A3,D,0.2804396030677555,0.4,-0.2,0.2704396030677555,0.0025000000000000005,True,True,True,True
25005,0,C2,A4,I,0.10973490038211586,0.2,0.2,0.09973490038211585,0.0025000000000000005,True,True,True,True
25005,0,C2,A5,I,0.09453227891061439,0.2,0.6,0.06453227891061439,0.0075,True,True,True,True
25005,0,C2,A6,D,0.3722155775419757,0.4,1.0,0.3222155775419757,0.0125,True,True,True,True
25005,0,C3,A1,D,0.2945339778673304,0.4,-1.0,0.2445339778673304,0.0125,True,True,True,True
25005,0,C3,A2,D,0.3455141252528101,0.4,-0.6,0.3155141252528101,0.0075,True,True,True,True
25005,0,C3,A3,I,0.17068079110493214,0.2,-0.2,0.16068079110493214,0.0025000000000000005,True,True,True,True
25005,0,C3,A4,I,0.12273634333135175,0.2,0.2,0.11273634333135174,0.0025000000000000005,True,True,True,True
25005,0,C3,A5,0,0.0,0.0,0.0,0.0,0.0,True,True,True,True
25005,0,C3,A6,I,0.1737728494569097,0.2,1.0,0.12377284945690971,0.0125,True,True,True,True
25005,0,C4,A1,I,0.1582475596070237,0.2,-1.0,0.10824755960702369,0.0125,True,True,True,True
25005,0,C4,A2,I,0.12154430403914575,0.2,-0.6,0.09154430403914575,0.0075,True,True,True,True
25005,0,C4,A3,D,0.2496454644219352,0.4,-0.2,0.23964546442193518,0.0025000000000000005,True,True,True,True
25005,0,C4,A4,I,0.1775202795725786,0.2,0.2,0.1675202795725786,0.0025000000000000005,True,True,True,True
25005,0,C4,A5,D,0.2870183097340909,0.4,0.6,0.2570183097340909,0.0075,True,True,True,True
25005,0,C4,A6,D,0.39848829019949783,0.4,1.0,0.34848829019949784,0.0125,True,True,True,True
25005,0,C5,A1,I,0.12660051917969492,0.2,-1.0,0.07660051917969492,0.0125,True,True,True,True
25005,0,C5,A2,0,0.0,0.0,0.0,0.0,0.0,True,True,True,True
25005,0,C5,A3,D,0.3210454238288569,0.4,-0.2,0.3110454238288569,0.0025000000000000005,True,True,True,True
25005,0,C5,A4,D,0.34733034362466597,0.4,0.2,0.33733034362466596,0.0025000000000000005,True,True,True,True
25005,0,C5,A5,I,0.17117478249979173,0.2,0.6,0.14117478249979173,0.0075,True,True,True,True
25005,0,C5,A6,D,0.2836880118106745,0.4,1.0,0.2336880118106745,0.0125,True,True,True,True
25005,0,C6,A1,I,0.11342555785660036,0.2,-1.0,0.06342555785660035,0.0125,True,True,True,True
25005,0,C6,A2,I,0.11558250338988417,0.2,-0.6,0.08558250338988417,0.0075,True,True,True,True
25005,0,C6,A3,I,0.06944795891256789,0.2,-0.2,0.059447958912567885,0.0025000000000000005,True,True,True,True
25005,0,C6,A4,I,0.1860215124740237,0.2,0.2,0.1760215124740237,0.0025000000000000005,True,True,True,True
25005,0,C6,A5,I,0.09142721682106555,0.2,0.6,0.061427216821065556,0.0075,True,True,True,True
25005,0,C6,A6,I,0.07234834249477515,0.2,1.0,0.022348342494775145,0.0125,True,True,True,True
25005,0,C7,A1,I,0.18867943277053278,0.2,-1.0,0.1386794327705328,0.0125,True,True,True,True
25005,0,C7,A2,D,0.2038609674416199,0.4,-0.6,0.1738609674416199,0.0075,True,True,True,True
25005,0,C7,A3,I,0.08743483965016427,0.2,-0.2,0.07743483965016426,0.0025000000000000005,True,True,True,True
25005,0,C7,A4,D,0.2753114882784736,0.4,0.2,0.2653114882784736,0.0025000000000000005,True,True,True,True
25005,0,C7,A5,I,0.1962247496966949,0.2,0.6,0.1662247496966949,0.0075,True,True,True,True
25005,0,C7,A6,I,0.15800497832394061,0.2,1.0,0.10800497832394061,0.0125,True,True,True,True
25005,1,C1,A1,D,0.3801971981511624,0.4,-0.6,0.35019719815116235,0.0075,True,True,True,True
25005,1,C1,A2,I,0.1795292205853668,0.2,-0.2,0.1695292205853668,0.0025000000000000005,True,True,True,True
25005,1,C1,A3,I,0.11301526149328783,0.2,0.2,0.10301526149328782,0.0025000000000000005,True,True,True,True
25005,1,C1,A4,I,0.0895370747392864,0.2,0.6,0.059537074739286405,0.0075,True,True,True,True
25005,1,C1,A5,I,0.16443065007214028,0.2,1.0,0.11443065007214027,0.0125,True,True,True,True
25005,1,C1,A6,D,0.3287731022515996,0.4,-1.0,0.2787731022515996,0.0125,True,True,True,True
25005,1,C2,A1,D,0.3267178729931227,0.4,-0.6,0.2967178729931227,0.0075,True,True,True,True
25005,1,C2,A2,D,0.3497683414255278,0.4,-0.2,0.3397683414255278,0.0025000000000000005,True,True,True,True
25005,1,C2,A3,D,0.2804396030677555,0.4,0.2,0.2704396030677555,0.0025000000000000005,True,True,True,True
25005,1,C2,A4,I,0.10973490038211586,0.2,0.6,0.07973490038211586,0.0075,True,True,True,True
25005,1,C2,A5,I,0.09453227891061439,0.2,1.0,0.044532278910614384,0.0125,True,True,True,True
25005,1,C2,A6,D,0.3722155775419757,0.4,-1.0,0.3222155775419757,0.0125,True,True,True,True
25005,1,C3,A1,D,0.2945339778673304,0.4,-0.6,0.26453397786733035,0.0075,True,True,True,True
25005,1,C3,A2,D,0.3455141252528101,0.4,-0.2,0.3355141252528101,0.0025000000000000005,True,True,True,True
25005,1,C3,A3,I,0.17068079110493214,0.2,0.2,0.16068079110493214,0.0025000000000000005,True,True,True,True
25005,1,C3,A4,I,0.12273634333135175,0.2,0.6,0.09273634333135175,0.0075,True,True,True,True
25005,1,C3,A5,0,0.0,0.0,0.0,0.0,0.0,True,True,True,True
25005,1,C3,A6,I,0.1737728494569097,0.2,-1.0,0.12377284945690971,0.0125,True,True,True,True
25005,1,C4,A1,I,0.1582475596070237,0.2,-0.6,0.1282475596070237,0.0075,True,True,True,True
25005,1,C4,A2,I,0.12154430403914575,0.2,-0.2,0.11154430403914575,0.0025000000000000005,True,True,True,True
25005,1,C4,A3,D,0.2496454644219352,0.4,0.2,0.23964546442193518,0.0025000000000000005,True,True,True,True
25005,1,C4,A4,I,0.1775202795725786,0.2,0.6,0.1475202795725786,0.0075,True,True,True,True
25005,1,C4,A5,D,0.2870183097340909,0.4,1.0,0.23701830973409094,0.0125,True,True,True,True
25005,1,C4,A6,D,0.39848829019949783,0.4,-1.0,0.34848829019949784,0.0125,True,True,True,True
25005,1,C5,A1,I,0.12660051917969492,0.2,-0.6,0.09660051917969492,0.0075,True,True,True,True
25005,1,C5,A2,0,0.0,0.0,0.0,0.0,0.0,True,True,True,True
25005,1,C5,A3,D,0.3210454238288569,0.4,0.2,0.3110454238288569,0.0025000000000000005,True,True,True,True
25005,1,C5,A4,D,0.34733034362466597,0.4,0.6,0.31733034362466594,0.0075,True,True,True,True
25005,1,C5,A5,I,0.17117478249979173,0.2,1.0,0.12117478249979173,0.0125,True,True,True,True
25005,1,C5,A6,D,0.2836880118106745,0.4,-1.0,0.2336880118106745,0.0125,True,True,True,True
25005,1,C6,A1,I,0.11342555785660036,0.2,-0.6,0.08342555785660036,0.0075,True,True,True,True
25005,1,C6,A2,I,0.11558250338988417,0.2,-0.2,0.10558250338988417,0.0025000000000000005,True,True,True,True
25005,1,C6,A3,I,0.06944795891256789,0.2,0.2,0.059447958912567885,0.0025000000000000005,True,True,True,True
25005,1,C6,A4,I,0.1860215124740237,0.2,0.6,0.1560215124740237,0.0075,True,True,True,True
25005,1,C6,A5,I,0.09142721682106555,0.2,1.0,0.04142721682106555,0.0125,True,True,True,True
25005,1,C6,A6,I,0.07234834249477515,0.2,-1.0,0.022348342494775145,0.0125,True,True,True,True
25005,1,C7,A1,I,0.18867943277053278,0.2,-0.6,0.15867943277053279,0.0075,True,True,True,True
25005,1,C7,A2,D,0.2038609674416199,0.4,-0.2,0.1938609674416199,0.0025000000000000005,True,True,True,True
25005,1,C7,A3,I,0.08743483965016427,0.2,0.2,0.07743483965016426,0.0025000000000000005,True,True,True,True
25005,1,C7,A4,D,0.2753114882784736,0.4,0.6,0.24531148827847363,0.0075,True,True,True,True
25005,1,C7,A5,I,0.1962247496966949,0.2,1.0,0.1462247496966949,0.0125,True,True,True,True
25005,1,C7,A6,I,0.15800497832394061,0.2,-1.0,0.10800497832394061,0.0125,True,True,True,True
25005,2,C1,A1,D,0.3801971981511624,0.4,-0.2,0.37019719815116237,0.0025000000000000005,True,True,True,True
25005,2,C1,A2,I,0.1795292205853668,0.2,0.2,0.1695292205853668,0.0025000000000000005,True,True,True,True
25005,2,C1,A3,I,0.11301526149328783,0.2,0.6,0.08301526149328783,0.0075,True,True,True,True
25005,2,C1,A4,I,0.0895370747392864,0.2,1.0,0.0395370747392864,0.0125,True,True,True,True
25005,2,C1,A5,I,0.16443065007214028,0.2,-1.0,0.11443065007214027,0.0125,True,True,True,True
25005,2,C1,A6,D,0.3287731022515996,0.4,-0.6,0.2987731022515996,0.0075,True,True,True,True
25005,2,C2,A1,D,0.3267178729931227,0.4,-0.2,0.3167178729931227,0.0025000000000000005,True,True,True,True
25005,2,C2,A2,D,0.3497683414255278,0.4,0.2,0.3397683414255278,0.0025000000000000005,True,True,True,True
25005,2,C2,A3,D,0.2804396030677555,0.4,0.6,0.2504396030677555,0.0075,True,True,True,True
25005,2,C2,A4,I,0.10973490038211586,0.2,1.0,0.05973490038211586,0.0125,True,True,True,True
25005,2,C2,A5,I,0.09453227891061439,0.2,-1.0,0.044532278910614384,0.0125,True,True,True,True
25005,2,C2,A6,D,0.3722155775419757,0.4,-0.6,0.34221557754197574,0.0075,True,True,True,True
25005,2,C3,A1,D,0.2945339778673304,0.4,-0.2,0.28453397786733037,0.0025000000000000005,True,True,True,True
25005,2,C3,A2,D,0.3455141252528101,0.4,0.2,0.3355141252528101,0.0025000000000000005,True,True,True,True
25005,2,C3,A3,I,0.17068079110493214,0.2,0.6,0.14068079110493215,0.0075,True,True,True,True
25005,2,C3,A4,I,0.12273634333135175,0.2,1.0,0.07273634333135175,0.0125,True,True,True,True
25005,2,C3,A5,0,0.0,0.0,0.0,0.0,0.0,True,True,True,True
25005,2,C3,A6,I,0.1737728494569097,0.2,-0.6,0.1437728494569097,0.0075,True,True,True,True
25005,2,C4,A1,I,0.1582475596070237,0.2,-0.2,0.14824755960702368,0.0025000000000000005,True,True,True,True
25005,2,C4,A2,I,0.12154430403914575,0.2,0.2,0.11154430403914575,0.0025000000000000005,True,True,True,True
25005,2,C4,A3,D,0.2496454644219352,0.4,0.6,0.2196454644219352,0.0075,True,True,True,True
25005,2,C4,A4,I,0.1775202795725786,0.2,1.0,0.1275202795725786,0.0125,True,True,True,True
25005,2,C4,A5,D,0.2870183097340909,0.4,-1.0,0.23701830973409094,0.0125,True,True,True,True
25005,2,C4,A6,D,0.39848829019949783,0.4,-0.6,0.3684882901994978,0.0075,True,True,True,True
25005,2,C5,A1,I,0.12660051917969492,0.2,-0.2,0.11660051917969491,0.0025000000000000005,True,True,True,True
25005,2,C5,A2,0,0.0,0.0,0.0,0.0,0.0,True,True,True,True
25005,2,C5,A3,D,0.3210454238288569,0.4,0.6,0.2910454238288569,0.0075,True,True,True,True
25005,2,C5,A4,D,0.34733034362466597,0.4,1.0,0.297330343624666,0.0125,True,True,True,True
25005,2,C5,A5,I,0.17117478249979173,0.2,-1.0,0.12117478249979173,0.0125,True,True,True,True
25005,2,C5,A6,D,0.2836880118106745,0.4,-0.6,0.25368801181067446,0.0075,True,True,True,True
25005,2,C6,A1,I,0.11342555785660036,0.2,-0.2,0.10342555785660035,0.0025000000000000005,True,True,True,True
25005,2,C6,A2,I,0.11558250338988417,0.2,0.2,0.10558250338988417,0.0025000000000000005,True,True,True,True
25005,2,C6,A3,I,0.06944795891256789,0.2,0.6,0.03944795891256789,0.0075,True,True,True,True
25005,2,C6,A4,I,0.1860215124740237,0.2,1.0,0.13602151247402372,0.0125,True,True,True,True
25005,2,C6,A5,I,0.09142721682106555,0.2,-1.0,0.04142721682106555,0.0125,True,True,True,True
25005,2,C6,A6,I,0.07234834249477515,0.2,-0.6,0.04234834249477515,0.0075,True,True,True,True
25005,2,C7,A1,I,0.18867943277053278,0.2,-0.2,0.17867943277053278,0.0025000000000000005,True,True,True,True
25005,2,C7,A2,D,0.2038609674416199,0.4,0.2,0.1938609674416199,0.0025000000000000005,True,True,True,True
25005,2,C7,A3,I,0.08743483965016427,0.2,0.6,0.05743483965016427,0.0075,True,True,True,True
25005,2,C7,A4,D,0.2753114882784736,0.4,1.0,0.22531148827847364,0.0125,True,True,True,True
25005,2,C7,A5,I,0.1962247496966949,0.2,-1.0,0.1462247496966949,0.0125,True,True,True,True
25005,2,C7,A6,I,0.15800497832394061,0.2,-0.6,0.12800497832394062,0.0075,True,True,True,True
25005,3,C1,A1,D,0.3801971981511624,0.4,0.2,0.37019719815116237,0.0025000000000000005,True,True,True,True
25005,3,C1,A2,I,0.1795292205853668,0.2,0.6,0.1495292205853668,0.0075,True,True,True,True
25005,3,C1,A3,I,0.11301526149328783,0.2,1.0,0.06301526149328783,0.0125,True,True,True,True
25005,3,C1,A4,I,0.0895370747392864,0.2,-1.0,0.0395370747392864,0.0125,True,True,True,True
25005,3,C1,A5,I,0.16443065007214028,0.2,-0.6,0.13443065007214028,0.0075,True,True,True,True
25005,3,C1,A6,D,0.3287731022515996,0.4,-0.2,0.3187731022515996,0.0025000000000000005,True,True,True,True
25005,3,C2,A1,D,0.3267178729931227,0.4,0.2,0.3167178729931227,0.0025000000000000005,True,True,True,True
25005,3,C2,A2,D,0.3497683414255278,0.4,0.6,0.3197683414255278,0.0075,True,True,True,True
25005,3,C2,A3,D,0.2804396030677555,0.4,1.0,0.23043960306775552,0.0125,True,True,True,True
25005,3,C2,A4,I,0.10973490038211586,0.2,-1.0,0.05973490038211586,0.0125,True,True,True,True
25005,3,C2,A5,I,0.09453227891061439,0.2,-0.6,0.06453227891061439,0.0075,True,True,True,True
25005,3,C2,A6,D,0.3722155775419757,0.4,-0.2,0.3622155775419757,0.0025000000000000005,True,True,True,True
25005,3,C3,A1,D,0.2945339778673304,0.4,0.2,0.28453397786733037,0.0025000000000000005,True,True,True,True
25005,3,C3,A2,D,0.3455141252528101,0.4,0.6,0.3155141252528101,0.0075,True,True,True,True
25005,3,C3,A3,I,0.17068079110493214,0.2,1.0,0.12068079110493214,0.0125,True,True,True,True
25005,3,C3,A4,I,0.12273634333135175,0.2,-1.0,0.07273634333135175,0.0125,True,True,True,True
25005,3,C3,A5,0,0.0,0.0,0.0,0.0,0.0,True,True,True,True
25005,3,C3,A6,I,0.1737728494569097,0.2,-0.2,0.1637728494569097,0.0025000000000000005,True,True,True,True
25005,3,C4,A1,I,0.1582475596070237,0.2,0.2,0.14824755960702368,0.0025000000000000005,True,True,True,True
25005,3,C4,A2,I,0.12154430403914575,0.2,0.6,0.09154430403914575,0.0075,True,True,True,True
25005,3,C4,A3,D,0.2496454644219352,0.4,1.0,0.1996454644219352,0.0125,True,True,True,True
25005,3,C4,A4,I,0.1775202795725786,0.2,-1.0,0.1275202795725786,0.0125,True,True,True,True
25005,3,C4,A5,D,0.2870183097340909,0.4,-0.6,0.2570183097340909,0.0075,True,True,True,True
25005,3,C4,A6,D,0.39848829019949783,0.4,-0.2,0.3884882901994978,0.0025000000000000005,True,True,True,True
25005,3,C5,A1,I,0.12660051917969492,0.2,0.2,0.11660051917969491,0.0025000000000000005,True,True,True,True
25005,3,C5,A2,0,0.0,0.0,0.0,0.0,0.0,True,True,True,True
25005,3,C5,A3,D,0.3210454238288569,0.4,1.0,0.27104542382885694,0.0125,True,True,True,True
25005,3,C5,A4,D,0.34733034362466597,0.4,-1.0,0.297330343624666,0.0125,True,True,True,True
25005,3,C5,A5,I,0.17117478249979173,0.2,-0.6,0.14117478249979173,0.0075,True,True,True,True
25005,3,C5,A6,D,0.2836880118106745,0.4,-0.2,0.2736880118106745,0.0025000000000000005,True,True,True,True
25005,3,C6,A1,I,0.11342555785660036,0.2,0.2,0.10342555785660035,0.0025000000000000005,True,True,True,True
25005,3,C6,A2,I,0.11558250338988417,0.2,0.6,0.08558250338988417,0.0075,True,True,True,True
25005,3,C6,A3,I,0.06944795891256789,0.2,1.0,0.019447958912567884,0.0125,True,True,True,True
25005,3,C6,A4,I,0.1860215124740237,0.2,-1.0,0.13602151247402372,0.0125,True,True,True,True
25005,3,C6,A5,I,0.09142721682106555,0.2,-0.6,0.061427216821065556,0.0075,True,True,True,True
25005,3,C6,A6,I,0.07234834249477515,0.2,-0.2,0.062348342494775146,0.0025000000000000005,True,True,True,True
25005,3,C7,A1,I,0.18867943277053278,0.2,0.2,0.17867943277053278,0.0025000000000000005,True,True,True,True
25005,3,C7,A2,D,0.2038609674416199,0.4,0.6,0.1738609674416199,0.0075,True,True,True,True
25005,3,C7,A3,I,0.08743483965016427,0.2,1.0,0.03743483965016427,0.0125,True,True,True,True
25005,3,C7,A4,D,0.2753114882784736,0.4,-1.0,0.22531148827847364,0.0125,True,True,True,True
25005,3,C7,A5,I,0.1962247496966949,0.2,-0.6,0.1662247496966949,0.0075,True,True,True,True
25005,3,C7,A6,I,0.15800497832394061,0.2,-0.2,0.1480049783239406,0.0025000000000000005,True,True,True,True
25005,4,C1,A1,D,0.3801971981511624,0.4,0.6,0.35019719815116235,0.0075,True,True,True,True
25005,4,C1,A2,I,0.1795292205853668,0.2,1.0,0.1295292205853668,0.0125,True,True,True,True
25005,4,C1,A3,I,0.11301526149328783,0.2,-1.0,0.06301526149328783,0.0125,True,True,True,True
25005,4,C1,A4,I,0.0895370747392864,0.2,-0.6,0.059537074739286405,0.0075,True,True,True,True
25005,4,C1,A5,I,0.16443065007214028,0.2,-0.2,0.15443065007214027,0.0025000000000000005,True,True,True,True
25005,4,C1,A6,D,0.3287731022515996,0.4,0.2,0.3187731022515996,0.0025000000000000005,True,True,True,True
25005,4,C2,A1,D,0.3267178729931227,0.4,0.6,0.2967178729931227,0.0075,True,True,True,True
25005,4,C2,A2,D,0.3497683414255278,0.4,1.0,0.29976834142552783,0.0125,True,True,True,True
25005,4,C2,A3,D,0.2804396030677555,0.4,-1.0,0.23043960306775552,0.0125,True,True,True,True
25005,4,C2,A4,I,0.10973490038211586,0.2,-0.6,0.07973490038211586,0.0075,True,True,True,True
25005,4,C2,A5,I,0.09453227891061439,0.2,-0.2,0.08453227891061438,0.0025000000000000005,True,True,True,True
25005,4,C2,A6,D,0.3722155775419757,0.4,0.2,0.3622155775419757,0.0025000000000000005,True,True,True,True
25005,4,C3,A1,D,0.2945339778673304,0.4,0.6,0.26453397786733035,0.0075,True,True,True,True
25005,4,C3,A2,D,0.3455141252528101,0.4,1.0,0.2955141252528101,0.0125,True,True,True,True
25005,4,C3,A3,I,0.17068079110493214,0.2,-1.0,0.12068079110493214,0.0125,True,True,True,True
25005,4,C3,A4,I,0.12273634333135175,0.2,-0.6,0.09273634333135175,0.0075,True,True,True,True
25005,4,C3,A5,0,0.0,0.0,0.0,0.0,0.0,True,True,True,True
25005,4,C3,A6,I,0.1737728494569097,0.2,0.2,0.1637728494569097,0.0025000000000000005,True,True,True,True
25005,4,C4,A1,I,0.1582475596070237,0.2,0.6,0.1282475596070237,0.0075,True,True,True,True
25005,4,C4,A2,I,0.12154430403914575,0.2,1.0,0.07154430403914575,0.0125,True,True,True,True
25005,4,C4,A3,D,0.2496454644219352,0.4,-1.0,0.1996454644219352,0.0125,True,True,True,True
25005,4,C4,A4,I,0.1775202795725786,0.2,-0.6,0.1475202795725786,0.0075,True,True,True,True
25005,4,C4,A5,D,0.2870183097340909,0.4,-0.2,0.2770183097340909,0.0025000000000000005,True,True,True,True
25005,4,C4,A6,D,0.39848829019949783,0.4,0.2,0.3884882901994978,0.0025000000000000005,True,True,True,True
25005,4,C5,A1,I,0.12660051917969492,0.2,0.6,0.09660051917969492,0.0075,True,True,True,True
25005,4,C5,A2,0,0.0,0.0,0.0,0.0,0.0,True,True,True,True
25005,4,C5,A3,D,0.3210454238288569,0.4,-1.0,0.27104542382885694,0.0125,True,True,True,True
25005,4,C5,A4,D,0.34733034362466597,0.4,-0.6,0.31733034362466594,0.0075,True,True,True,True
25005,4,C5,A5,I,0.17117478249979173,0.2,-0.2,0.16117478249979172,0.0025000000000000005,True,True,True,True
25005,4,C5,A6,D,0.2836880118106745,0.4,0.2,0.2736880118106745,0.0025000000000000005,True,True,True,True
25005,4,C6,A1,I,0.11342555785660036,0.2,0.6,0.08342555785660036,0.0075,True,True,True,True
25005,4,C6,A2,I,0.11558250338988417,0.2,1.0,0.06558250338988417,0.0125,True,True,True,True
25005,4,C6,A3,I,0.06944795891256789,0.2,-1.0,0.019447958912567884,0.0125,True,True,True,True
25005,4,C6,A4,I,0.1860215124740237,0.2,-0.6,0.1560215124740237,0.0075,True,True,True,True
25005,4,C6,A5,I,0.09142721682106555,0.2,-0.2,0.08142721682106555,0.0025000000000000005,True,True,True,True
25005,4,C6,A6,I,0.07234834249477515,0.2,0.2,0.062348342494775146,0.0025000000000000005,True,True,True,True
25005,4,C7,A1,I,0.18867943277053278,0.2,0.6,0.15867943277053279,0.0075,True,True,True,True
25005,4,C7,A2,D,0.2038609674416199,0.4,1.0,0.15386096744161992,0.0125,True,True,True,True
25005,4,C7,A3,I,0.08743483965016427,0.2,-1.0,0.03743483965016427,0.0125,True,True,True,True
25005,4,C7,A4,D,0.2753114882784736,0.4,-0.6,0.24531148827847363,0.0075,True,True,True,True
25005,4,C7,A5,I,0.1962247496966949,0.2,-0.2,0.1862247496966949,0.0025000000000000005,True,True,True,True
25005,4,C7,A6,I,0.15800497832394061,0.2,0.2,0.1480049783239406,0.0025000000000000005,True,True,True,True
25005,5,C1,A1,D,0.3801971981511624,0.4,1.0,0.3301971981511624,0.0125,True,True,True,True
25005,5,C1,A2,I,0.1795292205853668,0.2,-1.0,0.1295292205853668,0.0125,True,True,True,True
25005,5,C1,A3,I,0.11301526149328783,0.2,-0.6,0.08301526149328783,0.0075,True,True,True,True
25005,5,C1,A4,I,0.0895370747392864,0.2,-0.2,0.0795370747392864,0.0025000000000000005,True,True,True,True
25005,5,C1,A5,I,0.16443065007214028,0.2,0.2,0.15443065007214027,0.0025000000000000005,True,True,True,True
25005,5,C1,A6,D,0.3287731022515996,0.4,0.6,0.2987731022515996,0.0075,True,True,True,True
25005,5,C2,A1,D,0.3267178729931227,0.4,1.0,0.2767178729931227,0.0125,True,True,True,True
25005,5,C2,A2,D,0.3497683414255278,0.4,-1.0,0.29976834142552783,0.0125,True,True,True,True
25005,5,C2,A3,D,0.2804396030677555,0.4,-0.6,0.2504396030677555,0.0075,True,True,True,True
25005,5,C2,A4,I,0.10973490038211586,0.2,-0.2,0.09973490038211585,0.0025000000000000005,True,True,True,True
25005,5,C2,A5,I,0.09453227891061439,0.2,0.2,0.08453227891061438,0.0025000000000000005,True,True,True,True
25005,5,C2,A6,D,0.3722155775419757,0.4,0.6,0.34221557754197574,0.0075,True,True,True,True
25005,5,C3,A1,D,0.2945339778673304,0.4,1.0,0.2445339778673304,0.0125,True,True,True,True
25005,5,C3,A2,D,0.3455141252528101,0.4,-1.0,0.2955141252528101,0.0125,True,True,True,True
25005,5,C3,A3,I,0.17068079110493214,0.2,-0.6,0.14068079110493215,0.0075,True,True,True,True
25005,5,C3,A4,I,0.12273634333135175,0.2,-0.2,0.11273634333135174,0.0025000000000000005,True,True,True,True
25005,5,C3,A5,0,0.0,0.0,0.0,0.0,0.0,True,True,True,True
25005,5,C3,A6,I,0.1737728494569097,0.2,0.6,0.1437728494569097,0.0075,True,True,True,True
25005,5,C4,A1,I,0.1582475596070237,0.2,1.0,0.10824755960702369,0.0125,True,True,True,True
25005,5,C4,A2,I,0.12154430403914575,0.2,-1.0,0.07154430403914575,0.0125,True,True,True,True
25005,5,C4,A3,D,0.2496454644219352,0.4,-0.6,0.2196454644219352,0.0075,True,True,True,True
25005,5,C4,A4,I,0.1775202795725786,0.2,-0.2,0.1675202795725786,0.0025000000000000005,True,True,True,True
25005,5,C4,A5,D,0.2870183097340909,0.4,0.2,0.2770183097340909,0.0025000000000000005,True,True,True,True
25005,5,C4,A6,D,0.39848829019949783,0.4,0.6,0.3684882901994978,0.0075,True,True,True,True
25005,5,C5,A1,I,0.12660051917969492,0.2,1.0,0.07660051917969492,0.0125,True,True,True,True
25005,5,C5,A2,0,0.0,0.0,0.0,0.0,0.0,True,True,True,True
25005,5,C5,A3,D,0.3210454238288569,0.4,-0.6,0.2910454238288569,0.0075,True,True,True,True
25005,5,C5,A4,D,0.34733034362466597,0.4,-0.2,0.33733034362466596,0.0025000000000000005,True,True,True,True
25005,5,C5,A5,I,0.17117478249979173,0.2,0.2,0.16117478249979172,0.0025000000000000005,True,True,True,True
25005,5,C5,A6,D,0.2836880118106745,0.4,0.6,0.25368801181067446,0.0075,True,True,True,True
25005,5,C6,A1,I,0.11342555785660036,0.2,1.0,0.06342555785660035,0.0125,True,True,True,True
25005,5,C6,A2,I,0.11558250338988417,0.2,-1.0,0.06558250338988417,0.0125,True,True,True,True
25005,5,C6,A3,I,0.06944795891256789,0.2,-0.6,0.03944795891256789,0.0075,True,True,True,True
25005,5,C6,A4,I,0.1860215124740237,0.2,-0.2,0.1760215124740237,0.0025000000000000005,True,True,True,True
25005,5,C6,A5,I,0.09142721682106555,0.2,0.2,0.08142721682106555,0.0025000000000000005,True,True,True,True
25005,5,C6,A6,I,0.07234834249477515,0.2,0.6,0.04234834249477515,0.0075,True,True,True,True
25005,5,C7,A1,I,0.18867943277053278,0.2,1.0,0.1386794327705328,0.0125,True,True,True,True
25005,5,C7,A2,D,0.2038609674416199,0.4,-1.0,0.15386096744161992,0.0125,True,True,True,True
25005,5,C7,A3,I,0.08743483965016427,0.2,-0.6,0.05743483965016427,0.0075,True,True,True,True
25005,5,C7,A4,D,0.2753114882784736,0.4,-0.2,0.2653114882784736,0.0025000000000000005,True,True,True,True
25005,5,C7,A5,I,0.1962247496966949,0.2,0.2,0.1862247496966949,0.0025000000000000005,True,True,True,True
25005,5,C7,A6,I,0.15800497832394061,0.2,0.6,0.12800497832394062,0.0075,True,True,True,True
