seed,rotation,criterion,alternative_a,alternative_b,contexts_used,lrv
25001,0,C1,A1,A2,1000,0.0004212428074174669
25001,0,C1,A1,A3,1000,0.057434555088141624
25001,0,C1,A1,A4,1000,0.10207156464748589
25001,0,C1,A1,A5,1000,0.15142742953918692
25001,0,C1,A1,A6,1000,0.13384165867457437
25001,0,C1,A2,A3,1000,0.05701345806506736
25001,0,C1,A2,A4,1000,0.10165078153208773
25001,0,C1,A2,A5,1000,0.15100719546411986
25001,0,C1,A2,A6,1000,0.1334212047360633
25001,0,C1,A3,A4,1000,0.04466442096635201
25001,0,C1,A3,A5,1000,0.09407827868175367
25001,0,C1,A3,A6,1000,0.07646851677095652
25001,0,C1,A4,A5,1000,0.04943549645814178
25001,0,C1,A4,A6,1000,0.03181541584771556
25001,0,C1,A5,A6,1000,0.017622972726926207
25001,0,C2,A1,A2,1000,0.03923442297882676
25001,0,C2,A1,A3,1000,0.06154800051268805
25001,0,C2,A1,A4,1000,0.10342319248635172
25001,0,C2,A1,A5,1000,0.13302670917528528
25001,0,C2,A1,A6,1000,0.1085544521844873
25001,0,C2,A2,A3,1000,0.022321170970383195
25001,0,C2,A2,A4,1000,0.06422536122730356
25001,0,C2,A2,A5,1000,0.09386096859052091
25001,0,C2,A2,A6,1000,0.06936149509777652
25001,0,C2,A3,A4,1000,0.04191260458442719
25001,0,C2,A3,A5,1000,0.0715607923181423
25001,0,C2,A3,A6,1000,0.047050524705454476
25001,0,C2,A4,A5,1000,0.029660671056341355
25001,0,C2,A4,A6,1000,0.005139340501003203
25001,0,C2,A5,A6,1000,0.024521856976550675
25001,0,C3,A1,A2,1000,0.008430440058461417
25001,0,C3,A1,A3,1000,0.0320695808111233
25001,0,C3,A1,A4,1000,0.06009478705806456
25001,0,C3,A1,A6,1000,0.13110056123393607
25001,0,C3,A2,A3,1000,0.023639981343813878
25001,0,C3,A2,A4,1000,0.0516677941662411
25001,0,C3,A2,A6,1000,0.12268808560711311
25001,0,C3,A3,A4,1000,0.028032331461484077
25001,0,C3,A3,A6,1000,0.09908632126379446
25001,0,C3,A4,A6,1000,0.07108044678072473
25001,0,C4,A1,A2,1000,0.126009849001101
25001,0,C4,A1,A3,1000,0.20338987419046903
25001,0,C4,A1,A4,1000,0.22544394531735987
25001,0,C4,A1,A5,1000,0.23311899722600665
25001,0,C4,A1,A6,1000,0.24780917737305613
25001,0,C4,A2,A3,1000,0.0776773064633913
25001,0,C4,A2,A4,1000,0.09985547543388508
25001,0,C4,A2,A5,1000,0.107577757280327
25001,0,C4,A2,A6,1000,0.12236413912825983
25001,0,C4,A3,A4,1000,0.02220294954873086
25001,0,C4,A3,A5,1000,0.02993642867255317
25001,0,C4,A3,A6,1000,0.044747953164553496
25001,0,C4,A4,A5,1000,0.007734216575728961
25001,0,C4,A4,A6,1000,0.022548218385656873
25001,0,C4,A5,A6,1000,0.01481437297963048
25001,0,C5,A1,A3,1000,0.07464382318108778
25001,0,C5,A1,A4,1000,0.09570000843526305
25001,0,C5,A1,A5,1000,0.16956187738637332
25001,0,C5,A1,A6,1000,0.12804427654512882
25001,0,C5,A3,A4,1000,0.0210717958879749
25001,0,C5,A3,A5,1000,0.09504204274707022
25001,0,C5,A3,A6,1000,0.053453283131340304
25001,0,C5,A4,A5,1000,0.07398545827915172
25001,0,C5,A4,A6,1000,0.032385238064646306
25001,0,C5,A5,A6,1000,0.04161044740895543
25001,0,C6,A1,A2,1000,0.05482987952325729
25001,0,C6,A1,A3,1000,0.08403595521576726
25001,0,C6,A1,A4,1000,0.11044430693579127
25001,0,C6,A1,A5,1000,0.20911513788740604
25001,0,C6,A1,A6,1000,0.16910858378637347
25001,0,C6,A2,A3,1000,0.029223710088204728
25001,0,C6,A2,A4,1000,0.055658424004508496
25001,0,C6,A2,A5,1000,0.15451488199966823
25001,0,C6,A2,A6,1000,0.11441646893830018
25001,0,C6,A3,A4,1000,0.02644028748480423
25001,0,C6,A3,A5,1000,0.12536447918563987
25001,0,C6,A3,A6,1000,0.08522963758186647
25001,0,C6,A4,A5,1000,0.09896678276997035
25001,0,C6,A4,A6,1000,0.05880651344827308
25001,0,C6,A5,A6,1000,0.040190913418924036
25001,0,C7,A1,A2,1000,0.10341927640995392
25001,0,C7,A1,A3,1000,0.11705719096104567
25001,0,C7,A1,A4,1000,0.14176511014188664
25001,0,C7,A1,A5,1000,0.1767502165183213
25001,0,C7,A1,A6,1000,0.1864795889888954
25001,0,C7,A2,A3,1000,0.013658322541227714
25001,0,C7,A2,A4,1000,0.038415267089791545
25001,0,C7,A2,A5,1000,0.07349643723262342
25001,0,C7,A2,A6,1000,0.08325810594619394
25001,0,C7,A3,A4,1000,0.024758546323327472
25001,0,C7,A3,A5,1000,0.05984554006132865
25001,0,C7,A3,A6,1000,0.06960957579335178
25001,0,C7,A4,A5,1000,0.03509344392312205
25001,0,C7,A4,A6,1000,0.04486063115154859
25001,0,C7,A5,A6,1000,0.009769113445147451
25001,1,C1,A1,A2,1000,0.019965192858953273
25001,1,C1,A1,A3,1000,0.059791463580085545
25001,1,C1,A1,A4,1000,0.11615021471243792
25001,1,C1,A1,A5,1000,0.159843894888027
25001,1,C1,A1,A6,1000,0.030900541671861518
25001,1,C1,A2,A3,1000,0.03983124298122759
25001,1,C1,A2,A4,1000,0.09620828814243326
25001,1,C1,A2,A5,1000,0.13992521516896902
25001,1,C1,A2,A6,1000,0.05086242871815024
25001,1,C1,A3,A4,1000,0.05639955957808254
25001,1,C1,A3,A5,1000,0.10015212426897346
25001,1,C1,A3,A6,1000,0.09067442265764912
25001,1,C1,A4,A5,1000,0.04377842298594083
25001,1,C1,A4,A6,1000,0.1469956148271423
25001,1,C1,A5,A6,1000,0.19064623928364122
25001,1,C2,A1,A2,1000,0.02931537758490118
25001,1,C2,A1,A3,1000,0.0450001936086655
25001,1,C2,A1,A4,1000,0.13129710510325834
25001,1,C2,A1,A5,1000,0.13821916493019315
25001,1,C2,A1,A6,1000,0.010202519074022694
25001,1,C2,A2,A3,1000,0.015687717976870345
25001,1,C2,A2,A4,1000,0.10203674480727447
25001,1,C2,A2,A5,1000,0.1089656502388154
25001,1,C2,A2,A6,1000,0.03951623284170307
25001,1,C2,A3,A4,1000,0.08636842492780275
25001,1,C2,A3,A5,1000,0.09330032006451153
25001,1,C2,A3,A6,1000,0.055199149809904445
25001,1,C2,A4,A5,1000,0.006939827704306243
25001,1,C2,A4,A6,1000,0.1414730782605809
25001,1,C2,A5,A6,1000,0.14839237234707056
25001,1,C3,A1,A2,1000,0.014306998779112682
25001,1,C3,A1,A3,1000,0.037698009566761455
25001,1,C3,A1,A4,1000,0.06944357301362433
25001,1,C3,A1,A6,1000,0.11093270155720378
25001,1,C3,A2,A3,1000,0.023392676898785738
25001,1,C3,A2,A4,1000,0.055143831686150946
25001,1,C3,A2,A6,1000,0.1252135627412972
25001,1,C3,A3,A4,1000,0.03175660608010227
25001,1,C3,A3,A6,1000,0.14854903577957812
25001,1,C3,A4,A6,1000,0.1801937350070737
25001,1,C4,A1,A2,1000,0.07955764198513349
25001,1,C4,A1,A3,1000,0.1106022659997814
25001,1,C4,A1,A4,1000,0.14898809262485047
25001,1,C4,A1,A5,1000,0.14244040658488907
25001,1,C4,A1,A6,1000,0.058580813953043404
25001,1,C4,A2,A3,1000,0.031084153955446607
25001,1,C4,A2,A4,1000,0.06954918155470519
25001,1,C4,A2,A5,1000,0.06298561672601755
25001,1,C4,A2,A6,1000,0.020991061302642746
25001,1,C4,A3,A4,1000,0.03847695985924913
25001,1,C4,A3,A5,1000,0.031910424186715816
25001,1,C4,A3,A6,1000,0.05207033029294745
25001,1,C4,A4,A5,1000,0.006567694941881812
25001,1,C4,A4,A6,1000,0.09052127431375703
25001,1,C4,A5,A6,1000,0.08396074136744242
25001,1,C5,A1,A3,1000,0.060887657191332656
25001,1,C5,A1,A4,1000,0.07442969093577946
25001,1,C5,A1,A5,1000,0.17555950768231857
25001,1,C5,A1,A6,1000,0.0010666778356138438
25001,1,C5,A3,A4,1000,0.013548363315331581
25001,1,C5,A3,A5,1000,0.11479774733322956
25001,1,C5,A3,A6,1000,0.05982138213841403
25001,1,C5,A4,A5,1000,0.10126553847212381
25001,1,C5,A4,A6,1000,0.07336361618283264
25001,1,C5,A5,A6,1000,0.17449618869125166
25001,1,C6,A1,A2,1000,0.04025889875563077
25001,1,C6,A1,A3,1000,0.06539674473715411
25001,1,C6,A1,A4,1000,0.09267452258624971
25001,1,C6,A1,A5,1000,0.21784577023072033
25001,1,C6,A1,A6,1000,0.050919973752426566
25001,1,C6,A2,A3,1000,0.025146433150890147
25001,1,C6,A2,A4,1000,0.0524409673641784
25001,1,C6,A2,A5,1000,0.17778927002670075
25001,1,C6,A2,A6,1000,0.09115433014863268
25001,1,C6,A3,A4,1000,0.02729919210384744
25001,1,C6,A3,A5,1000,0.15273194747624513
25001,1,C6,A3,A6,1000,0.11626604580688969
25001,1,C6,A4,A5,1000,0.12550151677522134
25001,1,C6,A4,A6,1000,0.14350614668880607
25001,1,C6,A5,A6,1000,0.2683799451193811
25001,1,C7,A1,A2,1000,0.06134545662663128
25001,1,C7,A1,A3,1000,0.08252990265476763
25001,1,C7,A1,A4,1000,0.1029497894767702
25001,1,C7,A1,A5,1000,0.143063696049415
25001,1,C7,A1,A6,1000,0.0036303286954792527
25001,1,C7,A2,A3,1000,0.02119766217548926
25001,1,C7,A2,A4,1000,0.04163673751200069
25001,1,C7,A2,A5,1000,0.08180692795749615
25001,1,C7,A2,A6,1000,0.06497400157747565
25001,1,C7,A3,A4,1000,0.020441311345689293
25001,1,C7,A3,A5,1000,0.06062235948036236
25001,1,C7,A3,A6,1000,0.08615705156439474
25001,1,C7,A4,A5,1000,0.04018729000050962
25001,1,C7,A4,A6,1000,0.10657521325287042
25001,1,C7,A5,A6,1000,0.14668463980602087
25001,2,C1,A1,A2,1000,0.03476822718242757
25001,2,C1,A1,A3,1000,0.061583591118646835
25001,2,C1,A1,A4,1000,0.12668683635423886
25001,2,C1,A1,A5,1000,0.1886403263654908
25001,2,C1,A1,A6,1000,0.02837266545745313
25001,2,C1,A2,A3,1000,0.026821347286941393
25001,2,C1,A2,A4,1000,0.0919608169781777
25001,2,C1,A2,A5,1000,0.22325334611493525
25001,2,C1,A2,A6,1000,0.06313438521475323
25001,2,C1,A3,A4,1000,0.06515625244605219
25001,2,C1,A3,A5,1000,0.24991722516554
25001,2,C1,A3,A6,1000,0.08993985774538546
25001,2,C1,A4,A5,1000,0.3145386331133265
25001,2,C1,A4,A6,1000,0.15500147064694023
25001,2,C1,A5,A6,1000,0.16035949611625594
25001,2,C2,A1,A2,1000,0.02109603053572124
25001,2,C2,A1,A3,1000,0.030962311689206153
25001,2,C2,A1,A4,1000,0.15028460199162366
25001,2,C2,A1,A5,1000,0.16178712599466025
25001,2,C2,A1,A6,1000,0.01588986910444472
25001,2,C2,A2,A3,1000,0.009867183531489555
25001,2,C2,A2,A4,1000,0.1292462731094624
25001,2,C2,A2,A5,1000,0.18279435732706217
25001,2,C2,A2,A6,1000,0.0369841620176907
25001,2,C2,A3,A4,1000,0.11940059978509976
25001,2,C2,A3,A5,1000,0.19261231263319187
25001,2,C2,A3,A6,1000,0.046848951413579205
25001,2,C2,A4,A5,1000,0.3110092364930385
25001,2,C2,A4,A6,1000,0.1661187639734906
25001,2,C2,A5,A6,1000,0.14595099954344196
25001,2,C3,A1,A2,1000,0.019233748998621156
25001,2,C3,A1,A3,1000,0.04237855803645076
25001,2,C3,A1,A4,1000,0.07705185039431527
25001,2,C3,A1,A6,1000,0.06459712607388823
25001,2,C3,A2,A3,1000,0.023147317268884846
25001,2,C3,A2,A4,1000,0.05782955190376925
25001,2,C3,A2,A6,1000,0.08381716400019334
25001,2,C3,A3,A4,1000,0.03468848325206157
25001,2,C3,A3,A6,1000,0.1069370853897362
25001,2,C3,A4,A6,1000,0.14155580592172207
25001,2,C4,A1,A2,1000,0.052632309455268006
25001,2,C4,A1,A3,1000,0.048165296105237
25001,2,C4,A1,A4,1000,0.1002620955247113
25001,2,C4,A1,A5,1000,0.015329939058849457
25001,2,C4,A1,A6,1000,0.0036347191369677186
25001,2,C4,A2,A3,1000,0.0044686382122161765
25001,2,C4,A2,A4,1000,0.04766590363765685
25001,2,C4,A2,A5,1000,0.06795437019848463
25001,2,C4,A2,A6,1000,0.04899893602432372
25001,2,C4,A3,A4,1000,0.052132943013176565
25001,2,C4,A3,A5,1000,0.06348849773307412
25001,2,C4,A3,A6,1000,0.044531696373887104
25001,2,C4,A4,A5,1000,0.11556654859397582
25001,2,C4,A4,A6,1000,0.0966324281784097
25001,2,C4,A5,A6,1000,0.018964505831026275
25001,2,C5,A1,A3,1000,0.04959402381694739
25001,2,C5,A1,A4,1000,0.056582128354104255
25001,2,C5,A1,A5,1000,0.21509434954781007
25001,2,C5,A1,A6,1000,0.012383165488562662
25001,2,C5,A3,A4,1000,0.006990119682225119
25001,2,C5,A3,A5,1000,0.26439238930685016
25001,2,C5,A3,A6,1000,0.06197326626009608
25001,2,C5,A4,A5,1000,0.2713302674783101
25001,2,C5,A4,A6,1000,0.06896031560565093
25001,2,C5,A5,A6,1000,0.2027683937971319
25001,2,C6,A1,A2,1000,0.029028873610433898
25001,2,C6,A1,A3,1000,0.05081512402803026
25001,2,C6,A1,A4,1000,0.07874656256183846
25001,2,C6,A1,A5,1000,0.6926810388754056
25001,2,C6,A1,A6,1000,0.040735211652701664
25001,2,C6,A2,A3,1000,0.02179040908965575
25001,2,C6,A2,A4,1000,0.04973240478576624
25001,2,C6,A2,A5,1000,0.7190626203727486
25001,2,C6,A2,A6,1000,0.06975338202558805
25001,2,C6,A3,A4,1000,0.027945924970892197
25001,2,C6,A3,A5,1000,0.7388098347488701
25001,2,C6,A3,A6,1000,0.09152578166211944
25001,2,C6,A4,A5,1000,0.7640624226002796
25001,2,C6,A4,A6,1000,0.11943217138991667
25001,2,C6,A5,A6,1000,0.6555235685085922
25001,2,C7,A1,A2,1000,0.029548650883481242
25001,2,C7,A1,A3,1000,0.057038153588903226
25001,2,C7,A1,A4,1000,0.07386513379659819
25001,2,C7,A1,A5,1000,0.08407543779602229
25001,2,C7,A1,A6,1000,0.020314913502853433
25001,2,C7,A2,A3,1000,0.027495238292087627
25001,2,C7,A2,A4,1000,0.044328478686348816
25001,2,C7,A2,A5,1000,0.11358933530630952
25001,2,C7,A2,A6,1000,0.04985987783383769
25001,2,C7,A3,A4,1000,0.01683580317433236
25001,2,C7,A3,A5,1000,0.1410303087581248
25001,2,C7,A3,A6,1000,0.07734201473466966
25001,2,C7,A4,A5,1000,0.15781984895120857
25001,2,C7,A4,A6,1000,0.09416260263898066
25001,2,C7,A5,A6,1000,0.06377396370748405
25001,3,C1,A1,A2,1000,0.04629658315383981
25001,3,C1,A1,A3,1000,0.06295911012129457
25001,3,C1,A1,A4,1000,0.2033958949702232
25001,3,C1,A1,A5,1000,0.1172282414753866
25001,3,C1,A1,A6,1000,0.026274778072520665
25001,3,C1,A2,A3,1000,0.016667593734680488
25001,3,C1,A2,A4,1000,0.24944566422000913
25001,3,C1,A2,A5,1000,0.16343217931545476
25001,3,C1,A2,A6,1000,0.07256216536261317
25001,3,C1,A3,A4,1000,0.26599764967066586
25001,3,C1,A3,A5,1000,0.18004867189130908
25001,3,C1,A3,A6,1000,0.08921851394636415
25001,3,C1,A4,A5,1000,0.08638895058135883
25001,3,C1,A4,A6,1000,0.17722146383403015
25001,3,C1,A5,A6,1000,0.09098288621392722
25001,3,C2,A1,A2,1000,0.014193661929412352
25001,3,C2,A1,A3,1000,0.01892155616082833
25001,3,C2,A1,A4,1000,0.3640041102478146
25001,3,C2,A1,A5,1000,0.10119002367766486
25001,3,C2,A1,A6,1000,0.020586012264733985
25001,3,C2,A2,A3,1000,0.004728072176577692
25001,3,C2,A2,A4,1000,0.37790978885182364
25001,3,C2,A2,A5,1000,0.11536043356331173
25001,3,C2,A2,A6,1000,0.03477825138841861
25001,3,C2,A3,A4,1000,0.38253755176228305
25001,3,C2,A3,A5,1000,0.1200793227158903
25001,3,C2,A3,A6,1000,0.03950541377545884
25001,3,C2,A4,A5,1000,0.26430508895307414
25001,3,C2,A4,A6,1000,0.343801914090075
25001,3,C2,A5,A6,1000,0.08062763912242563
25001,3,C3,A1,A2,1000,0.023403700887198835
25001,3,C3,A1,A3,1000,0.04630529088461517
25001,3,C3,A1,A4,1000,0.10487134835262435
25001,3,C3,A1,A6,1000,0.029978981301686955
25001,3,C3,A2,A3,1000,0.022904918363122792
25001,3,C3,A2,A4,1000,0.12823357517440073
25001,3,C3,A2,A6,1000,0.05337771520991189
25001,3,C3,A3,A4,1000,0.15107980163713133
25001,3,C3,A3,A6,1000,0.076270189502796
25001,3,C3,A4,A6,1000,0.07492333696008123
25001,3,C4,A1,A2,1000,0.03517650384558135
25001,3,C4,A1,A3,1000,0.00266547258462471
25001,3,C4,A1,A4,1000,0.12684353504145873
25001,3,C4,A1,A5,1000,0.05291318946764027
25001,3,C4,A1,A6,1000,0.03519879502197463
25001,3,C4,A2,A3,1000,0.03251147040969534
25001,3,C4,A2,A4,1000,0.1619163488112244
25001,3,C4,A2,A5,1000,0.08806615756656487
25001,3,C4,A2,A6,1000,0.07036278002636186
25001,3,C4,A3,A4,1000,0.12950271743035857
25001,3,C4,A3,A5,1000,0.055577537596615746
25001,3,C4,A3,A6,1000,0.03786375783729164
25001,3,C4,A4,A5,1000,0.07400196378263953
25001,3,C4,A4,A6,1000,0.0917036918213998
25001,3,C4,A5,A6,1000,0.0177191288164486
25001,3,C5,A1,A3,1000,0.04016711314862252
25001,3,C5,A1,A4,1000,0.06268515566406066
25001,3,C5,A1,A5,1000,0.1311183370554388
25001,3,C5,A1,A6,1000,0.023638213597232043
25001,3,C5,A3,A4,1000,0.10282563100283174
25001,3,C5,A3,A5,1000,0.17119233021903263
25001,3,C5,A3,A6,1000,0.06379910373521543
25001,3,C5,A4,A5,1000,0.06849190655476202
25001,3,C5,A4,A6,1000,0.039052920283825884
25001,3,C5,A5,A6,1000,0.10751474093888606
25001,3,C6,A1,A2,1000,0.020149352915015944
25001,3,C6,A1,A3,1000,0.03913284472617698
25001,3,C6,A1,A4,1000,0.09948707313973976
25001,3,C6,A1,A5,1000,0.23150203177288162
25001,3,C6,A1,A6,1000,0.033132313960442535
25001,3,C6,A2,A3,1000,0.01898543363503103
25001,3,C6,A2,A4,1000,0.1196053580126804
25001,3,C6,A2,A5,1000,0.2514972470940188
25001,3,C6,A2,A6,1000,0.053277065058623
25001,3,C6,A3,A4,1000,0.13855006746743037
25001,3,C6,A3,A5,1000,0.2703139396015369
25001,3,C6,A3,A6,1000,0.07225303420472948
25001,3,C6,A4,A5,1000,0.1324249212043206
25001,3,C6,A4,A6,1000,0.06638321010098605
25001,3,C6,A5,A6,1000,0.1985715845751788
25001,3,C7,A1,A2,1000,0.004711276979006985
25001,3,C7,A1,A3,1000,0.037516578748790254
25001,3,C7,A1,A4,1000,0.08689348074548507
25001,3,C7,A1,A5,1000,0.07726331878063218
25001,3,C7,A1,A6,1000,0.03256671882204542
25001,3,C7,A2,A3,1000,0.03280602638322645
25001,3,C7,A2,A4,1000,0.09160013185208964
25001,3,C7,A2,A5,1000,0.08197091299162432
25001,3,C7,A2,A6,1000,0.037277287400816275
25001,3,C7,A3,A4,1000,0.12435992942328546
25001,3,C7,A3,A5,1000,0.11473873988926903
25001,3,C7,A3,A6,1000,0.07007265374309855
25001,3,C7,A4,A5,1000,0.00963812873645462
25001,3,C7,A4,A6,1000,0.05434570306680265
25001,3,C7,A5,A6,1000,0.044710459445379935
25001,4,C1,A1,A2,1000,0.05546701857952342
25001,4,C1,A1,A3,1000,0.14113316169054563
25001,4,C1,A1,A4,1000,0.13632524057277726
25001,4,C1,A1,A5,1000,0.06797400259231991
25001,4,C1,A1,A6,1000,0.02450458615823957
25001,4,C1,A2,A3,1000,0.19643994124471073
25001,4,C1,A2,A4,1000,0.1916412740126284
25001,4,C1,A2,A5,1000,0.12339255754751241
25001,4,C1,A2,A6,1000,0.07996027239647355
25001,4,C1,A3,A4,1000,0.004817713184922016
25001,4,C1,A3,A5,1000,0.0732328728944182
25001,4,C1,A3,A6,1000,0.11667077595621926
25001,4,C1,A4,A5,1000,0.06841773332201333
25001,4,C1,A4,A6,1000,0.11185972530815481
25001,4,C1,A5,A6,1000,0.04347696676840415
25001,4,C2,A1,A2,1000,0.008332628969132706
25001,4,C2,A1,A3,1000,0.06817986570882144
25001,4,C2,A1,A4,1000,0.18664244983874684
25001,4,C2,A1,A5,1000,0.05955500661232735
25001,4,C2,A1,A6,1000,0.024507012899484527
25001,4,C2,A2,A3,1000,0.07650640769407667
25001,4,C2,A2,A4,1000,0.19493243023827686
25001,4,C2,A2,A5,1000,0.0678829172550191
25001,4,C2,A2,A6,1000,0.032838701466827915
25001,4,C2,A3,A4,1000,0.11867680127681209
25001,4,C2,A3,A5,1000,0.008629770063348433
25001,4,C2,A3,A6,1000,0.043683073341617314
25001,4,C2,A4,A5,1000,0.1272879011933497
25001,4,C2,A4,A6,1000,0.1622401409114442
25001,4,C2,A5,A6,1000,0.035055157448361574
25001,4,C3,A1,A2,1000,0.02696148367355415
25001,4,C3,A1,A3,1000,0.09364969345555108
25001,4,C3,A1,A4,1000,0.07674730201532766
25001,4,C3,A1,A6,1000,0.0031467509502467296
25001,4,C3,A2,A3,1000,0.1205708592847767
25001,4,C3,A2,A4,1000,0.10368032104589937
25001,4,C3,A2,A6,1000,0.03010789212632601
25001,4,C3,A3,A4,1000,0.016918382374271356
25001,4,C3,A3,A6,1000,0.09050646454230042
25001,4,C3,A4,A6,1000,0.07360290180732572
25001,4,C4,A1,A2,1000,0.02306227210160479
25001,4,C4,A1,A3,1000,0.10573556088086902
25001,4,C4,A1,A4,1000,0.12726756272035653
25001,4,C4,A1,A5,1000,0.08064428710202343
25001,4,C4,A1,A6,1000,0.06402689590310036
25001,4,C4,A2,A3,1000,0.12875252407075335
25001,4,C4,A2,A4,1000,0.1502663006962908
25001,4,C4,A2,A5,1000,0.10367866000622057
25001,4,C4,A2,A6,1000,0.08707052857295006
25001,4,C4,A3,A4,1000,0.02157366624442015
25001,4,C4,A3,A5,1000,0.02512200715195564
25001,4,C4,A3,A6,1000,0.04174922840656031
25001,4,C4,A4,A5,1000,0.04669202609410622
25001,4,C4,A4,A6,1000,0.06331468634918899
25001,4,C4,A5,A6,1000,0.016629725129348544
25001,4,C5,A1,A3,1000,0.10965118381729697
25001,4,C5,A1,A4,1000,0.06973069991192378
25001,4,C5,A1,A5,1000,0.07581161975709205
25001,4,C5,A1,A6,1000,0.033173628394333576
25001,4,C5,A3,A4,1000,0.0399520641268384
25001,4,C5,A3,A5,1000,0.03386868412906414
25001,4,C5,A3,A6,1000,0.07650625044456705
25001,4,C5,A4,A5,1000,0.006084237239608757
25001,4,C5,A4,A6,1000,0.03656577466751598
25001,4,C5,A5,A6,1000,0.04264903083547742
25001,4,C6,A1,A2,1000,0.01298684256956921
25001,4,C6,A1,A3,1000,0.11436268463729854
25001,4,C6,A1,A4,1000,0.09063224879957638
25001,4,C6,A1,A5,1000,0.09766523754357659
25001,4,C6,A1,A6,1000,0.027259363893549146
25001,4,C6,A2,A3,1000,0.12732505339230768
25001,4,C6,A2,A4,1000,0.10360330635891234
25001,4,C6,A2,A5,1000,0.1106339178358324
25001,4,C6,A2,A6,1000,0.04024435698966538
25001,4,C6,A3,A4,1000,0.023762430229492187
25001,4,C6,A3,A5,1000,0.01672172272686605
25001,4,C6,A3,A6,1000,0.08713849098842451
25001,4,C6,A4,A5,1000,0.007041074949132866
25001,4,C6,A4,A6,1000,0.06339315112708027
25001,4,C6,A5,A6,1000,0.07043013943228782
25001,4,C7,A1,A2,1000,0.015160441474605688
25001,4,C7,A1,A3,1000,0.1288545905247734
25001,4,C7,A1,A4,1000,0.0924228808124421
25001,4,C7,A1,A5,1000,0.07201241805124003
25001,4,C7,A1,A6,1000,0.04182307162132142
25001,4,C7,A2,A3,1000,0.11372164380886471
25001,4,C7,A2,A4,1000,0.07727588834669395
25001,4,C7,A2,A5,1000,0.0568597063394502
25001,4,C7,A2,A6,1000,0.026664744597809903
25001,4,C7,A3,A4,1000,0.036485239179024104
25001,4,C7,A3,A5,1000,0.05690727296141749
25001,4,C7,A3,A6,1000,0.08708947999374922
25001,4,C7,A4,A5,1000,0.020427257552618653
25001,4,C7,A4,A6,1000,0.05062404419638499
25001,4,C7,A5,A6,1000,0.030200634933003918
25001,5,C1,A1,A2,1000,0.1977708570821852
25001,5,C1,A1,A3,1000,0.11730986850441158
25001,5,C1,A1,A4,1000,0.08892998077519092
25001,5,C1,A1,A5,1000,0.031777327805396126
25001,5,C1,A1,A6,1000,0.02299006245799446
25001,5,C1,A2,A3,1000,0.08065801920747752
25001,5,C1,A2,A4,1000,0.10904225397464062
25001,5,C1,A2,A5,1000,0.16610266523403963
25001,5,C1,A2,A6,1000,0.17486387142791388
25001,5,C1,A3,A4,1000,0.028410842729158108
25001,5,C1,A3,A5,1000,0.0855657843876787
25001,5,C1,A3,A6,1000,0.09434631992113433
25001,5,C1,A4,A5,1000,0.05716948418947516
25001,5,C1,A4,A6,1000,0.06595396532907383
25001,5,C1,A5,A6,1000,0.008787934505158138
25001,5,C2,A1,A2,1000,0.10319368613902925
25001,5,C2,A1,A3,1000,0.07329006440783921
25001,5,C2,A1,A4,1000,0.0943671599039365
25001,5,C2,A1,A5,1000,0.029166991231293345
25001,5,C2,A1,A6,1000,0.02781097857505416
25001,5,C2,A2,A3,1000,0.02993534369655118
25001,5,C2,A2,A4,1000,0.00883859611512533
25001,5,C2,A2,A5,1000,0.0740579090877062
25001,5,C2,A2,A6,1000,0.07541301542584414
25001,5,C2,A3,A4,1000,0.021097534621454944
25001,5,C2,A3,A5,1000,0.0441362906628929
25001,5,C2,A3,A6,1000,0.04549207648769392
25001,5,C2,A4,A5,1000,0.06522530973114693
25001,5,C2,A4,A6,1000,0.06658065212051771
25001,5,C2,A5,A6,1000,0.0013561670891398003
25001,5,C3,A1,A2,1000,0.10120944005423331
25001,5,C3,A1,A3,1000,0.07734617633804358
25001,5,C3,A1,A4,1000,0.054128120868535655
25001,5,C3,A1,A6,1000,0.018202235855131237
25001,5,C3,A2,A3,1000,0.023887891031410178
25001,5,C3,A2,A4,1000,0.04711536151834757
25001,5,C3,A2,A6,1000,0.11938245960984445
25001,5,C3,A3,A4,1000,0.02323090708251649
25001,5,C3,A3,A6,1000,0.0955304896908342
25001,5,C3,A4,A6,1000,0.07232082874944325
25001,5,C4,A1,A2,1000,0.2705831515093246
25001,5,C4,A1,A3,1000,0.129430141392371
25001,5,C4,A1,A4,1000,0.12688394153215957
25001,5,C4,A1,A5,1000,0.10179253741963591
25001,5,C4,A1,A6,1000,0.08614375594003616
25001,5,C4,A2,A3,1000,0.14186846733116287
25001,5,C4,A2,A4,1000,0.14441305139604776
25001,5,C4,A2,A5,1000,0.16946170008443148
25001,5,C4,A2,A6,1000,0.1850592222672684
25001,5,C4,A3,A4,1000,0.002552222265222597
25001,5,C4,A3,A5,1000,0.027690097027603708
25001,5,C4,A3,A6,1000,0.043356021859407796
25001,5,C4,A4,A5,1000,0.02513812974682148
25001,5,C4,A4,A6,1000,0.040804447391133
25001,5,C4,A5,A6,1000,0.015668622874965867
25001,5,C5,A1,A3,1000,0.10543531154131444
25001,5,C5,A1,A4,1000,0.07568265472383538
25001,5,C5,A1,A5,1000,0.03635357950061028
25001,5,C5,A1,A6,1000,0.04133563999392932
25001,5,C5,A3,A4,1000,0.029777106509736213
25001,5,C5,A3,A5,1000,0.06910894288249997
25001,5,C5,A3,A6,1000,0.06412838700916833
25001,5,C5,A4,A5,1000,0.03934018535437822
25001,5,C5,A4,A6,1000,0.0343580489587201
25001,5,C5,A5,A6,1000,0.0049828286793943966
25001,5,C6,A1,A2,1000,0.14297257396880553
25001,5,C6,A1,A3,1000,0.10877092736535232
25001,5,C6,A1,A4,1000,0.08350370349068435
25001,5,C6,A1,A5,1000,0.024766125909952762
25001,5,C6,A1,A6,1000,0.022602693971352603
25001,5,C6,A2,A3,1000,0.03427075671622756
25001,5,C6,A2,A4,1000,0.05956097164271866
25001,5,C6,A2,A5,1000,0.11826064965546364
25001,5,C6,A2,A6,1000,0.12042025178188236
25001,5,C6,A3,A4,1000,0.025296957673031195
25001,5,C6,A3,A5,1000,0.08403412229394991
25001,5,C6,A3,A6,1000,0.08619568369665484
25001,5,C6,A4,A5,1000,0.05875333317676806
25001,5,C6,A4,A6,1000,0.06091592003280057
25001,5,C6,A5,A6,1000,0.0021635897701293076
25001,5,C7,A1,A2,1000,0.13092238097279513
25001,5,C7,A1,A3,1000,0.12640403743355477
25001,5,C7,A1,A4,1000,0.09644660266108458
25001,5,C7,A1,A5,1000,0.06780305144290065
25001,5,C7,A1,A6,1000,0.04896479500474302
25001,5,C7,A2,A3,1000,0.004527600269087059
25001,5,C7,A2,A4,1000,0.03452977458961579
25001,5,C7,A2,A5,1000,0.06318900710233798
25001,5,C7,A2,A6,1000,0.0820230580227692
25001,5,C7,A3,A4,1000,0.030002751707410583
25001,5,C7,A3,A5,1000,0.05866347329393211
25001,5,C7,A3,A6,1000,0.07749900331710784
25001,5,C7,A4,A5,1000,0.028666940485184922
25001,5,C7,A4,A6,1000,0.047509881653610114
25001,5,C7,A5,A6,1000,0.018846123385470214
25002,0,C1,A1,A2,1000,0.0005678732241552506
25002,0,C1,A1,A3,1000,0.03501776253360892
25002,0,C1,A1,A4,1000,0.07127421287780171
25002,0,C1,A1,A5,1000,0.11473550370902491
25002,0,C1,A1,A6,1000,0.11087419102471516
25002,0,C1,A2,A3,1000,0.03558556635546655
25002,0,C1,A2,A4,1000,0.07184180134174256
25002,0,C1,A2,A5,1000,0.11530264205409736
25002,0,C1,A2,A6,1000,0.11144137783307849
25002,0,C1,A3,A4,1000,0.03626530713416696
25002,0,C1,A3,A5,1000,0.07974907941827378
25002,0,C1,A3,A6,1000,0.07588524523500038
25002,0,C1,A4,A5,1000,0.043496091209880294
25002,0,C1,A4,A6,1000,0.03963061734459734
25002,0,C1,A5,A6,1000,0.0038661287708224123
25002,0,C2,A1,A2,1000,0.03379494067940357
25002,0,C2,A1,A3,1000,0.05311113657591395
25002,0,C2,A1,A4,1000,0.08378247885612942
25002,0,C2,A1,A5,1000,0.11725355829306165
25002,0,C2,A1,A6,1000,0.09803447000758973
25002,0,C2,A2,A3,1000,0.01932096886423107
25002,0,C2,A2,A4,1000,0.05000691318369174
25002,0,C2,A2,A5,1000,0.08350364324407229
25002,0,C2,A2,A6,1000,0.06426859374155071
25002,0,C2,A3,A4,1000,0.030689967119962032
25002,0,C2,A3,A5,1000,0.06419666379761955
25002,0,C2,A3,A6,1000,0.044955183163507925
25002,0,C2,A4,A5,1000,0.0335155687841306
25002,0,C2,A4,A6,1000,0.01426786573320486
25002,0,C2,A5,A6,1000,0.01924893572273245
25002,0,C3,A1,A2,1000,0.017653633559175864
25002,0,C3,A1,A3,1000,0.020241214254900133
25002,0,C3,A1,A4,1000,0.055071830597363175
25002,0,C3,A1,A6,1000,0.14439187296390063
25002,0,C3,A2,A3,1000,0.002587696027151281
25002,0,C3,A2,A4,1000,0.037422719016436456
25002,0,C3,A2,A6,1000,0.1267782008686521
25002,0,C3,A3,A4,1000,0.03483544155544333
25002,0,C3,A3,A6,1000,0.1241955408211911
25002,0,C3,A4,A6,1000,0.0894079059557828
25002,0,C4,A1,A2,1000,0.013827042769773343
25002,0,C4,A1,A3,1000,0.06677726326914285
25002,0,C4,A1,A4,1000,0.10659342912539387
25002,0,C4,A1,A5,1000,0.09280773473914167
25002,0,C4,A1,A6,1000,0.11371585124570284
25002,0,C4,A2,A3,1000,0.08059358455227564
25002,0,C4,A2,A4,1000,0.12039515242965841
25002,0,C4,A2,A5,1000,0.10661519239239448
25002,0,C4,A2,A6,1000,0.12751433203398013
25002,0,C4,A3,A4,1000,0.039855980533650644
25002,0,C4,A3,A5,1000,0.026053189158474377
25002,0,C4,A3,A6,1000,0.046988601202045115
25002,0,C4,A4,A5,1000,0.013804775361906475
25002,0,C4,A4,A6,1000,0.007134465552358797
25002,0,C4,A5,A6,1000,0.020938956892539294
25002,0,C5,A1,A3,1000,0.20957660903543449
25002,0,C5,A1,A4,1000,0.23237088286607607
25002,0,C5,A1,A5,1000,0.2808096440656823
25002,0,C5,A1,A6,1000,0.2614999117040213
25002,0,C5,A3,A4,1000,0.02290919370335871
25002,0,C5,A3,A5,1000,0.07166525771814057
25002,0,C5,A3,A6,1000,0.052217151524040085
25002,0,C5,A4,A5,1000,0.048764193615237
25002,0,C5,A4,A6,1000,0.02931151943323765
25002,0,C5,A5,A6,1000,0.019455498121449588
25002,0,C6,A1,A2,1000,0.02005685406612019
25002,0,C6,A1,A3,1000,0.04916079800735953
25002,0,C6,A1,A4,1000,0.09259815470801958
25002,0,C6,A1,A5,1000,0.12081189530060879
25002,0,C6,A1,A6,1000,0.17427548272051285
25002,0,C6,A2,A3,1000,0.029107880667092544
25002,0,C6,A2,A4,1000,0.07255965162032943
25002,0,C6,A2,A5,1000,0.10078817295753113
25002,0,C6,A2,A6,1000,0.15429141752829334
25002,0,C6,A3,A4,1000,0.043464190179629984
25002,0,C6,A3,A5,1000,0.07170867861183063
25002,0,C6,A3,A6,1000,0.12525921668156145
25002,0,C6,A4,A5,1000,0.028256323172317643
25002,0,C6,A4,A6,1000,0.08185492339204466
25002,0,C6,A5,A6,1000,0.05361532591402958
25002,0,C7,A1,A2,1000,0.18217745462743595
25002,0,C7,A1,A3,1000,0.19288063831424518
25002,0,C7,A1,A4,1000,0.22991078385491295
25002,0,C7,A1,A5,1000,0.32696045896566944
25002,0,C7,A1,A6,1000,0.3093090073028804
25002,0,C7,A2,A3,1000,0.010750994302223085
25002,0,C7,A2,A4,1000,0.0479854511967078
25002,0,C7,A2,A5,1000,0.145852843004842
25002,0,C7,A2,A6,1000,0.12802245059511047
25002,0,C7,A3,A4,1000,0.03723679118544237
25002,0,C7,A3,A5,1000,0.13512745252672914
25002,0,C7,A3,A6,1000,0.11729097343034582
25002,0,C7,A4,A5,1000,0.09795018727380082
25002,0,C7,A4,A6,1000,0.08009642966485503
25002,0,C7,A5,A6,1000,0.01787078689377895
25002,1,C1,A1,A2,1000,0.014891357362287538
25002,1,C1,A1,A3,1000,0.05324306798862803
25002,1,C1,A1,A4,1000,0.07372889233347646
25002,1,C1,A1,A5,1000,0.12338270675019115
25002,1,C1,A1,A6,1000,0.03359320971826662
25002,1,C1,A2,A3,1000,0.038354685417914855
25002,1,C1,A2,A4,1000,0.0588438548559727
25002,1,C1,A2,A5,1000,0.10851086374757263
25002,1,C1,A2,A6,1000,0.04848219040620186
25002,1,C1,A3,A4,1000,0.020493698226268436
25002,1,C1,A3,A5,1000,0.07018482774431932
25002,1,C1,A3,A6,1000,0.08682107904978888
25002,1,C1,A4,A5,1000,0.04969816563922683
25002,1,C1,A4,A6,1000,0.10729610352924134
25002,1,C1,A5,A6,1000,0.15691231747963957
25002,1,C2,A1,A2,1000,0.026623069354147325
25002,1,C2,A1,A3,1000,0.046154687770586074
25002,1,C2,A1,A4,1000,0.09228117296989331
25002,1,C2,A1,A5,1000,0.11978970183154798
25002,1,C2,A1,A6,1000,0.004140186701828985
25002,1,C2,A2,A3,1000,0.019534882575563132
25002,1,C2,A2,A4,1000,0.06567990686373602
25002,1,C2,A2,A5,1000,0.0932066714939756
25002,1,C2,A2,A6,1000,0.030762790983825658
25002,1,C2,A3,A4,1000,0.046152985634475625
25002,1,C2,A3,A5,1000,0.07368978644453215
25002,1,C2,A3,A6,1000,0.05029356096518143
25002,1,C2,A4,A5,1000,0.027549325150994276
25002,1,C2,A4,A6,1000,0.09641636171085351
25002,1,C2,A5,A6,1000,0.1239215805619836
25002,1,C3,A1,A2,1000,0.015920826854457046
25002,1,C3,A1,A3,1000,0.041070004815172284
25002,1,C3,A1,A4,1000,0.06656862580763713
25002,1,C3,A1,A6,1000,0.16128852467431648
25002,1,C3,A2,A3,1000,0.02515121647350772
25002,1,C3,A2,A4,1000,0.0506544439161505
25002,1,C3,A2,A6,1000,0.17715134864227125
25002,1,C3,A3,A4,1000,0.02550724403986858
25002,1,C3,A3,A6,1000,0.20218859790172924
25002,1,C3,A4,A6,1000,0.22754857360748104
25002,1,C4,A1,A2,1000,0.015906261474091413
25002,1,C4,A1,A3,1000,0.049556886966723744
25002,1,C4,A1,A4,1000,0.12716987235030924
25002,1,C4,A1,A5,1000,0.07165285213495057
25002,1,C4,A1,A6,1000,0.0048786611935695695
25002,1,C4,A2,A3,1000,0.03365435545748348
25002,1,C4,A2,A4,1000,0.11129487083825018
25002,1,C4,A2,A5,1000,0.055755490207921685
25002,1,C4,A2,A6,1000,0.020784693370188012
25002,1,C4,A3,A4,1000,0.07768067546654292
25002,1,C4,A3,A5,1000,0.022106899533143987
25002,1,C4,A3,A6,1000,0.05443369035977407
25002,1,C4,A4,A5,1000,0.0555868879820361
25002,1,C4,A4,A6,1000,0.1320371249190151
25002,1,C4,A5,A6,1000,0.07652775287257617
25002,1,C5,A1,A3,1000,0.12499053741626927
25002,1,C5,A1,A4,1000,0.14304786036946174
25002,1,C5,A1,A5,1000,0.20538212393524014
25002,1,C5,A1,A6,1000,0.06697241527458048
25002,1,C5,A3,A4,1000,0.01809028319956791
25002,1,C5,A3,A5,1000,0.08060178298783473
25002,1,C5,A3,A6,1000,0.05806791355070547
25002,1,C5,A4,A5,1000,0.06252075946247927
25002,1,C5,A4,A6,1000,0.07615006427366956
25002,1,C5,A5,A6,1000,0.1386038461393672
25002,1,C6,A1,A2,1000,0.02628685524783266
25002,1,C6,A1,A3,1000,0.07126405188658116
25002,1,C6,A1,A4,1000,0.0824916921450676
25002,1,C6,A1,A5,1000,0.11019431713466565
25002,1,C6,A1,A6,1000,0.11361288767092252
25002,1,C6,A2,A3,1000,0.04498855611449178
25002,1,C6,A2,A4,1000,0.05622125683571795
25002,1,C6,A2,A5,1000,0.08394016581519365
25002,1,C6,A2,A6,1000,0.13984177766691522
25002,1,C6,A3,A4,1000,0.011236518579589107
25002,1,C6,A3,A5,1000,0.03897138450512869
25002,1,C6,A3,A6,1000,0.18467136058701908
25002,1,C6,A4,A5,1000,0.027736501558793245
25002,1,C6,A4,A6,1000,0.19585272115271082
25002,1,C6,A5,A6,1000,0.22342515125281304
25002,1,C7,A1,A2,1000,0.09753298184074555
25002,1,C7,A1,A3,1000,0.13333539095026464
25002,1,C7,A1,A4,1000,0.1399455398815142
25002,1,C7,A1,A5,1000,0.2685870309052021
25002,1,C7,A1,A6,1000,0.03457474619998698
25002,1,C7,A2,A3,1000,0.03585935601440809
25002,1,C7,A2,A4,1000,0.042483312986777225
25002,1,C7,A2,A5,1000,0.17159758529509325
25002,1,C7,A2,A6,1000,0.13205165642930697
25002,1,C7,A3,A4,1000,0.0066251763418922385
25002,1,C7,A3,A5,1000,0.13583948463709564
25002,1,C7,A3,A6,1000,0.16781350288358932
25002,1,C7,A4,A5,1000,0.12922844221020272
25002,1,C7,A4,A6,1000,0.174415016893127
25002,1,C7,A5,A6,1000,0.3028181864631619
25002,2,C1,A1,A2,1000,0.02742958868280867
25002,2,C1,A1,A3,1000,0.06781123095445085
25002,2,C1,A1,A4,1000,0.07573024932215962
25002,2,C1,A1,A5,1000,0.12228806937089538
25002,2,C1,A1,A6,1000,0.027483658665396465
25002,2,C1,A2,A3,1000,0.040389002558515526
25002,2,C1,A2,A4,1000,0.048310495289242215
25002,2,C1,A2,A5,1000,0.1496684589701765
25002,2,C1,A2,A6,1000,0.05490919803691893
25002,2,C1,A3,A4,1000,0.007923013195180729
25002,2,C1,A3,A5,1000,0.18994517834404956
25002,2,C1,A3,A6,1000,0.0952775173662816
25002,2,C1,A4,A5,1000,0.19783908700405442
25002,2,C1,A4,A6,1000,0.10319289334589687
25002,2,C1,A5,A6,1000,0.09483574341296462
25002,2,C2,A1,A2,1000,0.020625990463419664
25002,2,C2,A1,A3,1000,0.040317460593468586
25002,2,C2,A1,A4,1000,0.09864409562338645
25002,2,C2,A1,A5,1000,0.11738204779962053
25002,2,C2,A1,A6,1000,0.011905401838860701
25002,2,C2,A2,A3,1000,0.019693678735230074
25002,2,C2,A2,A4,1000,0.07803940252883373
25002,2,C2,A2,A5,1000,0.1379617919711847
25002,2,C2,A2,A6,1000,0.032530307681451334
25002,2,C2,A3,A4,1000,0.058357724211853396
25002,2,C2,A3,A5,1000,0.15759667399650323
25002,2,C2,A3,A6,1000,0.0522194685276963
25002,2,C2,A4,A5,1000,0.21568548846726623
25002,2,C2,A4,A6,1000,0.11053203785392351
25002,2,C2,A5,A6,1000,0.10549721090697711
25002,2,C3,A1,A2,1000,0.014377180357392626
25002,2,C3,A1,A3,1000,0.05792332774408858
25002,2,C3,A1,A4,1000,0.07611893378500618
25002,2,C3,A1,A6,1000,0.0872039705991666
25002,2,C3,A2,A3,1000,0.04355063056332838
25002,2,C3,A2,A4,1000,0.06175010455110461
25002,2,C3,A2,A6,1000,0.10156523992302122
25002,2,C3,A3,A4,1000,0.01820552742969758
25002,2,C3,A3,A6,1000,0.14503618431091658
25002,2,C3,A4,A6,1000,0.1631883907256216
25002,2,C4,A1,A2,1000,0.03673175311692162
25002,2,C4,A1,A3,1000,0.035204725695341235
25002,2,C4,A1,A4,1000,0.14119558509559052
25002,2,C4,A1,A5,1000,0.02066738900740356
25002,2,C4,A1,A6,1000,0.013824562571169156
25002,2,C4,A2,A3,1000,0.0015273011169647495
25002,2,C4,A2,A4,1000,0.10453822789468044
25002,2,C4,A2,A5,1000,0.05739305533472734
25002,2,C4,A2,A6,1000,0.05055273336846026
25002,2,C4,A3,A4,1000,0.10606320921599963
25002,2,C4,A3,A5,1000,0.055866434720531676
25002,2,C4,A3,A6,1000,0.04902595776236332
25002,2,C4,A4,A5,1000,0.1617978985719964
25002,2,C4,A4,A6,1000,0.15497847951693136
25002,2,C4,A5,A6,1000,0.006843102049273411
25002,2,C5,A1,A3,1000,0.06763807297563014
25002,2,C5,A1,A4,1000,0.08155862771224655
25002,2,C5,A1,A5,1000,0.10421014316825049
25002,2,C5,A1,A6,1000,0.0063063216931057535
25002,2,C5,A3,A4,1000,0.01392835698192544
25002,2,C5,A3,A5,1000,0.17172438232129453
25002,2,C5,A3,A6,1000,0.06133441302922474
25002,2,C5,A4,A5,1000,0.1856075594760035
25002,2,C5,A4,A6,1000,0.07525624189321148
25002,2,C5,A5,A6,1000,0.11050899369433662
25002,2,C6,A1,A2,1000,0.03089249087751333
25002,2,C6,A1,A3,1000,0.08658265534906927
25002,2,C6,A1,A4,1000,0.07427924794083617
25002,2,C6,A1,A5,1000,0.07641274705026106
25002,2,C6,A1,A6,1000,0.06887968616720033
25002,2,C6,A2,A3,1000,0.05571018748721686
25002,2,C6,A2,A4,1000,0.043400136200543546
25002,2,C6,A2,A5,1000,0.10727092921722864
25002,2,C6,A2,A6,1000,0.09974344735682904
25002,2,C6,A3,A4,1000,0.012314066586873965
25002,2,C6,A3,A5,1000,0.16285015110984022
25002,2,C6,A3,A6,1000,0.15533752190978714
25002,2,C6,A4,A5,1000,0.15057667622494508
25002,2,C6,A4,A6,1000,0.14306023739550058
25002,2,C6,A5,A6,1000,0.007538524070975848
25002,2,C7,A1,A2,1000,0.042854264734761574
25002,2,C7,A1,A3,1000,0.0974221377751986
25002,2,C7,A1,A4,1000,0.08064894617090008
25002,2,C7,A1,A5,1000,0.4881444113418343
25002,2,C7,A1,A6,1000,0.0450552036862041
25002,2,C7,A2,A3,1000,0.05459541049381872
25002,2,C7,A2,A4,1000,0.037810476874283384
25002,2,C7,A2,A5,1000,0.5294381443296962
25002,2,C7,A2,A6,1000,0.0878887493427078
25002,2,C7,A3,A4,1000,0.01678912152137901
25002,2,C7,A3,A5,1000,0.5817590740354373
25002,2,C7,A3,A6,1000,0.14240144993438084
25002,2,C7,A4,A5,1000,0.5657069028112001
25002,2,C7,A4,A6,1000,0.12564863314491997
25002,2,C7,A5,A6,1000,0.4445274869266755
25002,3,C1,A1,A2,1000,0.03776709427059511
25002,3,C1,A1,A3,1000,0.07966458484948508
25002,3,C1,A1,A4,1000,0.09459042471954258
25002,3,C1,A1,A5,1000,0.08255451493600315
25002,3,C1,A1,A6,1000,0.02229201883753319
25002,3,C1,A2,A3,1000,0.041909898434035184
25002,3,C1,A2,A4,1000,0.1323112928359836
25002,3,C1,A2,A5,1000,0.12028492929424749
25002,3,C1,A2,A6,1000,0.0600541622679652
25002,3,C1,A3,A4,1000,0.1741266695414607
25002,3,C1,A3,A5,1000,0.1621147866742069
25002,3,C1,A3,A6,1000,0.10193885212871664
25002,3,C1,A4,A5,1000,0.012045138039120308
25002,3,C1,A4,A6,1000,0.07231333193546861
25002,3,C1,A5,A6,1000,0.0602733514105302
25002,3,C2,A1,A2,1000,0.015549341309589201
25002,3,C2,A1,A3,1000,0.0353561814147032
25002,3,C2,A1,A4,1000,0.14830148724958073
25002,3,C2,A1,A5,1000,0.08017772932983888
25002,3,C2,A1,A6,1000,0.018487004566092695
25002,3,C2,A2,A3,1000,0.019808300861240725
25002,3,C2,A2,A4,1000,0.1637988671781203
25002,3,C2,A2,A5,1000,0.09571085340211392
25002,3,C2,A2,A6,1000,0.03403502693485116
25002,3,C2,A3,A4,1000,0.18352578701116656
25002,3,C2,A3,A5,1000,0.11548954275305004
25002,3,C2,A3,A6,1000,0.05383845170883269
25002,3,C2,A4,A5,1000,0.06823786884521177
25002,3,C2,A4,A6,1000,0.12986381110209191
25002,3,C2,A5,A6,1000,0.061703223908006304
25002,3,C3,A1,A2,1000,0.012994474249396051
25002,3,C3,A1,A3,1000,0.07177290977619032
25002,3,C3,A1,A4,1000,0.10256747013921791
25002,3,C3,A1,A6,1000,0.03504429120042156
25002,3,C3,A2,A3,1000,0.058785211449258294
25002,3,C3,A2,A4,1000,0.11554276157473072
25002,3,C3,A2,A6,1000,0.04803605593316355
25002,3,C3,A3,A4,1000,0.17418142760979174
25002,3,C3,A3,A6,1000,0.10678400359439608
25002,3,C3,A4,A6,1000,0.06755360176768978
25002,3,C4,A1,A2,1000,0.05194023785148245
25002,3,C4,A1,A3,1000,0.023080945945353537
25002,3,C4,A1,A4,1000,0.2990667440466074
25002,3,C4,A1,A5,1000,0.032268169391759624
25002,3,C4,A1,A6,1000,0.021195331884769433
25002,3,C4,A2,A3,1000,0.02886404838824835
25002,3,C4,A2,A4,1000,0.35021310755154084
25002,3,C4,A2,A5,1000,0.08418891122282113
25002,3,C4,A2,A6,1000,0.07312445999942875
25002,3,C4,A3,A4,1000,0.32182071499786385
25002,3,C4,A3,A5,1000,0.05534340037906011
25002,3,C4,A3,A6,1000,0.0442732790064523
25002,3,C4,A4,A5,1000,0.26718502620672707
25002,3,C4,A4,A6,1000,0.2781346539233467
25002,3,C4,A5,A6,1000,0.011073894292559316
25002,3,C5,A1,A3,1000,0.02584314943649214
25002,3,C5,A1,A4,1000,0.08802014956641822
25002,3,C5,A1,A5,1000,0.10416971354984227
25002,3,C5,A1,A6,1000,0.038295425489141735
25002,3,C5,A3,A4,1000,0.1138369986708974
25002,3,C5,A3,A5,1000,0.1299773150969233
25002,3,C5,A3,A6,1000,0.06413213058664441
25002,3,C5,A4,A5,1000,0.016164700614468265
25002,3,C5,A4,A6,1000,0.04974179005742189
25002,3,C5,A5,A6,1000,0.06590106355304808
25002,3,C6,A1,A2,1000,0.034377332508611094
25002,3,C6,A1,A3,1000,0.09757420342641467
25002,3,C6,A1,A4,1000,0.09359437562439703
25002,3,C6,A1,A5,1000,0.06343606419493668
25002,3,C6,A1,A6,1000,0.03786992210109766
25002,3,C6,A2,A3,1000,0.06322553286684457
25002,3,C6,A2,A4,1000,0.1279162788284537
25002,3,C6,A2,A5,1000,0.09778472514644444
25002,3,C6,A2,A6,1000,0.0722346200907446
25002,3,C6,A3,A4,1000,0.19093416232789992
25002,3,C6,A3,A5,1000,0.16087641061624688
25002,3,C6,A3,A6,1000,0.1353768436874346
25002,3,C6,A4,A5,1000,0.03018268637313352
25002,3,C6,A4,A6,1000,0.055751239162082265
25002,3,C6,A5,A6,1000,0.025574441366097815
25002,3,C7,A1,A2,1000,0.004463295979337899
25002,3,C7,A1,A3,1000,0.07341853270794477
25002,3,C7,A1,A4,1000,0.08923261048729295
25002,3,C7,A1,A5,1000,0.22346653913534167
25002,3,C7,A1,A6,1000,0.05105335967339572
25002,3,C7,A2,A3,1000,0.06895797159225213
25002,3,C7,A2,A4,1000,0.09369138970294016
25002,3,C7,A2,A5,1000,0.22790191448748592
25002,3,C7,A2,A6,1000,0.055515127090784135
25002,3,C7,A3,A4,1000,0.16252253633887062
25002,3,C7,A3,A5,1000,0.29629301021841814
25002,3,C7,A3,A6,1000,0.12441556128508817
25002,3,C7,A4,A5,1000,0.13456919691000407
25002,3,C7,A4,A6,1000,0.038200404636427626
25002,3,C7,A5,A6,1000,0.17265739862865373
25002,4,C1,A1,A2,1000,0.0464043561075822
25002,4,C1,A1,A3,1000,0.16058246157559072
25002,4,C1,A1,A4,1000,0.07715766217954367
25002,4,C1,A1,A5,1000,0.05165960543126381
25002,4,C1,A1,A6,1000,0.01783214649607803
25002,4,C1,A2,A3,1000,0.20683615041714853
25002,4,C1,A2,A4,1000,0.12351870601873774
25002,4,C1,A2,A5,1000,0.09804091937437721
25002,4,C1,A2,A6,1000,0.06423128242043166
25002,4,C1,A3,A4,1000,0.0835263289845531
25002,4,C1,A3,A5,1000,0.10901146730609566
25002,4,C1,A3,A6,1000,0.14279033143319772
25002,4,C1,A4,A5,1000,0.025508002645504863
25002,4,C1,A4,A6,1000,0.059333501612632296
25002,4,C1,A5,A6,1000,0.03383050873918529
25002,4,C2,A1,A2,1000,0.011207380008837756
25002,4,C2,A1,A3,1000,0.0887384104608169
25002,4,C2,A1,A4,1000,0.10468796521621739
25002,4,C2,A1,A5,1000,0.05242050068480151
25002,4,C2,A1,A6,1000,0.02411608661101425
25002,4,C2,A2,A3,1000,0.09993237159219517
25002,4,C2,A2,A4,1000,0.11587695167912629
25002,4,C2,A2,A5,1000,0.06362285370064497
25002,4,C2,A2,A6,1000,0.03532218579675653
25002,4,C2,A3,A4,1000,0.015969956737945355
25002,4,C2,A3,A5,1000,0.036340938988283035
25002,4,C2,A3,A6,1000,0.0646410878943125
25002,4,C2,A4,A5,1000,0.052306674114946036
25002,4,C2,A4,A6,1000,0.08059954619671271
25002,4,C2,A5,A6,1000,0.02830924536527856
25002,4,C3,A1,A2,1000,0.011749836092127645
25002,4,C3,A1,A3,1000,0.13763499121820608
25002,4,C3,A1,A4,1000,0.07393847334130595
25002,4,C3,A1,A6,1000,0.003916535441365032
25002,4,C3,A2,A3,1000,0.1493547527288301
25002,4,C3,A2,A4,1000,0.08567908977623401
25002,4,C3,A2,A6,1000,0.00783334519241118
25002,4,C3,A3,A4,1000,0.06377824325762761
25002,4,C3,A3,A6,1000,0.14154201875150724
25002,4,C3,A4,A6,1000,0.07785221507293855
25002,4,C4,A1,A2,1000,0.06337252546283612
25002,4,C4,A1,A3,1000,0.07753152109810957
25002,4,C4,A1,A4,1000,0.16878624108865814
25002,4,C4,A1,A5,1000,0.042121002567152774
25002,4,C4,A1,A6,1000,0.02734265307953046
25002,4,C4,A2,A3,1000,0.14080879523039358
25002,4,C4,A2,A4,1000,0.23181369073174954
25002,4,C4,A2,A5,1000,0.10545487807947791
25002,4,C4,A2,A6,1000,0.09069362037765819
25002,4,C4,A3,A4,1000,0.09142578420858974
25002,4,C4,A3,A5,1000,0.03542665278989242
25002,4,C4,A3,A6,1000,0.050203677200432666
25002,4,C4,A4,A5,1000,0.12679309799965363
25002,4,C4,A4,A6,1000,0.14153595192842777
25002,4,C4,A5,A6,1000,0.014780706941527779
25002,4,C5,A1,A3,1000,0.1496855450308532
25002,4,C5,A1,A4,1000,0.11453479032266949
25002,4,C5,A1,A5,1000,0.10373030747754519
25002,4,C5,A1,A6,1000,0.07256453373006912
25002,4,C5,A3,A4,1000,0.03521213685729798
25002,4,C5,A3,A5,1000,0.04602787950593114
25002,4,C5,A3,A6,1000,0.07720617975866459
25002,4,C5,A4,A5,1000,0.010817536290505188
25002,4,C5,A4,A6,1000,0.04200570066196929
25002,4,C5,A5,A6,1000,0.031189607794126634
25002,4,C6,A1,A2,1000,0.03705879666356977
25002,4,C6,A1,A3,1000,0.2445733998203994
25002,4,C6,A1,A4,1000,0.08266563866595013
25002,4,C6,A1,A5,1000,0.05322323326806394
25002,4,C6,A1,A6,1000,0.015194969253492372
25002,4,C6,A2,A3,1000,0.2812856404292694
25002,4,C6,A2,A4,1000,0.11967516948218952
25002,4,C6,A2,A5,1000,0.09025809410924109
25002,4,C6,A2,A6,1000,0.05224980256047398
25002,4,C6,A3,A4,1000,0.16236337280421398
25002,4,C6,A3,A5,1000,0.19169429503740743
25002,4,C6,A3,A6,1000,0.22949522898188893
25002,4,C6,A4,A5,1000,0.029459861001242607
25002,4,C6,A4,A6,1000,0.06748206402506114
25002,4,C6,A5,A6,1000,0.038032395833070366
25002,4,C7,A1,A2,1000,0.023873117431788233
25002,4,C7,A1,A3,1000,0.24843919580585286
25002,4,C7,A1,A4,1000,0.11069011635778055
25002,4,C7,A1,A5,1000,0.1262460009643083
25002,4,C7,A1,A6,1000,0.054670666602010566
25002,4,C7,A2,A3,1000,0.22472805012683064
25002,4,C7,A2,A4,1000,0.08684471429960687
25002,4,C7,A2,A5,1000,0.10241015967852325
25002,4,C7,A2,A6,1000,0.030802411323588234
25002,4,C7,A3,A4,1000,0.1382156978451684
25002,4,C7,A3,A5,1000,0.12266665685458095
25002,4,C7,A3,A6,1000,0.1940898410012314
25002,4,C7,A4,A5,1000,0.01558225829060287
25002,4,C7,A4,A6,1000,0.05606042403968089
25002,4,C7,A5,A6,1000,0.07163506997005525
25002,5,C1,A1,A2,1000,0.15075007860311862
25002,5,C1,A1,A3,1000,0.11908892164248669
25002,5,C1,A1,A4,1000,0.06257768342313938
25002,5,C1,A1,A5,1000,0.026935673623996712
25002,5,C1,A1,A6,1000,0.01396511047693446
25002,5,C1,A2,A3,1000,0.03171695988914844
25002,5,C1,A2,A4,1000,0.08825384744591969
25002,5,C1,A2,A5,1000,0.12386358853648988
25002,5,C1,A2,A6,1000,0.13681313230792128
25002,5,C1,A3,A4,1000,0.056552459435523436
25002,5,C1,A3,A5,1000,0.09218217049473978
25002,5,C1,A3,A6,1000,0.10514091643836591
25002,5,C1,A4,A5,1000,0.035647894773703726
25002,5,C1,A4,A6,1000,0.04861673589337099
25002,5,C1,A5,A6,1000,0.012971041995351613
25002,5,C2,A1,A2,1000,0.1020446894831748
25002,5,C2,A1,A3,1000,0.08302920718851817
25002,5,C2,A1,A4,1000,0.07235833443724496
25002,5,C2,A1,A5,1000,0.030957793369366722
25002,5,C2,A1,A6,1000,0.02896735533861785
25002,5,C2,A2,A3,1000,0.019037412696105177
25002,5,C2,A2,A4,1000,0.029716139684908147
25002,5,C2,A2,A5,1000,0.07111722622513038
25002,5,C2,A2,A6,1000,0.07310650117299558
25002,5,C2,A3,A4,1000,0.010679558991840801
25002,5,C2,A3,A5,1000,0.052089450414957106
25002,5,C2,A3,A6,1000,0.05407936984037536
25002,5,C2,A4,A5,1000,0.04141302414893818
25002,5,C2,A4,A6,1000,0.04340321851570618
25002,5,C2,A5,A6,1000,0.001990677366485785
25002,5,C3,A1,A2,1000,0.07204025234420416
25002,5,C3,A1,A3,1000,0.09765189449843471
25002,5,C3,A1,A4,1000,0.050595151237191646
25002,5,C3,A1,A6,1000,0.03414126320477294
25002,5,C3,A2,A3,1000,0.025634102487997815
25002,5,C3,A2,A4,1000,0.02145480008666625
25002,5,C3,A2,A6,1000,0.10614924917326916
25002,5,C3,A3,A4,1000,0.04708565749550207
25002,5,C3,A3,A6,1000,0.13173884214444684
25002,5,C3,A4,A6,1000,0.0847183312707273
25002,5,C4,A1,A2,1000,0.22742213237073483
25002,5,C4,A1,A3,1000,0.08101227350377288
25002,5,C4,A1,A4,1000,0.09378715383918806
25002,5,C4,A1,A5,1000,0.05056373249540047
25002,5,C4,A1,A6,1000,0.03252096760057763
25002,5,C4,A2,A3,1000,0.14679654822604135
25002,5,C4,A2,A4,1000,0.134045025961509
25002,5,C4,A2,A5,1000,0.17714763951498552
25002,5,C4,A2,A6,1000,0.19510527095158087
25002,5,C4,A3,A4,1000,0.012788414041308923
25002,5,C4,A3,A5,1000,0.030465821226951365
25002,5,C4,A3,A6,1000,0.04850896492999754
25002,5,C4,A4,A5,1000,0.04325186834328277
25002,5,C4,A4,A6,1000,0.0612920552872447
25002,5,C4,A5,A6,1000,0.018046852732736623
25002,5,C5,A1,A3,1000,0.16339232228697848
25002,5,C5,A1,A4,1000,0.13491164099537173
25002,5,C5,A1,A5,1000,0.10306181818024182
25002,5,C5,A1,A6,1000,0.09970711578638618
25002,5,C5,A3,A4,1000,0.028544531042865886
25002,5,C5,A3,A5,1000,0.06043378787727922
25002,5,C5,A3,A6,1000,0.0637906822511413
25002,5,C5,A4,A5,1000,0.03189485571928704
25002,5,C5,A4,A6,1000,0.035252682358885123
25002,5,C5,A5,A6,1000,0.003358210204336415
25002,5,C6,A1,A2,1000,0.16765903064291474
25002,5,C6,A1,A3,1000,0.1635094060121751
25002,5,C6,A1,A4,1000,0.07380597263901324
25002,5,C6,A1,A5,1000,0.04499306580140201
25002,5,C6,A1,A6,1000,0.0019984511581321823
25002,5,C6,A2,A3,1000,0.00416525592372925
25002,5,C6,A2,A4,1000,0.09401031099227809
25002,5,C6,A2,A5,1000,0.12279087045699805
25002,5,C6,A2,A6,1000,0.16964983476305123
25002,5,C6,A3,A4,1000,0.08984994276027615
25002,5,C6,A3,A5,1000,0.11863399040104805
25002,5,C6,A3,A6,1000,0.16550058310620488
25002,5,C6,A4,A5,1000,0.028825766346799068
25002,5,C6,A4,A6,1000,0.07580291988260399
25002,5,C6,A5,A6,1000,0.046990947735800266
25002,5,C7,A1,A2,1000,0.18083104537149264
25002,5,C7,A1,A3,1000,0.2049286821430606
25002,5,C7,A1,A4,1000,0.12643168448202965
25002,5,C7,A1,A5,1000,0.07339167993980399
25002,5,C7,A1,A6,1000,0.05688959696020956
25002,5,C7,A2,A3,1000,0.024206564156715096
25002,5,C7,A2,A4,1000,0.054550101262451495
25002,5,C7,A2,A5,1000,0.10761187774436079
25002,5,C7,A2,A6,1000,0.12409568973131944
25002,5,C7,A3,A4,1000,0.07874383866653639
25002,5,C7,A3,A5,1000,0.1317764346739604
25002,5,C7,A3,A6,1000,0.148247870236945
25002,5,C7,A4,A5,1000,0.05309959573017122
25002,5,C7,A4,A6,1000,0.06960268687679845
25002,5,C7,A5,A6,1000,0.01651045985370604
25003,0,C1,A1,A2,1000,0.09012764833102228
25003,0,C1,A1,A3,1000,0.017927542889861592
25003,0,C1,A1,A4,1000,0.061832246735964116
25003,0,C1,A1,A5,1000,0.10346845979741139
25003,0,C1,A1,A6,1000,0.07454142029288326
25003,0,C1,A2,A3,1000,0.10803678185813625
25003,0,C1,A2,A4,1000,0.15187096627056712
25003,0,C1,A2,A5,1000,0.19340717193401222
25003,0,C1,A2,A6,1000,0.16455302150480355
25003,0,C1,A3,A4,1000,0.043909791879613906
25003,0,C1,A3,A5,1000,0.085557482818896
25003,0,C1,A3,A6,1000,0.05662178320878015
25003,0,C1,A4,A5,1000,0.04166401860940965
25003,0,C1,A4,A6,1000,0.012715290191850788
25003,0,C1,A5,A6,1000,0.028950328989333265
25003,0,C2,A1,A2,1000,0.019708230964345836
25003,0,C2,A1,A3,1000,0.02917152198564491
25003,0,C2,A1,A4,1000,0.055951223430772364
25003,0,C2,A1,A5,1000,0.10299315649697514
25003,0,C2,A1,A6,1000,0.07709306047474805
25003,0,C2,A2,A3,1000,0.009464021215370695
25003,0,C2,A2,A4,1000,0.03624834883181578
25003,0,C2,A2,A5,1000,0.08330756154253367
25003,0,C2,A2,A6,1000,0.05739650737419285
25003,0,C2,A3,A4,1000,0.026785557754578047
25003,0,C2,A3,A5,1000,0.0738513351546698
25003,0,C2,A3,A6,1000,0.04793597122911855
25003,0,C2,A4,A5,1000,0.04707825777561942
25003,0,C2,A4,A6,1000,0.02115405003727542
25003,0,C2,A5,A6,1000,0.025927678508006768
25003,0,C3,A1,A2,1000,0.02015240776834745
25003,0,C3,A1,A3,1000,0.026215677688107283
25003,0,C3,A1,A4,1000,0.0625969678414138
25003,0,C3,A1,A6,1000,0.1234064225221812
25003,0,C3,A2,A3,1000,0.006063696510662321
25003,0,C3,A2,A4,1000,0.04245167693631294
25003,0,C3,A2,A6,1000,0.10328811539137596
25003,0,C3,A3,A4,1000,0.036389224178336954
25003,0,C3,A3,A6,1000,0.09723250544602323
25003,0,C3,A4,A6,1000,0.06087192534623457
25003,0,C4,A1,A2,1000,0.08611696603212861
25003,0,C4,A1,A3,1000,0.1354530803411976
25003,0,C4,A1,A4,1000,0.16192770905777837
25003,0,C4,A1,A5,1000,0.1683330199498754
25003,0,C4,A1,A6,1000,0.18556123799299587
25003,0,C4,A2,A3,1000,0.04941681807942382
25003,0,C4,A2,A4,1000,0.07595841753470486
25003,0,C4,A2,A5,1000,0.08238240011604345
25003,0,C4,A2,A6,1000,0.09966560532123882
25003,0,C4,A3,A4,1000,0.02655531124972252
25003,0,C4,A3,A5,1000,0.03298404975817615
25003,0,C4,A3,A6,1000,0.05028283344630888
25003,0,C4,A4,A5,1000,0.006429512828318735
25003,0,C4,A4,A6,1000,0.023731881997587193
25003,0,C4,A5,A6,1000,0.0173027330595312
25003,0,C5,A1,A3,1000,0.12524758697591537
25003,0,C5,A1,A4,1000,0.1458890543896033
25003,0,C5,A1,A5,1000,0.19009172756748222
25003,0,C5,A1,A6,1000,0.1847106461731938
25003,0,C5,A3,A4,1000,0.02068124076063879
25003,0,C5,A3,A5,1000,0.06500678250265184
25003,0,C5,A3,A6,1000,0.05960799448781497
25003,0,C5,A4,A5,1000,0.044331816014966045
25003,0,C5,A4,A6,1000,0.03893180521739161
25003,0,C5,A5,A6,1000,0.005400995035339492
25003,0,C6,A1,A2,1000,0.07267755738034332
25003,0,C6,A1,A3,1000,0.1944150383784602
25003,0,C6,A1,A4,1000,0.2322901776868768
25003,0,C6,A1,A5,1000,0.27714355095897547
25003,0,C6,A1,A6,1000,0.27094531165712715
25003,0,C6,A2,A3,1000,0.1219736141024504
25003,0,C6,A2,A4,1000,0.15997853999677242
25003,0,C6,A2,A5,1000,0.20501923376134515
25003,0,C6,A2,A6,1000,0.19879294354961077
25003,0,C6,A3,A4,1000,0.03810171215485622
25003,0,C6,A3,A5,1000,0.08331598320325051
25003,0,C6,A3,A6,1000,0.07706188279187963
25003,0,C6,A4,A5,1000,0.0452329172554389
25003,0,C6,A4,A6,1000,0.03897502378788869
25003,0,C6,A5,A6,1000,0.006259338415328615
25003,0,C7,A1,A2,1000,0.16070282976393832
25003,0,C7,A1,A3,1000,0.14290159293986063
25003,0,C7,A1,A4,1000,0.18809670457101882
25003,0,C7,A1,A5,1000,0.21981484830020248
25003,0,C7,A1,A6,1000,0.24267283926567199
25003,0,C7,A2,A3,1000,0.017854936205956684
25003,0,C7,A2,A4,1000,0.027501791454740403
25003,0,C7,A2,A5,1000,0.0593829492237959
25003,0,C7,A2,A6,1000,0.08238368209627399
25003,0,C7,A3,A4,1000,0.045353889074849815
25003,0,C7,A3,A5,1000,0.07722746332867918
25003,0,C7,A3,A6,1000,0.10021986281563156
25003,0,C7,A4,A5,1000,0.031887781323765095
25003,0,C7,A4,A6,1000,0.05489771691598989
25003,0,C7,A5,A6,1000,0.02301507638034842
25003,1,C1,A1,A2,1000,0.014023578862007457
25003,1,C1,A1,A3,1000,0.044032611744785115
25003,1,C1,A1,A4,1000,0.08420034192330664
25003,1,C1,A1,A5,1000,0.1223232880783212
25003,1,C1,A1,A6,1000,0.015627729013384602
25003,1,C1,A2,A3,1000,0.058052443417056246
25003,1,C1,A2,A4,1000,0.09821181513937863
25003,1,C1,A2,A5,1000,0.13632247981546622
25003,1,C1,A2,A6,1000,0.001604187002918434
25003,1,C1,A3,A4,1000,0.04018327155725157
25003,1,C1,A3,A5,1000,0.07833468039927151
25003,1,C1,A3,A6,1000,0.05965604935470456
25003,1,C1,A4,A5,1000,0.03816396066463077
25003,1,C1,A4,A6,1000,0.0998143599975598
25003,1,C1,A5,A6,1000,0.13792352091479035
25003,1,C2,A1,A2,1000,0.016429045400684354
25003,1,C2,A1,A3,1000,0.03230791402513963
25003,1,C2,A1,A4,1000,0.07004196200483774
25003,1,C2,A1,A5,1000,0.12117582432325365
25003,1,C2,A1,A6,1000,0.022200185278221606
25003,1,C2,A2,A3,1000,0.015879997199752707
25003,1,C2,A2,A4,1000,0.0536211751790672
25003,1,C2,A2,A5,1000,0.10477473586494554
25003,1,C2,A2,A6,1000,0.03862733925455154
25003,1,C2,A3,A4,1000,0.037745481845109945
25003,1,C2,A3,A5,1000,0.08891460158010124
25003,1,C2,A3,A6,1000,0.05450285635616315
25003,1,C2,A4,A5,1000,0.05119229710805799
25003,1,C2,A4,A6,1000,0.09222294340647993
25003,1,C2,A5,A6,1000,0.1433243832392755
25003,1,C3,A1,A2,1000,0.01831481287267072
25003,1,C3,A1,A3,1000,0.04520025425710205
25003,1,C3,A1,A4,1000,0.07297862883980817
25003,1,C3,A1,A6,1000,0.08535587905826372
25003,1,C3,A2,A3,1000,0.026888396226676013
25003,1,C3,A2,A4,1000,0.05467351617734363
25003,1,C3,A2,A6,1000,0.10364900224434788
25003,1,C3,A3,A4,1000,0.027790548669106806
25003,1,C3,A3,A6,1000,0.13048892288026462
25003,1,C3,A4,A6,1000,0.15820322966485725
25003,1,C4,A1,A2,1000,0.05857405236727848
25003,1,C4,A1,A3,1000,0.0846802588939255
25003,1,C4,A1,A4,1000,0.12671566514218469
25003,1,C4,A1,A5,1000,0.11579576953850404
25003,1,C4,A1,A6,1000,0.02603205369531637
25003,1,C4,A2,A3,1000,0.02612406777226513
25003,1,C4,A2,A4,1000,0.0682112585362249
25003,1,C4,A2,A5,1000,0.05727517758770008
25003,1,C4,A2,A6,1000,0.03254887711682869
25003,1,C4,A3,A4,1000,0.04209750791144062
25003,1,C4,A3,A5,1000,0.031157519325125584
25003,1,C4,A3,A6,1000,0.05866607975310833
25003,1,C4,A4,A5,1000,0.010941968820393909
25003,1,C4,A4,A6,1000,0.10072939359187902
25003,1,C4,A5,A6,1000,0.08980103842346228
25003,1,C5,A1,A3,1000,0.0806173897828996
25003,1,C5,A1,A4,1000,0.10840332217546937
25003,1,C5,A1,A5,1000,0.16154162634461472
25003,1,C5,A1,A6,1000,0.009862437758182512
25003,1,C5,A3,A4,1000,0.02781147100964745
25003,1,C5,A3,A5,1000,0.0810351675369017
25003,1,C5,A3,A6,1000,0.07076087509458577
25003,1,C5,A4,A5,1000,0.053236373635591513
25003,1,C5,A4,A6,1000,0.09855196550846203
25003,1,C5,A5,A6,1000,0.15170457632733234
25003,1,C6,A1,A2,1000,0.06849797214462816
25003,1,C6,A1,A3,1000,0.12936961600720182
25003,1,C6,A1,A4,1000,0.15083526704092828
25003,1,C6,A1,A5,1000,0.20133631078418907
25003,1,C6,A1,A6,1000,0.03907572661842075
25003,1,C6,A2,A3,1000,0.06094175728818801
25003,1,C6,A2,A4,1000,0.08244775169356058
25003,1,C6,A2,A5,1000,0.13307601406751404
25003,1,C6,A2,A6,1000,0.029432578153974133
25003,1,C6,A3,A4,1000,0.021520008996909694
25003,1,C6,A3,A5,1000,0.07221046768988212
25003,1,C6,A3,A6,1000,0.09035334756213952
25003,1,C6,A4,A5,1000,0.05070081912091781
25003,1,C6,A4,A6,1000,0.11184520037934345
25003,1,C6,A5,A6,1000,0.16242621690416786
25003,1,C7,A1,A2,1000,0.08689855326432683
25003,1,C7,A1,A3,1000,0.1266331181783779
25003,1,C7,A1,A4,1000,0.1143295307319644
25003,1,C7,A1,A5,1000,0.15537369046857816
25003,1,C7,A1,A6,1000,0.01117306929605157
25003,1,C7,A2,A3,1000,0.03979045255837993
25003,1,C7,A2,A4,1000,0.02746583811414521
25003,1,C7,A2,A5,1000,0.06859315791445039
25003,1,C7,A2,A6,1000,0.07573500096605643
25003,1,C7,A3,A4,1000,0.012326328231345498
25003,1,C7,A3,A5,1000,0.028812727060060397
25003,1,C7,A3,A6,1000,0.11548107256159788
25003,1,C7,A4,A5,1000,0.04113719003104613
25003,1,C7,A4,A6,1000,0.10317344769183404
25003,1,C7,A5,A6,1000,0.14423273106540907
25003,2,C1,A1,A2,1000,0.04077918275808727
25003,2,C1,A1,A3,1000,0.06551691388242306
25003,2,C1,A1,A4,1000,0.10274061850857896
25003,2,C1,A1,A5,1000,0.14277276996349994
25003,2,C1,A1,A6,1000,0.01519937457001561
25003,2,C1,A2,A3,1000,0.024744627969112573
25003,2,C1,A2,A4,1000,0.06198853227360374
25003,2,C1,A2,A5,1000,0.18343995040774233
25003,2,C1,A2,A6,1000,0.05597493503743828
25003,2,C1,A3,A4,1000,0.0372498757881207
25003,2,C1,A3,A5,1000,0.2080859037688452
25003,2,C1,A3,A6,1000,0.08070790205130252
25003,2,C1,A4,A5,1000,0.24513777632341022
25003,2,C1,A4,A6,1000,0.11792078966239414
25003,2,C1,A5,A6,1000,0.12760256112282928
25003,2,C2,A1,A2,1000,0.01349817242314717
25003,2,C2,A1,A3,1000,0.035005688279049964
25003,2,C2,A1,A4,1000,0.08165461240758093
25003,2,C2,A1,A5,1000,0.15857767977134649
25003,2,C2,A1,A6,1000,0.018632480098731197
25003,2,C2,A2,A3,1000,0.021508876116186976
25003,2,C2,A2,A4,1000,0.06816651013632792
25003,2,C2,A2,A5,1000,0.17202586031002381
25003,2,C2,A2,A6,1000,0.032129570315423246
25003,2,C2,A3,A4,1000,0.0466668237790364
25003,2,C2,A3,A5,1000,0.19343800756958307
25003,2,C2,A3,A6,1000,0.053633485735508434
25003,2,C2,A4,A5,1000,0.2398139961362806
25003,2,C2,A4,A6,1000,0.10026666710170182
25003,2,C2,A5,A6,1000,0.14000164918656177
25003,2,C3,A1,A2,1000,0.01670522582891071
25003,2,C3,A1,A3,1000,0.06038493482489133
25003,2,C3,A1,A4,1000,0.081461692411004
25003,2,C3,A1,A6,1000,0.052726672991372424
25003,2,C3,A2,A3,1000,0.04368556358317602
25003,2,C3,A2,A4,1000,0.06476818751496996
25003,2,C3,A2,A6,1000,0.069423769983354
25003,2,C3,A3,A4,1000,0.021090594578989492
25003,2,C3,A3,A6,1000,0.11306381399358266
25003,2,C3,A4,A6,1000,0.13411189349682157
25003,2,C4,A1,A2,1000,0.039595866600342235
25003,2,C4,A1,A3,1000,0.046954365170945006
25003,2,C4,A1,A4,1000,0.1016994034008068
25003,2,C4,A1,A5,1000,0.024116892790607143
25003,2,C4,A1,A6,1000,0.006034403271290413
25003,2,C4,A2,A3,1000,0.007360379476913788
25003,2,C4,A2,A4,1000,0.062138004697008434
25003,2,C4,A2,A5,1000,0.06370438983054462
25003,2,C4,A2,A6,1000,0.04562877088575467
25003,2,C4,A3,A4,1000,0.05478108878536173
25003,2,C4,A3,A5,1000,0.07106018996239508
25003,2,C4,A3,A6,1000,0.052986704578412556
25003,2,C4,A4,A5,1000,0.12577388903035103
25003,2,C4,A4,A6,1000,0.10772471646188479
25003,2,C4,A5,A6,1000,0.018082852568703185
25003,2,C5,A1,A3,1000,0.04558210099154959
25003,2,C5,A1,A4,1000,0.07958508533460988
25003,2,C5,A1,A5,1000,0.10800329828854531
25003,2,C5,A1,A6,1000,0.013765682780243349
25003,2,C5,A3,A4,1000,0.03401597304634663
25003,2,C5,A3,A5,1000,0.1535058606496735
25003,2,C5,A3,A6,1000,0.059343870463107205
25003,2,C5,A4,A5,1000,0.18741905007875914
25003,2,C5,A4,A6,1000,0.09334002076932876
25003,2,C5,A5,A6,1000,0.09425241149338288
25003,2,C6,A1,A2,1000,0.06554307432073835
25003,2,C6,A1,A3,1000,0.08961022967970296
25003,2,C6,A1,A4,1000,0.0984919530343783
25003,2,C6,A1,A5,1000,0.12019020028633724
25003,2,C6,A1,A6,1000,0.008011664782161561
25003,2,C6,A2,A3,1000,0.02408553958926499
25003,2,C6,A2,A4,1000,0.03297656694384523
25003,2,C6,A2,A5,1000,0.18554303872024247
25003,2,C6,A2,A6,1000,0.07354974235312133
25003,2,C6,A3,A4,1000,0.008891956437994905
25003,2,C6,A3,A5,1000,0.20950727550765538
25003,2,C6,A3,A6,1000,0.09761282353973047
25003,2,C6,A4,A5,1000,0.21834652533174476
25003,2,C6,A4,A6,1000,0.10649273752327948
25003,2,C6,A5,A6,1000,0.11219272328378445
25003,2,C7,A1,A2,1000,0.03402626599836545
25003,2,C7,A1,A3,1000,0.11604052631257629
25003,2,C7,A1,A4,1000,0.0614392066235726
25003,2,C7,A1,A5,1000,0.05467060031284841
25003,2,C7,A1,A6,1000,0.018636641086894033
25003,2,C7,A2,A3,1000,0.08205551610463019
25003,2,C7,A2,A4,1000,0.027420231570982254
25003,2,C7,A2,A5,1000,0.0886757478144623
25003,2,C7,A2,A6,1000,0.05265864626392641
25003,2,C7,A3,A4,1000,0.05465100247813409
25003,2,C7,A3,A5,1000,0.17057330477142962
25003,2,C7,A3,A6,1000,0.1346401177232341
25003,2,C7,A4,A5,1000,0.11606001859661462
25003,2,C7,A4,A6,1000,0.08006416899948834
25003,2,C7,A5,A6,1000,0.03603869088220357
25003,3,C1,A1,A2,1000,0.08245842743653509
25003,3,C1,A1,A3,1000,0.08349029941940671
25003,3,C1,A1,A4,1000,0.14908497354460443
25003,3,C1,A1,A5,1000,0.08839420929321787
25003,3,C1,A1,A6,1000,0.014809728617251472
25003,3,C1,A2,A3,1000,0.001032614880759502
25003,3,C1,A2,A4,1000,0.23124662128756654
25003,3,C1,A2,A5,1000,0.17072284985230915
25003,3,C1,A2,A6,1000,0.09725576819048785
25003,3,C1,A3,A4,1000,0.2322734603554713
25003,3,C1,A3,A5,1000,0.17175230909762096
25003,3,C1,A3,A6,1000,0.09828735215070133
25003,3,C1,A4,A5,1000,0.060775380998416166
25003,3,C1,A4,A6,1000,0.13430638536165285
25003,3,C1,A5,A6,1000,0.07359456717675768
25003,3,C2,A1,A2,1000,0.01086586466075191
25003,3,C2,A1,A3,1000,0.03734004464588977
25003,3,C2,A1,A4,1000,0.1139699774629621
25003,3,C2,A1,A5,1000,0.09362516165963866
25003,3,C2,A1,A6,1000,0.015496949123547927
25003,3,C2,A2,A3,1000,0.02647561938818768
25003,3,C2,A2,A4,1000,0.1248150708733511
25003,3,C2,A2,A5,1000,0.104476765538912
25003,3,C2,A2,A6,1000,0.02636221969204244
25003,3,C2,A3,A4,1000,0.1512236847750972
25003,3,C2,A3,A5,1000,0.13090388013116647
25003,3,C2,A3,A6,1000,0.0528329007014279
25003,3,C2,A4,A5,1000,0.020374403290482655
25003,3,C2,A4,A6,1000,0.09849645901419203
25003,3,C2,A5,A6,1000,0.0781434529679794
25003,3,C3,A1,A2,1000,0.015284608757099
25003,3,C3,A1,A3,1000,0.07274025332160863
25003,3,C3,A1,A4,1000,0.11126295765590931
25003,3,C3,A1,A6,1000,0.027156248028205487
25003,3,C3,A2,A3,1000,0.05746416339687238
25003,3,C3,A2,A4,1000,0.1265189452175373
25003,3,C3,A2,A6,1000,0.04243851860079131
25003,3,C3,A3,A4,1000,0.1838056686044297
25003,3,C3,A3,A6,1000,0.09987026843797188
25003,3,C3,A4,A6,1000,0.08414062720424759
25003,3,C4,A1,A2,1000,0.02580377917221604
25003,3,C4,A1,A3,1000,0.017768900252094245
25003,3,C4,A1,A4,1000,0.1379379680936493
25003,3,C4,A1,A5,1000,0.0481355257428685
25003,3,C4,A1,A6,1000,0.03026853084045083
25003,3,C4,A2,A3,1000,0.008035387604612544
25003,3,C4,A2,A4,1000,0.16366157278621243
25003,3,C4,A2,A5,1000,0.07392667615412833
25003,3,C4,A2,A6,1000,0.05606628319679655
25003,3,C4,A3,A4,1000,0.15565434386325996
25003,3,C4,A3,A5,1000,0.06589667627558524
25003,3,C4,A3,A6,1000,0.048033876839989394
25003,3,C4,A4,A5,1000,0.08988499207504906
25003,3,C4,A4,A6,1000,0.10773155043133499
25003,3,C4,A5,A6,1000,0.01787057341999892
25003,3,C5,A1,A3,1000,0.01728221432022207
25003,3,C5,A1,A4,1000,0.09254433323603699
25003,3,C5,A1,A5,1000,0.09163125748510738
25003,3,C5,A1,A6,1000,0.032123589078282694
25003,3,C5,A3,A4,1000,0.10980809303953341
25003,3,C5,A3,A5,1000,0.10889535104406217
25003,3,C5,A3,A6,1000,0.049402917406581294
25003,3,C5,A4,A5,1000,0.0009138914256974429
25003,3,C5,A4,A6,1000,0.06043962908465264
25003,3,C5,A5,A6,1000,0.05952608423671952
25003,3,C6,A1,A2,1000,0.06312614949186657
25003,3,C6,A1,A3,1000,0.0628261617073071
25003,3,C6,A1,A4,1000,0.12047202001277989
25003,3,C6,A1,A5,1000,0.1076522567429739
25003,3,C6,A1,A6,1000,0.04013475455017768
25003,3,C6,A2,A3,1000,0.000300145811105339
25003,3,C6,A2,A4,1000,0.18341724441776483
25003,3,C6,A2,A5,1000,0.17062790686845167
25003,3,C6,A2,A6,1000,0.10322675651186775
25003,3,C6,A3,A4,1000,0.18311841317836258
25003,3,C6,A3,A5,1000,0.1703289000414354
25003,3,C6,A3,A6,1000,0.10292703096146998
25003,3,C6,A4,A5,1000,0.012841418203265849
25003,3,C6,A4,A6,1000,0.08038759158961722
25003,3,C6,A5,A6,1000,0.06755527831543703
25003,3,C7,A1,A2,1000,0.0060367613157046324
25003,3,C7,A1,A3,1000,0.10837039366969109
25003,3,C7,A1,A4,1000,0.06396483770381564
25003,3,C7,A1,A5,1000,0.07103883221335056
25003,3,C7,A1,A6,1000,0.03937316817690512
25003,3,C7,A2,A3,1000,0.11439753455088067
25003,3,C7,A2,A4,1000,0.05793092187308753
25003,3,C7,A2,A5,1000,0.0650056175149741
25003,3,C7,A2,A6,1000,0.03333741465292046
25003,3,C7,A3,A4,1000,0.1721827041381564
25003,3,C7,A3,A5,1000,0.17923298425483947
25003,3,C7,A3,A6,1000,0.1476628731707278
25003,3,C7,A4,A5,1000,0.007078096694743609
25003,3,C7,A4,A6,1000,0.02459955735518729
25003,3,C7,A5,A6,1000,0.031676948317238975
25003,4,C1,A1,A2,1000,0.11531852523900162
25003,4,C1,A1,A3,1000,0.1540142365689296
25003,4,C1,A1,A4,1000,0.09848338301102469
25003,4,C1,A1,A5,1000,0.04629355799277534
25003,4,C1,A1,A6,1000,0.014453511825948168
25003,4,C1,A2,A3,1000,0.26883548285638426
25003,4,C1,A2,A4,1000,0.21354921704421703
25003,4,C1,A2,A5,1000,0.16152214769556814
25003,4,C1,A2,A6,1000,0.12974946046077196
25003,4,C1,A3,A4,1000,0.05561976102817848
25003,4,C1,A3,A5,1000,0.1078013628479828
25003,4,C1,A3,A6,1000,0.13959327798918686
25003,4,C1,A4,A5,1000,0.05221474603921006
25003,4,C1,A4,A6,1000,0.08404237707438808
25003,4,C1,A5,A6,1000,0.03184227062234167
25003,4,C2,A1,A2,1000,0.00849140272458601
25003,4,C2,A1,A3,1000,0.07512691285309284
25003,4,C2,A1,A4,1000,0.07943178716174316
25003,4,C2,A1,A5,1000,0.046481865347075955
25003,4,C2,A1,A6,1000,0.012723285925653756
25003,4,C2,A2,A3,1000,0.08361117522990136
25003,4,C2,A2,A4,1000,0.08791525105203277
25003,4,C2,A2,A5,1000,0.05497036410657644
25003,4,C2,A2,A6,1000,0.021214381674978234
25003,4,C2,A3,A4,1000,0.00430833136569561
25003,4,C2,A3,A5,1000,0.028658471281106875
25003,4,C2,A3,A6,1000,0.06241161679943218
25003,4,C2,A4,A5,1000,0.03296625270946481
25003,4,C2,A4,A6,1000,0.06671753321725488
25003,4,C2,A5,A6,1000,0.03376125177861139
25003,4,C3,A1,A2,1000,0.014022371521643266
25003,4,C3,A1,A3,1000,0.14423715280614655
25003,4,C3,A1,A4,1000,0.08090596819790002
25003,4,C3,A1,A6,1000,0.006598459761388313
25003,4,C3,A2,A3,1000,0.15821697782191715
25003,4,C3,A2,A4,1000,0.09491404585219734
25003,4,C3,A2,A6,1000,0.02062057747409802
25003,4,C3,A3,A4,1000,0.06343034941117004
25003,4,C3,A3,A6,1000,0.13765613026326043
25003,4,C3,A4,A6,1000,0.07431277509560827
25003,4,C4,A1,A2,1000,0.015398764393827247
25003,4,C4,A1,A3,1000,0.10415278507490391
25003,4,C4,A1,A4,1000,0.12159811558684674
25003,4,C4,A1,A5,1000,0.06679549729813888
25003,4,C4,A1,A6,1000,0.04913238142160632
25003,4,C4,A2,A3,1000,0.11952511841243556
25003,4,C4,A2,A4,1000,0.13696155542638722
25003,4,C4,A2,A5,1000,0.08218257169622989
25003,4,C4,A2,A6,1000,0.06452438232778028
25003,4,C4,A3,A4,1000,0.017475786527978248
25003,4,C4,A3,A5,1000,0.037393044172053816
25003,4,C4,A3,A6,1000,0.055059137881702476
25003,4,C4,A4,A5,1000,0.054863875926661004
25003,4,C4,A4,A6,1000,0.07252529486656935
25003,4,C4,A5,A6,1000,0.017671097625132148
25003,4,C5,A1,A3,1000,0.1015152305586793
25003,4,C5,A1,A4,1000,0.09875450336446626
25003,4,C5,A1,A5,1000,0.07957015235487488
25003,4,C5,A1,A6,1000,0.04674054924650191
25003,4,C5,A3,A4,1000,0.002763638365624719
25003,4,C5,A3,A5,1000,0.021963722614408574
25003,4,C5,A3,A6,1000,0.0548020227016564
25003,4,C5,A4,A5,1000,0.019200206875839544
25003,4,C5,A4,A6,1000,0.05203921292680625
25003,4,C5,A5,A6,1000,0.032842455047447296
25003,4,C6,A1,A2,1000,0.06103717276621438
25003,4,C6,A1,A3,1000,0.2189394195256785
25003,4,C6,A1,A4,1000,0.12651994872662609
25003,4,C6,A1,A5,1000,0.09896311851595445
25003,4,C6,A1,A6,1000,0.06323242766992748
25003,4,C6,A2,A3,1000,0.27949011538017077
25003,4,C6,A2,A4,1000,0.18736665337731645
25003,4,C6,A2,A5,1000,0.15987258278722652
25003,4,C6,A2,A6,1000,0.12420576518782668
25003,4,C6,A3,A4,1000,0.09275321362249363
25003,4,C6,A3,A5,1000,0.12031436542805224
25003,4,C6,A3,A6,1000,0.15598675000106532
25003,4,C6,A4,A5,1000,0.027601585094464243
25003,4,C6,A4,A6,1000,0.06335327050865258
25003,4,C6,A5,A6,1000,0.03575977661378316
25003,4,C7,A1,A2,1000,0.03751834325112279
25003,4,C7,A1,A3,1000,0.3595193914915635
25003,4,C7,A1,A4,1000,0.09087698426915951
25003,4,C7,A1,A5,1000,0.08263405324747801
25003,4,C7,A1,A6,1000,0.054448617231299
25003,4,C7,A2,A3,1000,0.3225678626141454
25003,4,C7,A2,A4,1000,0.05338182267021132
25003,4,C7,A2,A5,1000,0.04513353869387193
25003,4,C7,A2,A6,1000,0.016934689565701096
25003,4,C7,A3,A4,1000,0.2698030135229965
25003,4,C7,A3,A5,1000,0.2779706521913247
25003,4,C7,A3,A6,1000,0.30585314759452614
25003,4,C7,A4,A5,1000,0.008250813042905526
25003,4,C7,A4,A6,1000,0.03645132410099138
25003,4,C7,A5,A6,1000,0.02820159063837564
25003,5,C1,A1,A2,1000,0.29879087038028335
25003,5,C1,A1,A3,1000,0.10752174771748986
25003,5,C1,A1,A4,1000,0.058733641744038494
25003,5,C1,A1,A5,1000,0.012565414482622004
25003,5,C1,A1,A6,1000,0.014126374275350302
25003,5,C1,A2,A3,1000,0.1919256477666453
25003,5,C1,A2,A4,1000,0.24050398898880646
25003,5,C1,A2,A5,1000,0.2863386894192402
25003,5,C1,A2,A6,1000,0.28479112820177066
25003,5,C1,A3,A4,1000,0.048820351969033324
25003,5,C1,A3,A5,1000,0.09496973104213151
25003,5,C1,A3,A6,1000,0.09341018897743092
25003,5,C1,A4,A5,1000,0.04617178297451194
25003,5,C1,A4,A6,1000,0.044611129861162786
25003,5,C1,A5,A6,1000,0.0015609887019221655
25003,5,C2,A1,A2,1000,0.06701078807618249
25003,5,C2,A1,A3,1000,0.06490955687553772
25003,5,C2,A1,A4,1000,0.05180760324410733
25003,5,C2,A1,A5,1000,0.01050542801401619
25003,5,C2,A1,A6,1000,0.010255632794375465
25003,5,C2,A2,A3,1000,0.002102456187073756
25003,5,C2,A2,A4,1000,0.015210255217017975
25003,5,C2,A2,A5,1000,0.056510684812230115
25003,5,C2,A2,A6,1000,0.056760376400724774
25003,5,C2,A3,A4,1000,0.013107855340076614
25003,5,C2,A3,A5,1000,0.05440909488964955
25003,5,C2,A3,A6,1000,0.0546587942897145
25003,5,C2,A4,A5,1000,0.041305184739343526
25003,5,C2,A4,A6,1000,0.04155492617841788
25003,5,C2,A5,A6,1000,0.0002497988277722631
25003,5,C3,A1,A2,1000,0.08398395255105165
25003,5,C3,A1,A3,1000,0.10428310881163454
25003,5,C3,A1,A4,1000,0.05655781872657206
25003,5,C3,A1,A6,1000,0.010252668044170386
25003,5,C3,A2,A3,1000,0.020322830826350072
25003,5,C3,A2,A4,1000,0.027443441085729412
25003,5,C3,A2,A6,1000,0.09422584370612964
25003,5,C3,A3,A4,1000,0.04776271388841313
25003,5,C3,A3,A6,1000,0.11451951975258505
25003,5,C3,A4,A6,1000,0.06680533580238947
25003,5,C4,A1,A2,1000,0.19539838289146125
25003,5,C4,A1,A3,1000,0.11660950195088382
25003,5,C4,A1,A4,1000,0.10943392205896955
25003,5,C4,A1,A5,1000,0.08160923924194113
25003,5,C4,A1,A6,1000,0.06413955966092579
25003,5,C4,A2,A3,1000,0.07903670903552898
25003,5,C4,A2,A4,1000,0.086218113156045
25003,5,C4,A2,A5,1000,0.11403922525664154
25003,5,C4,A2,A6,1000,0.1314854518747954
25003,5,C4,A3,A4,1000,0.007188199614343627
25003,5,C4,A3,A5,1000,0.03504620518586454
25003,5,C4,A3,A6,1000,0.052524119003879495
25003,5,C4,A4,A5,1000,0.027858970556486177
25003,5,C4,A4,A6,1000,0.04533827218930889
25003,5,C4,A5,A6,1000,0.017482336569720626
25003,5,C5,A1,A3,1000,0.11594364875386225
25003,5,C5,A1,A4,1000,0.10353782247986797
25003,5,C5,A1,A5,1000,0.07030932276215454
25003,5,C5,A1,A6,1000,0.0586015682139224
25003,5,C5,A3,A4,1000,0.012421515586371957
25003,5,C5,A3,A5,1000,0.04567355540725192
25003,5,C5,A3,A6,1000,0.0573831843279022
25003,5,C5,A4,A5,1000,0.033254022655767906
25003,5,C5,A4,A6,1000,0.04496503745333441
25003,5,C5,A5,A6,1000,0.011712857273257405
25003,5,C6,A1,A2,1000,0.43125067386313354
25003,5,C6,A1,A3,1000,0.19067925268175265
25003,5,C6,A1,A4,1000,0.13024371463635234
25003,5,C6,A1,A5,1000,0.09245652466044099
25003,5,C6,A1,A6,1000,0.08043681479614626
25003,5,C6,A2,A3,1000,0.24325559719437978
25003,5,C6,A2,A4,1000,0.30326398756019735
25003,5,C6,A2,A5,1000,0.3405830775261427
25003,5,C6,A2,A6,1000,0.35242185002724224
25003,5,C6,A3,A4,1000,0.06063081098175156
25003,5,C6,A3,A5,1000,0.09844838034358769
25003,5,C6,A3,A6,1000,0.11046294873792327
25003,5,C6,A4,A5,1000,0.03784680980131893
25003,5,C6,A4,A6,1000,0.04987536620757121
25003,5,C6,A5,A6,1000,0.012031502578188177
25003,5,C7,A1,A2,1000,0.139602390638044
25003,5,C7,A1,A3,1000,0.24121948755194494
25003,5,C7,A1,A4,1000,0.1121309344946656
25003,5,C7,A1,A5,1000,0.09110043815875776
25003,5,C7,A1,A6,1000,0.0657517288105827
25003,5,C7,A2,A3,1000,0.10205621580908016
25003,5,C7,A2,A4,1000,0.02752632474812023
25003,5,C7,A2,A5,1000,0.048580697138739574
25003,5,C7,A2,A6,1000,0.07393729931513432
25003,5,C7,A3,A4,1000,0.12953545706633113
25003,5,C7,A3,A5,1000,0.15054065214062348
25003,5,C7,A3,A6,1000,0.17582297936758864
25003,5,C7,A4,A5,1000,0.021057957434275507
25003,5,C7,A4,A6,1000,0.04642299466560425
25003,5,C7,A5,A6,1000,0.025368192064879624
25004,0,C1,A1,A2,1000,0.01570713625200667
25004,0,C1,A1,A3,1000,0.022373880787183113
25004,0,C1,A1,A4,1000,0.060729239285158644
25004,0,C1,A1,A5,1000,0.10762820426050082
25004,0,C1,A1,A6,1000,0.08205242638677214
25004,0,C1,A2,A3,1000,0.03807956114045723
25004,0,C1,A2,A4,1000,0.07642845302252282
25004,0,C1,A2,A5,1000,0.12331270626942456
25004,0,C1,A2,A6,1000,0.09774587909959413
25004,0,C1,A3,A4,1000,0.0383610203756707
25004,0,C1,A3,A5,1000,0.08527662490361818
25004,0,C1,A3,A6,1000,0.05969044693240947
25004,0,C1,A4,A5,1000,0.04693229927194805
25004,0,C1,A4,A6,1000,0.02133473598858264
25004,0,C1,A5,A6,1000,0.025600357349733982
25004,0,C2,A1,A2,1000,0.019407016858831953
25004,0,C2,A1,A3,1000,0.03746761028801971
25004,0,C2,A1,A4,1000,0.08178659974370943
25004,0,C2,A1,A5,1000,0.08287939823462294
25004,0,C2,A1,A6,1000,0.0745581102661002
25004,0,C2,A2,A3,1000,0.018062460102692624
25004,0,C2,A2,A4,1000,0.062393639002456605
25004,0,C2,A2,A5,1000,0.06348687469922042
25004,0,C2,A2,A6,1000,0.055162423368845616
25004,0,C2,A3,A4,1000,0.04433827073287821
25004,0,C2,A3,A5,1000,0.045431808809156295
25004,0,C2,A3,A6,1000,0.03710520980076839
25004,0,C2,A4,A5,1000,0.0010938516043474359
25004,0,C2,A4,A6,1000,0.007234753649229843
25004,0,C2,A5,A6,1000,0.008328595846971503
25004,0,C3,A1,A2,1000,0.01729256663830434
25004,0,C3,A1,A3,1000,0.02482320036138978
25004,0,C3,A1,A4,1000,0.06613549703623528
25004,0,C3,A1,A6,1000,0.09558546274559312
25004,0,C3,A2,A3,1000,0.007531067154298326
25004,0,C3,A2,A4,1000,0.04885039157126213
25004,0,C3,A2,A6,1000,0.0783101479558512
25004,0,C3,A3,A4,1000,0.04132135097951308
25004,0,C3,A3,A6,1000,0.07078463753810019
25004,0,C3,A4,A6,1000,0.02947474808715344
25004,0,C4,A1,A2,1000,0.07592536028875205
25004,0,C4,A1,A3,1000,0.1308461537087208
25004,0,C4,A1,A4,1000,0.15091684100578243
25004,0,C4,A1,A5,1000,0.16517357148439685
25004,0,C4,A1,A6,1000,0.1813261921334025
25004,0,C4,A2,A3,1000,0.05500169821344774
25004,0,C4,A2,A4,1000,0.07511848406694917
25004,0,C4,A2,A5,1000,0.08941329510137214
25004,0,C4,A2,A6,1000,0.10561440666818049
25004,0,C4,A3,A4,1000,0.020128872852247237
25004,0,C4,A3,A5,1000,0.03443619477202294
25004,0,C4,A3,A6,1000,0.050655427678483085
25004,0,C4,A4,A5,1000,0.014308761441879335
25004,0,C4,A4,A6,1000,0.030531075610689223
25004,0,C4,A5,A6,1000,0.01622334530617174
25004,0,C5,A1,A3,1000,0.078200668205591
25004,0,C5,A1,A4,1000,0.09369749148544072
25004,0,C5,A1,A5,1000,0.13179798819471722
25004,0,C5,A1,A6,1000,0.13661753806046079
25004,0,C5,A3,A4,1000,0.015509381021049174
25004,0,C5,A3,A5,1000,0.05365814362278537
25004,0,C5,A3,A6,1000,0.058485551251084726
25004,0,C5,A4,A5,1000,0.03815222499065362
25004,0,C5,A4,A6,1000,0.04298042017548585
25004,0,C5,A5,A6,1000,0.00482905565930989
25004,0,C6,A1,A2,1000,0.11903091271419447
25004,0,C6,A1,A3,1000,0.15803555917837223
25004,0,C6,A1,A4,1000,0.20426947895631048
25004,0,C6,A1,A5,1000,0.29322152140601426
25004,0,C6,A1,A6,1000,0.24550763743518036
25004,0,C6,A2,A3,1000,0.039108414887049685
25004,0,C6,A2,A4,1000,0.08552896671516377
25004,0,C6,A2,A5,1000,0.17503075285939618
25004,0,C6,A2,A6,1000,0.12699095208698521
25004,0,C6,A3,A4,1000,0.046441735657015225
25004,0,C6,A3,A5,1000,0.13604858587514987
25004,0,C6,A3,A6,1000,0.08794189408467702
25004,0,C6,A4,A5,1000,0.08968361136536945
25004,0,C6,A4,A6,1000,0.04152312595240936
25004,0,C6,A5,A6,1000,0.04818490022137489
25004,0,C7,A1,A2,1000,0.0692211212264266
25004,0,C7,A1,A3,1000,0.08423208831299113
25004,0,C7,A1,A4,1000,0.1107410559306168
25004,0,C7,A1,A5,1000,0.15414909495552942
25004,0,C7,A1,A6,1000,0.18976443968638404
25004,0,C7,A2,A3,1000,0.015022422153220326
25004,0,C7,A2,A4,1000,0.04156140581557032
25004,0,C7,A2,A5,1000,0.08504534259111324
25004,0,C7,A2,A6,1000,0.12074762208463503
25004,0,C7,A3,A4,1000,0.02654111562099832
25004,0,C7,A3,A5,1000,0.07003439012717934
25004,0,C7,A3,A6,1000,0.10574974497287137
25004,0,C7,A4,A5,1000,0.04350361699040139
25004,0,C7,A4,A6,1000,0.07923705469181706
25004,0,C7,A5,A6,1000,0.0357492083053083
25004,1,C1,A1,A2,1000,0.007330204639827865
25004,1,C1,A1,A3,1000,0.04728386820279787
25004,1,C1,A1,A4,1000,0.07068571571364304
25004,1,C1,A1,A5,1000,0.12375119547441497
25004,1,C1,A1,A6,1000,0.01622733599944135
25004,1,C1,A2,A3,1000,0.039955167815417775
25004,1,C1,A2,A4,1000,0.06335907718989531
25004,1,C1,A2,A5,1000,0.11643247088894995
25004,1,C1,A2,A6,1000,0.023557236094728144
25004,1,C1,A3,A4,1000,0.02341035277780354
25004,1,C1,A3,A5,1000,0.07651606324875021
25004,1,C1,A3,A6,1000,0.063505911394202
25004,1,C1,A4,A5,1000,0.05311610783439697
25004,1,C1,A4,A6,1000,0.08690222604235025
25004,1,C1,A5,A6,1000,0.13994800497703294
25004,1,C2,A1,A2,1000,0.017672229390858253
25004,1,C2,A1,A3,1000,0.03275359283222108
25004,1,C2,A1,A4,1000,0.12300522118715737
25004,1,C2,A1,A5,1000,0.08645302782849672
25004,1,C2,A1,A6,1000,0.00841092015207377
25004,1,C2,A2,A3,1000,0.015082602340669094
25004,1,C2,A2,A4,1000,0.1053655809247717
25004,1,C2,A2,A5,1000,0.06879572487481207
25004,1,C2,A2,A6,1000,0.02608259876634687
25004,1,C2,A3,A4,1000,0.09030344725114614
25004,1,C2,A3,A5,1000,0.053721050124893956
25004,1,C2,A3,A6,1000,0.04116290285476047
25004,1,C2,A4,A5,1000,0.036607931897203336
25004,1,C2,A4,A6,1000,0.13139682403250433
25004,1,C2,A5,A6,1000,0.09485415831246749
25004,1,C3,A1,A2,1000,0.015398468314267012
25004,1,C3,A1,A3,1000,0.03466077378860964
25004,1,C3,A1,A4,1000,0.09815239203205584
25004,1,C3,A1,A6,1000,0.053014593929773264
25004,1,C3,A2,A3,1000,0.019263677031766163
25004,1,C3,A2,A4,1000,0.08277056290390787
25004,1,C3,A2,A6,1000,0.0684055455858765
25004,1,C3,A3,A4,1000,0.06352035077292621
25004,1,C3,A3,A6,1000,0.08765373969131614
25004,1,C3,A4,A6,1000,0.1510620672992159
25004,1,C4,A1,A2,1000,0.05433005825728297
25004,1,C4,A1,A3,1000,0.07937784634713138
25004,1,C4,A1,A4,1000,0.11199823867560811
25004,1,C4,A1,A5,1000,0.11804369371844965
25004,1,C4,A1,A6,1000,0.018812295992108614
25004,1,C4,A2,A3,1000,0.025063531134339387
25004,1,C4,A2,A4,1000,0.05771922980072084
25004,1,C4,A2,A5,1000,0.06377306773466936
25004,1,C4,A2,A6,1000,0.03552308474798882
25004,1,C4,A3,A4,1000,0.0326625556525698
25004,1,C4,A3,A5,1000,0.03871851874525986
25004,1,C4,A3,A6,1000,0.06057877162998102
25004,1,C4,A4,A5,1000,0.006057077911409729
25004,1,C4,A4,A6,1000,0.09321456010215365
25004,1,C4,A5,A6,1000,0.09926350265566228
25004,1,C5,A1,A3,1000,0.05688943344013974
25004,1,C5,A1,A4,1000,0.06977677647633222
25004,1,C5,A1,A5,1000,0.12066229198627797
25004,1,C5,A1,A6,1000,0.012051793942980893
25004,1,C5,A3,A4,1000,0.012892954978213952
25004,1,C5,A3,A5,1000,0.06382067016449601
25004,1,C5,A3,A6,1000,0.06893599458846883
25004,1,C5,A4,A5,1000,0.050932269356161075
25004,1,C5,A4,A6,1000,0.08182096586220344
25004,1,C5,A5,A6,1000,0.13269289302348816
25004,1,C6,A1,A2,1000,0.07544496100005287
25004,1,C6,A1,A3,1000,0.12632018712467014
25004,1,C6,A1,A4,1000,0.13517025710825578
25004,1,C6,A1,A5,1000,0.24889265567718255
25004,1,C6,A1,A6,1000,0.02633270498837168
25004,1,C6,A2,A3,1000,0.050941419100231186
25004,1,C6,A2,A4,1000,0.059808388012058795
25004,1,C6,A2,A5,1000,0.17389001027301262
25004,1,C6,A2,A6,1000,0.04912573398984702
25004,1,C6,A3,A4,1000,0.008870628777559859
25004,1,C6,A3,A5,1000,0.12309684761103672
25004,1,C6,A3,A6,1000,0.1000330989558247
25004,1,C6,A4,A5,1000,0.11424327458278376
25004,1,C6,A4,A6,1000,0.10889062876255468
25004,1,C6,A5,A6,1000,0.2227580079514805
25004,1,C7,A1,A2,1000,0.04605828768675001
25004,1,C7,A1,A3,1000,0.07464424845309543
25004,1,C7,A1,A4,1000,0.0785990180320903
25004,1,C7,A1,A5,1000,0.13656696940543717
25004,1,C7,A1,A6,1000,0.07698366138782856
25004,1,C7,A2,A3,1000,0.028598617025669935
25004,1,C7,A2,A4,1000,0.03255589506787801
25004,1,C7,A2,A5,1000,0.09058166761952431
25004,1,C7,A2,A6,1000,0.12298437288771091
25004,1,C7,A3,A4,1000,0.0039577495105925994
25004,1,C7,A3,A5,1000,0.06200357798572124
25004,1,C7,A3,A6,1000,0.15151363848478203
25004,1,C7,A4,A5,1000,0.058047649628725245
25004,1,C7,A4,A6,1000,0.15545931580683592
25004,1,C7,A5,A6,1000,0.21325947684476507
25004,2,C1,A1,A2,1000,0.026192353172592994
25004,2,C1,A1,A3,1000,0.06747212704570532
25004,2,C1,A1,A4,1000,0.07910373430190006
25004,2,C1,A1,A5,1000,0.1405205313165587
25004,2,C1,A1,A6,1000,0.01623478188811524
25004,2,C1,A2,A3,1000,0.04128771183492615
25004,2,C1,A2,A4,1000,0.05292331434757266
25004,2,C1,A2,A5,1000,0.16664618787544225
25004,2,C1,A2,A6,1000,0.04242517537369069
25004,2,C1,A3,A4,1000,0.011638379152376347
25004,2,C1,A3,A5,1000,0.20777877116789734
25004,2,C1,A3,A6,1000,0.08369694661127113
25004,2,C1,A4,A5,1000,0.21935962488189864
25004,2,C1,A4,A6,1000,0.09532521153877412
25004,2,C1,A5,A6,1000,0.1243166524051361
25004,2,C2,A1,A2,1000,0.01615294491473686
25004,2,C2,A1,A3,1000,0.028596845116435225
25004,2,C2,A1,A4,1000,0.15261486639064967
25004,2,C2,A1,A5,1000,0.07300727349440192
25004,2,C2,A1,A6,1000,0.011644887738929157
25004,2,C2,A2,A3,1000,0.012444716281814715
25004,2,C2,A2,A4,1000,0.1365101885114991
25004,2,C2,A2,A5,1000,0.08914527147779357
25004,2,C2,A2,A6,1000,0.02779709070920421
25004,2,C2,A3,A4,1000,0.12409582943103169
25004,2,C2,A3,A5,1000,0.10157398516958083
25004,2,C2,A3,A6,1000,0.04023983133888959
25004,2,C2,A4,A5,1000,0.2252649692195568
25004,2,C2,A4,A6,1000,0.16421802840022015
25004,2,C2,A5,A6,1000,0.06136981704164021
25004,2,C3,A1,A2,1000,0.013703714553762257
25004,2,C3,A1,A3,1000,0.042996576883544975
25004,2,C3,A1,A4,1000,0.12288704716805846
25004,2,C3,A1,A6,1000,0.035215134872302094
25004,2,C3,A2,A3,1000,0.029295158808319347
25004,2,C3,A2,A4,1000,0.10920779479727007
25004,2,C3,A2,A6,1000,0.04891569362748442
25004,2,C3,A3,A4,1000,0.07994671374488227
25004,2,C3,A3,A6,1000,0.07819591942362226
25004,2,C3,A4,A6,1000,0.15801124948058293
25004,2,C4,A1,A2,1000,0.039461287185717016
25004,2,C4,A1,A3,1000,0.040328828802793704
25004,2,C4,A1,A4,1000,0.083661815708522
25004,2,C4,A1,A5,1000,0.033425420665815664
25004,2,C4,A1,A6,1000,0.00909332098842222
25004,2,C4,A2,A3,1000,0.0008677419807225541
25004,2,C4,A2,A4,1000,0.04422173692954527
25004,2,C4,A2,A5,1000,0.07287273370066108
25004,2,C4,A2,A6,1000,0.048552078417606545
25004,2,C4,A3,A4,1000,0.043354237208496765
25004,2,C4,A3,A5,1000,0.0737397988630318
25004,2,C4,A3,A6,1000,0.04941951830586197
25004,2,C4,A4,A5,1000,0.1170397255890448
25004,2,C4,A4,A6,1000,0.09274489769225601
25004,2,C4,A5,A6,1000,0.024333179019512378
25004,2,C5,A1,A3,1000,0.039009146551112706
25004,2,C5,A1,A4,1000,0.04953704731498328
25004,2,C5,A1,A5,1000,0.08087959706249656
25004,2,C5,A1,A6,1000,0.019589154377356057
25004,2,C5,A3,A4,1000,0.010530120046957862
25004,2,C5,A3,A5,1000,0.11984696137242594
25004,2,C5,A3,A6,1000,0.058593387643538435
25004,2,C5,A4,A5,1000,0.13035901137572817
25004,2,C5,A4,A6,1000,0.06911884961779914
25004,2,C5,A5,A6,1000,0.061301265598543306
25004,2,C6,A1,A2,1000,0.04843743720325048
25004,2,C6,A1,A3,1000,0.10676592961548914
25004,2,C6,A1,A4,1000,0.08870350820078028
25004,2,C6,A1,A5,1000,0.4291066279721278
25004,2,C6,A1,A6,1000,0.011688885656744148
25004,2,C6,A2,A3,1000,0.05836937317569688
25004,2,C6,A2,A4,1000,0.040289512597754824
25004,2,C6,A2,A5,1000,0.4760652379320322
25004,2,C6,A2,A6,1000,0.06012169744905572
25004,2,C6,A3,A4,1000,0.01808564180748216
25004,2,C6,A3,A5,1000,0.5322995793161102
25004,2,C6,A3,A6,1000,0.11843478718732006
25004,2,C6,A4,A5,1000,0.5149215838535692
25004,2,C6,A4,A6,1000,0.10037828225589417
25004,2,C6,A5,A6,1000,0.41773821886418055
25004,2,C7,A1,A2,1000,0.02799868763587277
25004,2,C7,A1,A3,1000,0.06732243006935905
25004,2,C7,A1,A4,1000,0.05273515902831652
25004,2,C7,A1,A5,1000,0.10028705717736354
25004,2,C7,A1,A6,1000,0.054267057953528604
25004,2,C7,A2,A3,1000,0.039333223834722174
25004,2,C7,A2,A4,1000,0.024741145630686908
25004,2,C7,A2,A5,1000,0.1282389065248505
25004,2,C7,A2,A6,1000,0.08224960346120679
25004,2,C7,A3,A4,1000,0.014593893056496582
25004,2,C7,A3,A5,1000,0.16746325570135429
25004,2,C7,A3,A6,1000,0.12153238542585798
25004,2,C7,A4,A5,1000,0.1529174129480499
25004,2,C7,A4,A6,1000,0.10696279200717126
25004,2,C7,A5,A6,1000,0.04605313015187562
25004,3,C1,A1,A2,1000,0.04189827968027549
25004,3,C1,A1,A3,1000,0.08413067304147018
25004,3,C1,A1,A4,1000,0.10219485837249084
25004,3,C1,A1,A5,1000,0.08837346001357184
25004,3,C1,A1,A6,1000,0.016234926958300824
25004,3,C1,A2,A3,1000,0.04224865481894298
25004,3,C1,A2,A4,1000,0.14402618899978784
25004,3,C1,A2,A5,1000,0.13021938821522216
25004,3,C1,A2,A6,1000,0.058128907195814955
25004,3,C1,A3,A4,1000,0.18615180315244764
25004,3,C1,A3,A5,1000,0.17236497941063839
25004,3,C1,A3,A6,1000,0.10035067852529295
25004,3,C1,A4,A5,1000,0.013835007043502922
25004,3,C1,A4,A6,1000,0.08597543130829871
25004,3,C1,A5,A6,1000,0.0721497794255936
25004,3,C2,A1,A2,1000,0.014812277753153701
25004,3,C2,A1,A3,1000,0.02490809407273041
25004,3,C2,A1,A4,1000,0.4005059505251006
25004,3,C2,A1,A5,1000,0.05354363832504074
25004,3,C2,A1,A6,1000,0.014485973359378016
25004,3,C2,A2,A3,1000,0.010096346182621462
25004,3,C2,A2,A4,1000,0.4149483107632136
25004,3,C2,A2,A5,1000,0.06834822362183157
25004,3,C2,A2,A6,1000,0.029297358560726624
25004,3,C2,A3,A4,1000,0.4247790620708099
25004,3,C2,A3,A5,1000,0.07843688668620045
25004,3,C2,A3,A6,1000,0.039392048642006815
25004,3,C2,A4,A5,1000,0.34810866591529743
25004,3,C2,A4,A6,1000,0.38635978177215174
25004,3,C2,A5,A6,1000,0.039061965878268795
25004,3,C3,A1,A2,1000,0.0121796795821755
25004,3,C3,A1,A3,1000,0.0501234087635797
25004,3,C3,A1,A4,1000,0.22865940108864868
25004,3,C3,A1,A6,1000,0.020301285130387235
25004,3,C3,A2,A3,1000,0.03794680887664366
25004,3,C3,A2,A4,1000,0.24074734637162937
25004,3,C3,A2,A6,1000,0.032479895232625136
25004,3,C3,A3,A4,1000,0.27834935829763185
25004,3,C3,A3,A6,1000,0.0704151648597186
25004,3,C3,A4,A6,1000,0.20849143984974033
25004,3,C4,A1,A2,1000,0.02865724980547355
25004,3,C4,A1,A3,1000,0.009584560232480338
25004,3,C4,A1,A4,1000,0.10339955090317815
25004,3,C4,A1,A5,1000,0.0519038812395299
25004,3,C4,A1,A6,1000,0.03010320024913375
25004,3,C4,A2,A3,1000,0.019073452510668776
25004,3,C4,A2,A4,1000,0.13200001753575022
25004,3,C4,A2,A5,1000,0.0805437399594695
25004,3,C4,A2,A6,1000,0.05875308706066644
25004,3,C4,A3,A4,1000,0.11296785105433155
25004,3,C4,A3,A5,1000,0.06148400318696716
25004,3,C4,A3,A6,1000,0.03968609834565454
25004,3,C4,A4,A5,1000,0.05153598975942869
25004,3,C4,A4,A6,1000,0.07332956696819959
25004,3,C4,A5,A6,1000,0.02180562600702037
25004,3,C5,A1,A3,1000,0.023796677080132746
25004,3,C5,A1,A4,1000,0.05339382424827508
25004,3,C5,A1,A5,1000,0.06844789612608725
25004,3,C5,A1,A6,1000,0.025768876499671602
25004,3,C5,A3,A4,1000,0.07717978236733228
25004,3,C5,A3,A5,1000,0.09222813158686331
25004,3,C5,A3,A6,1000,0.04956223868791785
25004,3,C5,A4,A5,1000,0.015060147108815501
25004,3,C5,A4,A6,1000,0.02762912316316325
25004,3,C5,A5,A6,1000,0.042687303010869974
25004,3,C6,A1,A2,1000,0.030177524931439336
25004,3,C6,A1,A3,1000,0.09337752494016824
25004,3,C6,A1,A4,1000,0.10572934059346684
25004,3,C6,A1,A5,1000,0.20626606615592982
25004,3,C6,A1,A6,1000,0.03809935938320926
25004,3,C6,A2,A3,1000,0.06322430456559495
25004,3,C6,A2,A4,1000,0.1358481146108717
25004,3,C6,A2,A5,1000,0.2362428643277055
25004,3,C6,A2,A6,1000,0.06826625486972711
25004,3,C6,A3,A4,1000,0.19884098848263712
25004,3,C6,A3,A5,1000,0.2988618033918748
25004,3,C6,A3,A6,1000,0.13141343804087371
25004,3,C6,A4,A5,1000,0.10084297829263064
25004,3,C6,A4,A6,1000,0.06766707247782161
25004,3,C6,A5,A6,1000,0.16834883238672263
25004,3,C7,A1,A2,1000,0.01357005826367934
25004,3,C7,A1,A3,1000,0.061532445666743346
25004,3,C7,A1,A4,1000,0.05737372737684366
25004,3,C7,A1,A5,1000,0.08055166487608952
25004,3,C7,A1,A6,1000,0.03819204544549037
25004,3,C7,A2,A3,1000,0.04796750881864932
25004,3,C7,A2,A4,1000,0.07093670988465621
25004,3,C7,A2,A5,1000,0.09410852059818792
25004,3,C7,A2,A6,1000,0.05175867082543239
25004,3,C7,A3,A4,1000,0.11885252204466883
25004,3,C7,A3,A5,1000,0.14199403693093374
25004,3,C7,A3,A6,1000,0.09969454636730114
25004,3,C7,A4,A5,1000,0.02319179967752044
25004,3,C7,A4,A6,1000,0.019187091483361046
25004,3,C7,A5,A6,1000,0.04237643840741221
25004,4,C1,A1,A2,1000,0.05515457470486377
25004,4,C1,A1,A3,1000,0.16102135894658454
25004,4,C1,A1,A4,1000,0.07669464922169922
25004,4,C1,A1,A5,1000,0.04834842972425704
25004,4,C1,A1,A6,1000,0.016228932282474323
25004,4,C1,A2,A3,1000,0.21596787625575112
25004,4,C1,A2,A4,1000,0.1317886302420043
25004,4,C1,A2,A5,1000,0.1034729809154649
25004,4,C1,A2,A6,1000,0.07137654501351995
25004,4,C1,A3,A4,1000,0.08444024175583964
25004,4,C1,A3,A5,1000,0.11276839962674633
25004,4,C1,A3,A6,1000,0.14483354112194088
25004,4,C1,A4,A5,1000,0.02835764100447128
25004,4,C1,A4,A6,1000,0.06047389211028128
25004,4,C1,A5,A6,1000,0.032122235870766354
25004,4,C2,A1,A2,1000,0.013621316561168188
25004,4,C2,A1,A3,1000,0.06144667782936085
25004,4,C2,A1,A4,1000,0.1881492355108934
25004,4,C2,A1,A5,1000,0.037542765762720025
25004,4,C2,A1,A6,1000,0.01699537961770807
25004,4,C2,A2,A3,1000,0.07505907438447615
25004,4,C2,A2,A4,1000,0.20169689807428484
25004,4,C2,A2,A5,1000,0.051160364398663595
25004,4,C2,A2,A6,1000,0.030615687833699452
25004,4,C2,A3,A4,1000,0.12691320572969472
25004,4,C2,A3,A5,1000,0.023911740501297258
25004,4,C2,A3,A6,1000,0.04445788666241568
25004,4,C2,A4,A5,1000,0.15075890788475704
25004,4,C2,A4,A6,1000,0.17123206886820605
25004,4,C2,A5,A6,1000,0.020549247311441147
25004,4,C3,A1,A2,1000,0.0108029679166519
25004,4,C3,A1,A3,1000,0.09455343819255993
25004,4,C3,A1,A4,1000,0.13040354985000865
25004,4,C3,A1,A6,1000,0.007644393753025048
25004,4,C3,A2,A3,1000,0.10534204337559697
25004,4,C3,A2,A4,1000,0.1411798832651672
25004,4,C3,A2,A6,1000,0.018447159129137213
25004,4,C3,A3,A4,1000,0.035910279528320384
25004,4,C3,A3,A6,1000,0.08691744270833054
25004,4,C3,A4,A6,1000,0.1227755784138998
25004,4,C4,A1,A2,1000,0.020501537872896065
25004,4,C4,A1,A3,1000,0.08989383786297649
25004,4,C4,A1,A4,1000,0.10240482537188644
25004,4,C4,A1,A5,1000,0.06604035569662695
25004,4,C4,A1,A6,1000,0.04638816812355759
25004,4,C4,A2,A3,1000,0.11036574605890757
25004,4,C4,A2,A4,1000,0.12286881846101855
25004,4,C4,A2,A5,1000,0.08652479317159634
25004,4,C4,A2,A6,1000,0.06688040190168587
25004,4,C4,A3,A4,1000,0.01252773098367683
25004,4,C4,A3,A5,1000,0.02387404910693436
25004,4,C4,A3,A6,1000,0.043532018434114465
25004,4,C4,A4,A5,1000,0.03640019398277114
25004,4,C4,A4,A6,1000,0.056055302161308176
25004,4,C4,A5,A6,1000,0.01966093613955658
25004,4,C5,A1,A3,1000,0.08598730167540972
25004,4,C5,A1,A4,1000,0.0643241846019301
25004,4,C5,A1,A5,1000,0.058534919220868016
25004,4,C5,A1,A6,1000,0.030908858737768184
25004,4,C5,A3,A4,1000,0.021676270582273133
25004,4,C5,A3,A5,1000,0.02746754122614354
25004,4,C5,A3,A6,1000,0.055094456445381454
25004,4,C5,A4,A5,1000,0.00579165156516568
25004,4,C5,A4,A6,1000,0.033422580108161036
25004,4,C5,A5,A6,1000,0.027631515624829593
25004,4,C6,A1,A2,1000,0.017126189626403426
25004,4,C6,A1,A3,1000,0.3066168842284333
25004,4,C6,A1,A4,1000,0.1143396582535828
25004,4,C6,A1,A5,1000,0.11665832194835589
25004,4,C6,A1,A6,1000,0.05731280067953453
25004,4,C6,A2,A3,1000,0.323511509915162
25004,4,C6,A2,A4,1000,0.1314309548364819
25004,4,C6,A2,A5,1000,0.13374828639267805
25004,4,C6,A2,A6,1000,0.07442905298654112
25004,4,C6,A3,A4,1000,0.19321702637787858
25004,4,C6,A3,A5,1000,0.1909063501379609
25004,4,C6,A3,A6,1000,0.24990784456481613
25004,4,C6,A4,A5,1000,0.0023228676739687286
25004,4,C6,A4,A6,1000,0.057077513852779635
25004,4,C6,A5,A6,1000,0.05939930873036623
25004,4,C7,A1,A2,1000,0.0018233723179947685
25004,4,C7,A1,A3,1000,0.16016273967371328
25004,4,C7,A1,A4,1000,0.07004673461392286
25004,4,C7,A1,A5,1000,0.06591248988430728
25004,4,C7,A1,A6,1000,0.026278618964849464
25004,4,C7,A2,A3,1000,0.16198003715351933
25004,4,C7,A2,A4,1000,0.07186893376959612
25004,4,C7,A2,A5,1000,0.06773482184038765
25004,4,C7,A2,A6,1000,0.028101819165034774
25004,4,C7,A3,A4,1000,0.09024705001341299
25004,4,C7,A3,A5,1000,0.09437913308013977
25004,4,C7,A3,A6,1000,0.13395670988494718
25004,4,C7,A4,A5,1000,0.004136692054302235
25004,4,C7,A4,A6,1000,0.043778421167784805
25004,4,C7,A5,A6,1000,0.03964265081487852
25004,5,C1,A1,A2,1000,0.1486404590142751
25004,5,C1,A1,A3,1000,0.1133348468677324
25004,5,C1,A1,A4,1000,0.05547420806806025
25004,5,C1,A1,A5,1000,0.016533843227340788
25004,5,C1,A1,A6,1000,0.01621775045422705
25004,5,C1,A2,A3,1000,0.0353704333502837
25004,5,C1,A2,A4,1000,0.09324976671726425
25004,5,C1,A2,A5,1000,0.13214186848882878
25004,5,C1,A2,A6,1000,0.13245736975474465
25004,5,C1,A3,A4,1000,0.057900171194913204
25004,5,C1,A3,A5,1000,0.09682070476627402
25004,5,C1,A3,A6,1000,0.09713648393928469
25004,5,C1,A4,A5,1000,0.03894424835579011
25004,5,C1,A4,A6,1000,0.03926029782708972
25004,5,C1,A5,A6,1000,0.00031610200041125275
25004,5,C2,A1,A2,1000,0.08123659508631981
25004,5,C2,A1,A3,1000,0.05980120744351424
25004,5,C2,A1,A4,1000,0.08160009783332658
25004,5,C2,A1,A5,1000,0.024180433123240277
25004,5,C2,A1,A6,1000,0.01922235220931085
25004,5,C2,A2,A3,1000,0.021450176996077444
25004,5,C2,A2,A4,1000,0.00036384521402709716
25004,5,C2,A2,A5,1000,0.05707207454942722
25004,5,C2,A2,A6,1000,0.06202799249772481
25004,5,C2,A3,A4,1000,0.02181399796295461
25004,5,C2,A3,A5,1000,0.0356280905349157
25004,5,C2,A3,A6,1000,0.04058548177412007
25004,5,C2,A4,A5,1000,0.05743575026821154
25004,5,C2,A4,A6,1000,0.062391637646702365
25004,5,C2,A5,A6,1000,0.004958408867670691
25004,5,C3,A1,A2,1000,0.06853525830002986
25004,5,C3,A1,A3,1000,0.0748650865076485
25004,5,C3,A1,A4,1000,0.0646714243288234
25004,5,C3,A1,A6,1000,0.0032106748758718067
25004,5,C3,A2,A3,1000,0.006334173860562144
25004,5,C3,A2,A4,1000,0.0038661231705160444
25004,5,C3,A2,A6,1000,0.0717438326300589
25004,5,C3,A3,A4,1000,0.010200263385843318
25004,5,C3,A3,A6,1000,0.0780732637877141
25004,5,C3,A4,A6,1000,0.06788022407932583
25004,5,C4,A1,A2,1000,0.19933182771703084
25004,5,C4,A1,A3,1000,0.10658921128661784
25004,5,C4,A1,A4,1000,0.10131503269958017
25004,5,C4,A1,A5,1000,0.07709446023161541
25004,5,C4,A1,A6,1000,0.05928658177177909
25004,5,C4,A2,A3,1000,0.0930300056771248
25004,5,C4,A2,A4,1000,0.09830538638817807
25004,5,C4,A2,A5,1000,0.12251083748590111
25004,5,C4,A2,A6,1000,0.14028601615642847
25004,5,C4,A3,A4,1000,0.005282465444847979
25004,5,C4,A3,A5,1000,0.029530043723087217
25004,5,C4,A3,A6,1000,0.0473461981237963
25004,5,C4,A4,A5,1000,0.024248127292100984
25004,5,C4,A4,A6,1000,0.04206525924627978
25004,5,C4,A5,A6,1000,0.017819769394033166
25004,5,C5,A1,A3,1000,0.09213168905749382
25004,5,C5,A1,A4,1000,0.07372497031174916
25004,5,C5,A1,A5,1000,0.05045157385297174
25004,5,C5,A1,A6,1000,0.035235025518921693
25004,5,C5,A3,A4,1000,0.018420372727127775
25004,5,C5,A3,A5,1000,0.04170123250753743
25004,5,C5,A3,A6,1000,0.05691677298313466
25004,5,C5,A4,A5,1000,0.023282820520858075
25004,5,C5,A4,A6,1000,0.03850081899651815
25004,5,C5,A5,A6,1000,0.015219486760369005
25004,5,C6,A1,A2,1000,0.24058452531443117
25004,5,C6,A1,A3,1000,0.2218731794948986
25004,5,C6,A1,A4,1000,0.12022358045273464
25004,5,C6,A1,A5,1000,0.06652892040699485
25004,5,C6,A1,A6,1000,0.07174047535143696
25004,5,C6,A2,A3,1000,0.018849415589621894
25004,5,C6,A2,A4,1000,0.12083574904761386
25004,5,C6,A2,A5,1000,0.1744339625130397
25004,5,C6,A2,A6,1000,0.16923995802494304
25004,5,C6,A3,A4,1000,0.1020188786645063
25004,5,C6,A3,A5,1000,0.15565549123098527
25004,5,C6,A3,A6,1000,0.1504571366470979
25004,5,C6,A4,A5,1000,0.053753004606997744
25004,5,C6,A4,A6,1000,0.048539903122625676
25004,5,C6,A5,A6,1000,0.005214944061858398
25004,5,C7,A1,A2,1000,0.1324586073109675
25004,5,C7,A1,A3,1000,0.13498626194614638
25004,5,C7,A1,A4,1000,0.08049614419063104
25004,5,C7,A1,A5,1000,0.054644082554452994
25004,5,C7,A1,A6,1000,0.017150744332669658
25004,5,C7,A2,A3,1000,0.0025334870422909273
25004,5,C7,A2,A4,1000,0.052033558758624775
25004,5,C7,A2,A5,1000,0.07788666778498796
25004,5,C7,A2,A6,1000,0.11534136146055908
25004,5,C7,A3,A4,1000,0.054566109685849275
25004,5,C7,A3,A5,1000,0.08041809802068006
25004,5,C7,A3,A6,1000,0.11787040565200753
25004,5,C7,A4,A5,1000,0.025866601986063168
25004,5,C7,A4,A6,1000,0.06335658357915579
25004,5,C7,A5,A6,1000,0.03749783568234475
25005,0,C1,A1,A2,1000,0.012181588293165832
25005,0,C1,A1,A3,1000,0.014087367887495298
25005,0,C1,A1,A4,1000,0.07194665757142812
25005,0,C1,A1,A5,1000,0.08990272978287812
25005,0,C1,A1,A6,1000,0.08233555851949834
25005,0,C1,A2,A3,1000,0.02626852539564732
25005,0,C1,A2,A4,1000,0.08412120029143624
25005,0,C1,A2,A5,1000,0.10207363292372383
25005,0,C1,A2,A6,1000,0.09450808728066405
25005,0,C1,A3,A4,1000,0.05786489734174673
25005,0,C1,A3,A5,1000,0.0758245476026215
25005,0,C1,A3,A6,1000,0.06825576206316719
25005,0,C1,A4,A5,1000,0.01796721448717121
25005,0,C1,A4,A6,1000,0.01039480257035582
25005,0,C1,A5,A6,1000,0.007572548268369063
25005,0,C2,A1,A2,1000,0.0187333438144725
25005,0,C2,A1,A3,1000,0.031831604217163675
25005,0,C2,A1,A4,1000,0.06215797399234617
25005,0,C2,A1,A5,1000,0.1082559659262339
25005,0,C2,A1,A6,1000,0.07168213151357224
25005,0,C2,A2,A3,1000,0.013099280376507106
25005,0,C2,A2,A4,1000,0.04343122103677886
25005,0,C2,A2,A5,1000,0.08954624985937898
25005,0,C2,A2,A6,1000,0.05295805134588324
25005,0,C2,A3,A4,1000,0.030334186670969335
25005,0,C2,A3,A5,1000,0.07645863423178222
25005,0,C2,A3,A6,1000,0.0398623689590251
25005,0,C2,A4,A5,1000,0.04613837519029417
25005,0,C2,A4,A6,1000,0.009529680968938822
25005,0,C2,A5,A6,1000,0.03661079314516891
25005,0,C3,A1,A2,1000,0.023125940733310396
25005,0,C3,A1,A3,1000,0.030533626936153333
25005,0,C3,A1,A4,1000,0.06428076405483225
25005,0,C3,A1,A6,1000,0.10661119314575554
25005,0,C3,A2,A3,1000,0.007408355901543342
25005,0,C3,A2,A4,1000,0.04116264530462159
25005,0,C3,A2,A6,1000,0.0835115551691677
25005,0,C3,A3,A4,1000,0.03375560433620885
25005,0,C3,A3,A6,1000,0.07610921596462511
25005,0,C3,A4,A6,1000,0.042367539468191925
25005,0,C4,A1,A2,1000,0.02314279631360497
25005,0,C4,A1,A3,1000,0.0818933604770719
25005,0,C4,A1,A4,1000,0.10512665936141266
25005,0,C4,A1,A5,1000,0.1159504186312424
25005,0,C4,A1,A6,1000,0.12050633289541646
25005,0,C4,A2,A3,1000,0.05876578449403074
25005,0,C4,A2,A4,1000,0.08201104337781191
25005,0,C4,A2,A5,1000,0.09284151413627618
25005,0,C4,A2,A6,1000,0.09740046949930842
25005,0,C4,A3,A4,1000,0.023260402092430608
25005,0,C4,A3,A5,1000,0.034100842957169225
25005,0,C4,A3,A6,1000,0.03866454856879743
25005,0,C4,A4,A5,1000,0.01084159784561996
25005,0,C4,A4,A6,1000,0.015406010502264068
25005,0,C4,A5,A6,1000,0.004564515235589513
25005,0,C5,A1,A3,1000,0.13461128939499722
25005,0,C5,A1,A4,1000,0.15184069271602907
25005,0,C5,A1,A5,1000,0.18997565485553466
25005,0,C5,A1,A6,1000,0.1902165560677732
25005,0,C5,A3,A4,1000,0.017265201076053047
25005,0,C5,A3,A5,1000,0.05550808788955946
25005,0,C5,A3,A6,1000,0.05574979644838286
25005,0,C5,A4,A5,1000,0.03824659566725512
25005,0,C5,A4,A6,1000,0.038488343934892914
25005,0,C5,A5,A6,1000,0.0002417843384848498
25005,0,C6,A1,A2,1000,0.0669830139753947
25005,0,C6,A1,A3,1000,0.1020156234675144
25005,0,C6,A1,A4,1000,0.15235078952145245
25005,0,C6,A1,A5,1000,0.20807489284174596
25005,0,C6,A1,A6,1000,0.2652549266506835
25005,0,C6,A2,A3,1000,0.03506505587201971
25005,0,C6,A2,A4,1000,0.08548504632941228
25005,0,C6,A2,A5,1000,0.14135527431000688
25005,0,C6,A2,A6,1000,0.19874270464387211
25005,0,C6,A3,A4,1000,0.05044012883594153
25005,0,C6,A3,A5,1000,0.10636037148300702
25005,0,C6,A3,A6,1000,0.1638298672363205
25005,0,C6,A4,A5,1000,0.05596030792855044
25005,0,C6,A4,A6,1000,0.1135156544142967
25005,0,C6,A5,A6,1000,0.05760530276705118
25005,0,C7,A1,A2,1000,0.035771661994420154
25005,0,C7,A1,A3,1000,0.04487889628616382
25005,0,C7,A1,A4,1000,0.08286369826268104
25005,0,C7,A1,A5,1000,0.10860473997588957
25005,0,C7,A1,A6,1000,0.14050845059844988
25005,0,C7,A2,A3,1000,0.009109200895672645
25005,0,C7,A2,A4,1000,0.047110755678182605
25005,0,C7,A2,A5,1000,0.07287096458855573
25005,0,C7,A2,A6,1000,0.10480718004795918
25005,0,C7,A3,A4,1000,0.03800373532556197
25005,0,C7,A3,A5,1000,0.06376741769483882
25005,0,C7,A3,A6,1000,0.09571017695812975
25005,0,C7,A4,A5,1000,0.025772019311037384
25005,0,C7,A4,A6,1000,0.05773448249834694
25005,0,C7,A5,A6,1000,0.03196883118135817
25005,1,C1,A1,A2,1000,0.0072527788171466824
25005,1,C1,A1,A3,1000,0.04867564409851532
25005,1,C1,A1,A4,1000,0.10801065325419687
25005,1,C1,A1,A5,1000,0.10120985658469743
25005,1,C1,A1,A6,1000,0.02411228645533722
25005,1,C1,A2,A3,1000,0.04142426445863424
25005,1,C1,A2,A4,1000,0.10076544363102093
25005,1,C1,A2,A5,1000,0.09396368957254804
25005,1,C1,A2,A6,1000,0.03136454113703877
25005,1,C1,A3,A4,1000,0.059365012849062995
25005,1,C1,A3,A5,1000,0.05255909342723283
25005,1,C1,A3,A6,1000,0.07277976479513772
25005,1,C1,A4,A5,1000,0.0068079794270070795
25005,1,C1,A4,A6,1000,0.1320900044118317
25005,1,C1,A5,A6,1000,0.1252928761980475
25005,1,C2,A1,A2,1000,0.016521760976413346
25005,1,C2,A1,A3,1000,0.032250229170723684
25005,1,C2,A1,A4,1000,0.08289178979465237
25005,1,C2,A1,A5,1000,0.12730370762008225
25005,1,C2,A1,A6,1000,0.011753301382081898
25005,1,C2,A2,A3,1000,0.015729559458391006
25005,1,C2,A2,A4,1000,0.06638185298578457
25005,1,C2,A2,A5,1000,0.11081227897331669
25005,1,C2,A2,A6,1000,0.028274345719798984
25005,1,C2,A3,A4,1000,0.05065917471200169
25005,1,C2,A3,A5,1000,0.09510431935202755
25005,1,C2,A3,A6,1000,0.04400135582450222
25005,1,C2,A4,A5,1000,0.044473200834975184
25005,1,C2,A4,A6,1000,0.09463309459760168
25005,1,C2,A5,A6,1000,0.13902994848732186
25005,1,C3,A1,A2,1000,0.018988609635602637
25005,1,C3,A1,A3,1000,0.03999335789504178
25005,1,C3,A1,A4,1000,0.07926749196593766
25005,1,C3,A1,A6,1000,0.05611676333857132
25005,1,C3,A2,A3,1000,0.021006786146159348
25005,1,C3,A2,A4,1000,0.06029047658593376
25005,1,C3,A2,A6,1000,0.07509510415259438
25005,1,C3,A3,A4,1000,0.039290055816573334
25005,1,C3,A3,A6,1000,0.09608249092460078
25005,1,C3,A4,A6,1000,0.1353072852031977
25005,1,C4,A1,A2,1000,0.030150172607329648
25005,1,C4,A1,A3,1000,0.060556176725972494
25005,1,C4,A1,A4,1000,0.08892566871880012
25005,1,C4,A1,A5,1000,0.09000351474735042
25005,1,C4,A1,A6,1000,0.018445840960914645
25005,1,C4,A2,A3,1000,0.030413503353726647
25005,1,C4,A2,A4,1000,0.05879674825051144
25005,1,C4,A2,A5,1000,0.0598752451854965
25005,1,C4,A2,A6,1000,0.011705214025266222
25005,1,C4,A3,A4,1000,0.02839007530210686
25005,1,C4,A3,A5,1000,0.02946896177136116
25005,1,C4,A3,A6,1000,0.04211669498009499
25005,1,C4,A4,A5,1000,0.0010790079859994317
25005,1,C4,A4,A6,1000,0.07049542730658505
25005,1,C4,A5,A6,1000,0.07157370287152329
25005,1,C5,A1,A3,1000,0.08648907378171203
25005,1,C5,A1,A4,1000,0.10147603189821895
25005,1,C5,A1,A5,1000,0.15115065798289784
25005,1,C5,A1,A6,1000,0.021954494528580695
25005,1,C5,A3,A4,1000,0.015000274243651357
25005,1,C5,A3,A5,1000,0.06474715439740411
25005,1,C5,A3,A6,1000,0.06454700554431715
25005,1,C5,A4,A5,1000,0.04975177783424492
25005,1,C5,A4,A6,1000,0.07953949115360658
25005,1,C5,A5,A6,1000,0.1292395394568709
25005,1,C6,A1,A2,1000,0.05243607937690129
25005,1,C6,A1,A3,1000,0.10699338686876596
25005,1,C6,A1,A4,1000,0.11061818807867027
25005,1,C6,A1,A5,1000,0.17932952506292063
25005,1,C6,A1,A6,1000,0.19902794250046235
25005,1,C6,A2,A3,1000,0.054598067057148744
25005,1,C6,A2,A4,1000,0.05822704833816584
25005,1,C6,A2,A5,1000,0.12705264350268689
25005,1,C6,A2,A6,1000,0.25109880850673577
25005,1,C6,A3,A4,1000,0.003630521718359492
25005,1,C6,A3,A5,1000,0.07252220998659197
25005,1,C6,A3,A6,1000,0.30512761492766993
25005,1,C6,A4,A5,1000,0.0688941483729454
25005,1,C6,A4,A6,1000,0.3087120115902017
25005,1,C6,A5,A6,1000,0.37653345181231807
25005,1,C7,A1,A2,1000,0.02968517071401043
25005,1,C7,A1,A3,1000,0.0680368238782334
25005,1,C7,A1,A4,1000,0.06686251019438816
25005,1,C7,A1,A5,1000,0.09665596320627835
25005,1,C7,A1,A6,1000,0.04974339909044245
25005,1,C7,A2,A3,1000,0.03836200084786574
25005,1,C7,A2,A4,1000,0.03718719744606123
25005,1,C7,A2,A5,1000,0.06699645314197707
25005,1,C7,A2,A6,1000,0.07941279505450871
25005,1,C7,A3,A4,1000,0.0011750272059711294
25005,1,C7,A3,A5,1000,0.028644288871739542
25005,1,C7,A3,A6,1000,0.11772680170599295
25005,1,C7,A4,A5,1000,0.02981918174320548
25005,1,C7,A4,A6,1000,0.11655392851806469
25005,1,C7,A5,A6,1000,0.14630522502510065
25005,2,C1,A1,A2,1000,0.023574702118462798
25005,2,C1,A1,A3,1000,0.07630923864963216
25005,2,C1,A1,A4,1000,0.13645967166368966
25005,2,C1,A1,A5,1000,0.0976081776636773
25005,2,C1,A1,A6,1000,0.020122601662233248
25005,2,C1,A2,A3,1000,0.05274365400853008
25005,2,C1,A2,A4,1000,0.11292002219432111
25005,2,C1,A2,A5,1000,0.12115624803455309
25005,2,C1,A2,A6,1000,0.04369532077725489
25005,2,C1,A3,A4,1000,0.06021124016104403
25005,2,C1,A3,A5,1000,0.17379372443571184
25005,2,C1,A3,A6,1000,0.0964176499729206
25005,2,C1,A4,A5,1000,0.23376991675429334
25005,2,C1,A4,A6,1000,0.15654094281308126
25005,2,C1,A5,A6,1000,0.07750012324010958
25005,2,C2,A1,A2,1000,0.014558090559921688
25005,2,C2,A1,A3,1000,0.03259037964934394
25005,2,C2,A1,A4,1000,0.09944529169606202
25005,2,C2,A1,A5,1000,0.17354559780579273
25005,2,C2,A1,A6,1000,0.012997703787965725
25005,2,C2,A2,A3,1000,0.018033401874119292
25005,2,C2,A2,A4,1000,0.08490320657664056
25005,2,C2,A2,A5,1000,0.18804083875351799
25005,2,C2,A2,A6,1000,0.02755511548487128
25005,2,C2,A3,A4,1000,0.06688316126230105
25005,2,C2,A3,A5,1000,0.20598225624143043
25005,2,C2,A3,A6,1000,0.04558557076856585
25005,2,C2,A4,A5,1000,0.27237533206785913
25005,2,C2,A4,A6,1000,0.11242408878920758
25005,2,C2,A5,A6,1000,0.16059603058473235
25005,2,C3,A1,A2,1000,0.015352473137984907
25005,2,C3,A1,A3,1000,0.04778644067742292
25005,2,C3,A1,A4,1000,0.09125094983140956
25005,2,C3,A1,A6,1000,0.037661760534170724
25005,2,C3,A2,A3,1000,0.03243700905432637
25005,2,C3,A2,A4,1000,0.07591209716694917
25005,2,C3,A2,A6,1000,0.05301031574975353
25005,2,C3,A3,A4,1000,0.04348885437050323
25005,2,C3,A3,A6,1000,0.08542856053109056
25005,2,C3,A4,A6,1000,0.12885611563821797
25005,2,C4,A1,A2,1000,0.03508485808377643
25005,2,C4,A1,A3,1000,0.04344484988997761
25005,2,C4,A1,A4,1000,0.07607882684770519
25005,2,C4,A1,A5,1000,0.030601547469027223
25005,2,C4,A1,A6,1000,0.003156481888408706
25005,2,C4,A2,A3,1000,0.00836170651469863
25005,2,C4,A2,A4,1000,0.041008696548976646
25005,2,C4,A2,A5,1000,0.06567689454652816
25005,2,C4,A2,A6,1000,0.038240769551564815
25005,2,C4,A3,A4,1000,0.032648498185391735
25005,2,C4,A3,A5,1000,0.07403312786934751
25005,2,C4,A3,A6,1000,0.04660047129911588
25005,2,C4,A4,A5,1000,0.10664694656478865
25005,2,C4,A4,A6,1000,0.07923274867989342
25005,2,C4,A5,A6,1000,0.027445424146110144
25005,2,C5,A1,A3,1000,0.04934866279556974
25005,2,C5,A1,A4,1000,0.06231873819593406
25005,2,C5,A1,A5,1000,0.07546026883652597
25005,2,C5,A1,A6,1000,0.00847790427258795
25005,2,C5,A3,A4,1000,0.012974112262270144
25005,2,C5,A3,A5,1000,0.12476188492791819
25005,2,C5,A3,A6,1000,0.05782412008781074
25005,2,C5,A4,A5,1000,0.13771345854435962
25005,2,C5,A4,A6,1000,0.0707928598072537
25005,2,C5,A5,A6,1000,0.06698671598772786
25005,2,C6,A1,A2,1000,0.042544366416823444
25005,2,C6,A1,A3,1000,0.10910078845760281
25005,2,C6,A1,A4,1000,0.08005182445048944
25005,2,C6,A1,A5,1000,0.16611477230298188
25005,2,C6,A1,A6,1000,0.10653773188944
25005,2,C6,A2,A3,1000,0.06659782435921649
25005,2,C6,A2,A4,1000,0.0375245268761888
25005,2,C6,A2,A5,1000,0.20846119385310014
25005,2,C6,A2,A6,1000,0.1489919431009358
25005,2,C6,A3,A4,1000,0.029083137757204464
25005,2,C6,A3,A5,1000,0.2745508365053383
25005,2,C6,A3,A6,1000,0.2153052707817724
25005,2,C6,A4,A5,1000,0.24572917964451235
25005,2,C6,A4,A6,1000,0.1863777568854987
25005,2,C6,A5,A6,1000,0.059722966320707366
25005,2,C7,A1,A2,1000,0.02476174479577827
25005,2,C7,A1,A3,1000,0.08434081276967752
25005,2,C7,A1,A4,1000,0.05351705109066078
25005,2,C7,A1,A5,1000,0.05777113008065523
25005,2,C7,A1,A6,1000,0.03769142568606216
25005,2,C7,A2,A3,1000,0.05959569814436213
25005,2,C7,A2,A4,1000,0.02876039480951015
25005,2,C7,A2,A5,1000,0.08251708244855718
25005,2,C7,A2,A6,1000,0.0624453805239277
25005,2,C7,A3,A4,1000,0.03084238664483987
25005,2,C7,A3,A5,1000,0.1420195574788754
25005,2,C7,A3,A6,1000,0.12198047810967853
25005,2,C7,A4,A5,1000,0.11124222644405779
25005,2,C7,A4,A6,1000,0.09118391479118731
25005,2,C7,A5,A6,1000,0.02008558205133435
25005,3,C1,A1,A2,1000,0.03745667384248989
25005,3,C1,A1,A3,1000,0.09886990655432909
25005,3,C1,A1,A4,1000,0.24200098193826508
25005,3,C1,A1,A5,1000,0.06624804058217212
25005,3,C1,A1,A6,1000,0.016575781607790222
25005,3,C1,A2,A3,1000,0.06143523553799222
25005,3,C1,A2,A4,1000,0.2792159020024367
25005,3,C1,A2,A5,1000,0.10368009565284692
25005,3,C1,A2,A6,1000,0.05402923803898678
25005,3,C1,A3,A4,1000,0.3400950362677218
25005,3,C1,A3,A5,1000,0.1650142680482812
25005,3,C1,A3,A6,1000,0.11542747870373334
25005,3,C1,A4,A5,1000,0.17602408585880477
25005,3,C1,A4,A6,1000,0.22551183296729052
25005,3,C1,A5,A6,1000,0.04967747277268879
25005,3,C2,A1,A2,1000,0.012804641695910057
25005,3,C2,A1,A3,1000,0.03286535297254067
25005,3,C2,A1,A4,1000,0.15474520067479505
25005,3,C2,A1,A5,1000,0.10064473970719816
25005,3,C2,A1,A6,1000,0.014093345334370042
25005,3,C2,A2,A3,1000,0.020061809687864956
25005,3,C2,A2,A4,1000,0.16750629666575428
25005,3,C2,A2,A5,1000,0.11343029974684861
25005,3,C2,A2,A6,1000,0.026897355720956743
25005,3,C2,A3,A4,1000,0.18748570555989358
25005,3,C2,A3,A5,1000,0.13345254320143604
25005,3,C2,A3,A6,1000,0.04695586968810735
25005,3,C2,A4,A5,1000,0.054213121244558495
25005,3,C2,A4,A6,1000,0.14069223832402486
25005,3,C2,A5,A6,1000,0.08656745697252803
25005,3,C3,A1,A2,1000,0.012136632622375697
25005,3,C3,A1,A3,1000,0.05427700368542462
25005,3,C3,A1,A4,1000,0.1341935844133103
25005,3,C3,A1,A6,1000,0.022551651243921285
25005,3,C3,A2,A3,1000,0.04214392857812451
25005,3,C3,A2,A4,1000,0.14629967319652415
25005,3,C3,A2,A6,1000,0.034687071077347566
25005,3,C3,A3,A4,1000,0.18829515639209612
25005,3,C3,A3,A6,1000,0.07681662888509451
25005,3,C3,A4,A6,1000,0.11168538044820218
25005,3,C4,A1,A2,1000,0.03866463363404541
25005,3,C4,A1,A3,1000,0.029448774862125063
25005,3,C4,A1,A4,1000,0.09497124686759781
25005,3,C4,A1,A5,1000,0.04171913434186391
25005,3,C4,A1,A6,1000,0.021074778054344257
25005,3,C4,A2,A3,1000,0.009217272966366888
25005,3,C4,A2,A4,1000,0.1335698228645438
25005,3,C4,A2,A5,1000,0.08036632801104815
25005,3,C4,A2,A6,1000,0.059732862985561595
25005,3,C4,A3,A4,1000,0.12437315594038609
25005,3,C4,A3,A5,1000,0.07115614795583816
25005,3,C4,A3,A6,1000,0.050519334860767755
25005,3,C4,A4,A5,1000,0.053280693429322706
25005,3,C4,A4,A6,1000,0.07391646315592341
25005,3,C4,A5,A6,1000,0.020646801636680267
25005,3,C5,A1,A3,1000,0.019742713657285423
25005,3,C5,A1,A4,1000,0.0665428976138109
25005,3,C5,A1,A5,1000,0.07723541433910545
25005,3,C5,A1,A6,1000,0.032182552659761735
25005,3,C5,A3,A4,1000,0.08627414812301039
25005,3,C5,A3,A5,1000,0.09696317629636743
25005,3,C5,A3,A6,1000,0.0519219276981001
25005,3,C5,A4,A5,1000,0.010698082381093458
25005,3,C5,A4,A6,1000,0.03436778950540299
25005,3,C5,A5,A6,1000,0.04506419279536661
25005,3,C6,A1,A2,1000,0.03539612262126517
25005,3,C6,A1,A3,1000,0.1097150258331811
25005,3,C6,A1,A4,1000,0.09629105186675842
25005,3,C6,A1,A5,1000,0.11659326481137307
25005,3,C6,A1,A6,1000,0.05660365110435028
25005,3,C6,A2,A3,1000,0.07435831732908144
25005,3,C6,A2,A4,1000,0.13162743207859312
25005,3,C6,A2,A5,1000,0.15190593981534298
25005,3,C6,A2,A6,1000,0.0919751883043272
25005,3,C6,A3,A4,1000,0.2057150904635431
25005,3,C6,A3,A5,1000,0.22592196865984657
25005,3,C6,A3,A6,1000,0.16617991481791047
25005,3,C6,A4,A5,1000,0.02033273187077202
25005,3,C6,A4,A6,1000,0.03971622664476723
25005,3,C6,A5,A6,1000,0.060042436414344126
25005,3,C7,A1,A2,1000,0.02070691746282213
25005,3,C7,A1,A3,1000,0.09620753165142316
25005,3,C7,A1,A4,1000,0.06091228636095701
25005,3,C7,A1,A5,1000,0.05259728630837775
25005,3,C7,A1,A6,1000,0.028312250890878896
25005,3,C7,A2,A3,1000,0.07552082357375704
25005,3,C7,A2,A4,1000,0.08160546330828118
25005,3,C7,A2,A5,1000,0.07329354803245174
25005,3,C7,A2,A6,1000,0.049015332214965186
25005,3,C7,A3,A4,1000,0.1569968729199919
25005,3,C7,A3,A5,1000,0.14870422933310734
25005,3,C7,A3,A6,1000,0.12447440379532561
25005,3,C7,A4,A5,1000,0.008318566332797228
25005,3,C7,A4,A6,1000,0.032607551637456565
25005,3,C7,A5,A6,1000,0.024289868539883738
25005,4,C1,A1,A2,1000,0.04938746317865836
25005,4,C1,A1,A3,1000,0.1909894240201684
25005,4,C1,A1,A4,1000,0.140610588109935
25005,4,C1,A1,A5,1000,0.040432216046550194
25005,4,C1,A1,A6,1000,0.013404665308827293
25005,4,C1,A2,A3,1000,0.2401606682218726
25005,4,C1,A2,A4,1000,0.1898720221002009
25005,4,C1,A2,A5,1000,0.08980245013435978
25005,4,C1,A2,A6,1000,0.06278812703493414
25005,4,C1,A3,A4,1000,0.05050903140024859
25005,4,C1,A3,A5,1000,0.15066839010726477
25005,4,C1,A3,A6,1000,0.17762818793624166
25005,4,C1,A4,A5,1000,0.10023280444202236
25005,4,C1,A4,A6,1000,0.127228827690983
25005,4,C1,A5,A6,1000,0.02702895377800076
25005,4,C2,A1,A2,1000,0.011230982735964463
25005,4,C2,A1,A3,1000,0.06971739199091301
25005,4,C2,A1,A4,1000,0.0996797888806538
25005,4,C2,A1,A5,1000,0.04901509840468695
25005,4,C2,A1,A6,1000,0.01506229686326067
25005,4,C2,A2,A3,1000,0.08094012962515743
25005,4,C2,A2,A4,1000,0.11089460432080776
25005,4,C2,A2,A5,1000,0.06024176805191008
25005,4,C2,A2,A6,1000,0.02629270101298305
25005,4,C2,A3,A4,1000,0.029989690976688646
25005,4,C2,A3,A5,1000,0.02071152431771116
25005,4,C2,A3,A6,1000,0.05466256865806517
25005,4,C2,A4,A5,1000,0.050697068166753116
25005,4,C2,A4,A6,1000,0.08463406167423844
25005,4,C2,A5,A6,1000,0.03395606326520227
25005,4,C3,A1,A2,1000,0.009276657885075434
25005,4,C3,A1,A3,1000,0.10757965415482769
25005,4,C3,A1,A4,1000,0.09160848369663553
25005,4,C3,A1,A6,1000,0.009985762484559573
25005,4,C3,A2,A3,1000,0.1168414120260703
25005,4,C3,A2,A4,1000,0.10087419018876033
25005,4,C3,A2,A6,1000,0.019262192012318546
25005,4,C3,A3,A4,1000,0.015991419459902113
25005,4,C3,A3,A6,1000,0.09760729634973785
25005,4,C3,A4,A6,1000,0.08163226322160101
25005,4,C4,A1,A2,1000,0.041314198076479354
25005,4,C4,A1,A3,1000,0.09636832019846574
25005,4,C4,A1,A4,1000,0.0870901495259887
25005,4,C4,A1,A5,1000,0.05078854192361527
25005,4,C4,A1,A6,1000,0.03614569030951843
25005,4,C4,A2,A3,1000,0.13760878711336536
25005,4,C4,A2,A4,1000,0.12834219013178405
25005,4,C4,A2,A5,1000,0.09207669917238218
25005,4,C4,A2,A6,1000,0.0774442879382801
25005,4,C4,A3,A4,1000,0.009288695374640185
25005,4,C4,A3,A5,1000,0.0456098536643487
25005,4,C4,A3,A6,1000,0.06025088885754911
25005,4,C4,A4,A5,1000,0.036323244876095236
25005,4,C4,A4,A6,1000,0.05096605550489287
25005,4,C4,A5,A6,1000,0.014646468801786529
25005,4,C5,A1,A3,1000,0.10971798910621089
25005,4,C5,A1,A4,1000,0.08704735865534824
25005,4,C5,A1,A5,1000,0.07838678587434145
25005,4,C5,A1,A6,1000,0.05112119095190339
25005,4,C5,A3,A4,1000,0.02269254530996504
25005,4,C5,A3,A5,1000,0.031358474092985006
25005,4,C5,A3,A6,1000,0.058630055629487386
25005,4,C5,A4,A5,1000,0.00866655338639482
25005,4,C5,A4,A6,1000,0.03594234977446857
25005,4,C5,A5,A6,1000,0.027276655874236576
25005,4,C6,A1,A2,1000,0.030003647893657788
25005,4,C6,A1,A3,1000,0.3494288240216063
25005,4,C6,A1,A4,1000,0.0994809021819321
25005,4,C6,A1,A5,1000,0.08494138636467864
25005,4,C6,A1,A6,1000,0.02543849415580398
25005,4,C6,A2,A3,1000,0.3788992814226437
25005,4,C6,A2,A4,1000,0.12943270494892065
25005,4,C6,A2,A5,1000,0.11490566741843683
25005,4,C6,A2,A6,1000,0.05543640305592717
25005,4,C6,A3,A4,1000,0.2511408126826385
25005,4,C6,A3,A5,1000,0.26556149099675597
25005,4,C6,A3,A6,1000,0.3243795939703773
25005,4,C6,A4,A5,1000,0.014555885582837895
25005,4,C6,A4,A6,1000,0.07406742556958103
25005,4,C6,A5,A6,1000,0.05952007643467467
25005,4,C7,A1,A2,1000,0.017317885145616843
25005,4,C7,A1,A3,1000,0.23554349298066996
25005,4,C7,A1,A4,1000,0.06357537563039511
25005,4,C7,A1,A5,1000,0.04833359210350147
25005,4,C7,A1,A6,1000,0.0208348908245919
25005,4,C7,A2,A3,1000,0.25272313203176594
25005,4,C7,A2,A4,1000,0.08088136562981
25005,4,C7,A2,A5,1000,0.06564413366716075
25005,4,C7,A2,A6,1000,0.03815093378179852
25005,4,C7,A3,A4,1000,0.1723170472822994
25005,4,C7,A3,A5,1000,0.1874980078091188
25005,4,C7,A3,A6,1000,0.21485048347178548
25005,4,C7,A4,A5,1000,0.015248038547693576
25005,4,C7,A4,A6,1000,0.04274804340864453
25005,4,C7,A5,A6,1000,0.027502398948288487
25005,5,C1,A1,A2,1000,0.13090652716597967
25005,5,C1,A1,A3,1000,0.125719663013904
25005,5,C1,A1,A4,1000,0.07052173262568788
25005,5,C1,A1,A5,1000,0.018798116877715487
25005,5,C1,A1,A6,1000,0.010555012626489243
25005,5,C1,A2,A3,1000,0.0051950341502574665
25005,5,C1,A2,A4,1000,0.06043809277678488
25005,5,C1,A2,A5,1000,0.11213478426073614
25005,5,C1,A2,A6,1000,0.12036741320247372
25005,5,C1,A3,A4,1000,0.05524472038782346
25005,5,C1,A3,A5,1000,0.1069457065773435
25005,5,C1,A3,A6,1000,0.1151792633939577
25005,5,C1,A4,A5,1000,0.051730185041747506
25005,5,C1,A4,A6,1000,0.05997099776324995
25005,5,C1,A5,A6,1000,0.008243261455368363
25005,5,C2,A1,A2,1000,0.07279450653940935
25005,5,C2,A1,A3,1000,0.06272212475468068
25005,5,C2,A1,A4,1000,0.0584099642780632
25005,5,C2,A1,A5,1000,0.010266676140591405
25005,5,C2,A1,A6,1000,0.015922536823595596
25005,5,C2,A2,A3,1000,0.010078375729216455
25005,5,C2,A2,A4,1000,0.014392511923029446
25005,5,C2,A2,A5,1000,0.06253390911065386
25005,5,C2,A2,A6,1000,0.05688054539756322
25005,5,C2,A3,A4,1000,0.004314218023057754
25005,5,C2,A3,A5,1000,0.052459842145811016
25005,5,C2,A3,A6,1000,0.04680566755758165
25005,5,C2,A4,A5,1000,0.048147043215841116
25005,5,C2,A4,A6,1000,0.04249256725930185
25005,5,C2,A5,A6,1000,0.0056559810102266945
25005,5,C3,A1,A2,1000,0.07613721463706936
25005,5,C3,A1,A3,1000,0.08510334101138708
25005,5,C3,A1,A4,1000,0.05881240057556939
25005,5,C3,A1,A6,1000,0.0005970693748406401
25005,5,C3,A2,A3,1000,0.008973559033388843
25005,5,C3,A2,A4,1000,0.0173347304119358
25005,5,C3,A2,A6,1000,0.07673383813614193
25005,5,C3,A3,A4,1000,0.026307764729824008
25005,5,C3,A3,A6,1000,0.08569985389278528
25005,5,C3,A4,A6,1000,0.059409203132933415
25005,5,C4,A1,A2,1000,0.19390428413920305
25005,5,C4,A1,A3,1000,0.09767842694276199
25005,5,C4,A1,A4,1000,0.08068583993912305
25005,5,C4,A1,A5,1000,0.05828067382675231
25005,5,C4,A1,A6,1000,0.04896511325255089
25005,5,C4,A2,A3,1000,0.0964732733597286
25005,5,C4,A2,A4,1000,0.11345844545086156
25005,5,C4,A2,A5,1000,0.13583080922315632
25005,5,C4,A2,A6,1000,0.14512505458594965
25005,5,C4,A3,A4,1000,0.01701062650709502
25005,5,C4,A3,A5,1000,0.03942794962993066
25005,5,C4,A3,A6,1000,0.04874467935948873
25005,5,C4,A4,A5,1000,0.022419350512902603
25005,5,C4,A4,A6,1000,0.031737599362300556
25005,5,C4,A5,A6,1000,0.00931914120524913
25005,5,C5,A1,A3,1000,0.12361258636364364
25005,5,C5,A1,A4,1000,0.10382681619085508
25005,5,C5,A1,A5,1000,0.07911689119607829
25005,5,C5,A1,A6,1000,0.06654876417176342
25005,5,C5,A3,A4,1000,0.019811496628245304
25005,5,C5,A3,A5,1000,0.044539799434716774
25005,5,C5,A3,A6,1000,0.057111411885318555
25005,5,C5,A4,A5,1000,0.02473051002358163
25005,5,C5,A4,A6,1000,0.03730418414166796
25005,5,C5,A5,A6,1000,0.012574847848156734
25005,5,C6,A1,A2,1000,0.22407517542073696
25005,5,C6,A1,A3,1000,0.2238219424426353
25005,5,C6,A1,A4,1000,0.10159357360634091
25005,5,C6,A1,A5,1000,0.06302407082547169
25005,5,C6,A1,A6,1000,0.004387354069115283
25005,5,C6,A2,A3,1000,0.0002549502335706966
25005,5,C6,A2,A4,1000,0.1228540343995523
25005,5,C6,A2,A5,1000,0.16135457674137957
25005,5,C6,A2,A6,1000,0.2197166646258514
25005,5,C6,A3,A4,1000,0.12259960774453524
25005,5,C6,A3,A5,1000,0.16110052398177552
25005,5,C6,A3,A6,1000,0.2194633662223857
25005,5,C6,A4,A5,1000,0.0386026629274906
25005,5,C6,A4,A6,1000,0.09721208138218089
25005,5,C6,A5,A6,1000,0.05863892523074279
25005,5,C7,A1,A2,1000,0.12460322794954555
25005,5,C7,A1,A3,1000,0.15769178459886005
25005,5,C7,A1,A4,1000,0.06572758754727137
25005,5,C7,A1,A5,1000,0.04475713925928278
25005,5,C7,A1,A6,1000,0.014759168415066562
25005,5,C7,A2,A3,1000,0.03317598784624453
25005,5,C7,A2,A4,1000,0.0589400952649898
25005,5,C7,A2,A5,1000,0.07990557385835356
25005,5,C7,A2,A6,1000,0.10987103296286999
25005,5,C7,A3,A4,1000,0.09209177479319064
25005,5,C7,A3,A5,1000,0.11304120438902936
25005,5,C7,A3,A6,1000,0.1429770355628172
25005,5,C7,A4,A5,1000,0.02097869187875477
25005,5,C7,A4,A6,1000,0.05097503212057336
25005,5,C7,A5,A6,1000,0.03000062413329023
