seed,tau,criterion,min_active_g,max_active_g,min_headroom,max_headroom,min_shape,max_shape,min_shape_derivative,min_total_derivative_margin_vs_theta,max_class_ceiling_excess,structural_zero_max_abs,lower_bound_ok,class_ceiling_ok,headroom_nonnegative_ok,shape_bounds_ok,monotonicity_ok,derivative_floor_ok,structural_zero_ok,profile_min,profile_max,profile_mean
27001,0.0,C1,1.636045261801795e-05,0.3999403932831779,0.009215530710115383,0.1757477326905216,8.782848997272966e-09,0.9999999293786789,0.00018743371091959916,8.952990366961622e-06,-4.89099331131837e-05,0.0,True,True,True,True,True,True,True,-1.0,1.0,5.551115123125783e-17
27001,0.0,C2,0.001017931588270393,0.39906204300855164,0.02481476659829218,0.13893364927609983,3.370762604784536e-05,0.9999922875542426,0.0055542580989127455,0.00026776161974401136,-0.0004784727788677279,0.0,True,True,True,True,True,True,True,-1.0,1.0,3.700743415417188e-17
27001,0.0,C3,0.0006696245563634685,0.39935041314981956,0.05619909929983308,0.16049805052868193,2.1446262490531584e-05,0.9999973627307754,0.003247934250902418,0.00019064975797825068,-0.0002296233505708345,0.0,True,True,True,True,True,True,True,-1.0,1.0,0.0
27001,0.0,C4,0.00040551248166388517,0.39893499167416185,0.008845066952482217,0.1522687383896801,3.537272705748513e-05,0.999991698392648,0.005762502009380999,0.00046099214813294376,-0.0003464182439166241,0.0,True,True,True,True,True,True,True,-1.0,1.0,5.551115123125783e-17
27001,0.0,C5,8.471400673293221e-05,0.3993566057511057,0.03353825484496559,0.17337342001749972,1.4783528407127602e-07,0.9999974127740031,0.0007689870846022735,2.5790484815879644e-05,-9.033537686514714e-05,0.0,True,True,True,True,True,True,True,-1.0,1.0,0.0
27001,0.0,C6,0.0011428785587820126,0.1988581907969573,0.017556349605209243,0.14132920413903466,7.365872439428293e-05,0.9999211785572151,0.017164932204268436,0.0006899584283983351,-0.0011418092030427152,0.0,True,True,True,True,True,True,True,-1.0,1.0,7.401486830834377e-17
27001,0.0,C7,0.0007500908872143579,0.399541049384464,0.018229279478251537,0.161171277303511,1.8722446684132995e-05,0.9999984233931175,0.0025112601478332053,0.00021131366957560793,-0.00014560184589479386,0.0,True,True,True,True,True,True,True,-1.0,1.0,5.551115123125783e-17
27001,0.1,C1,1.636043028605533e-05,0.39994039452400176,0.009215530710115383,0.1757477326905216,7.90464640764467e-09,0.9999999364389343,0.0001686929746823384,8.057817187157035e-06,-4.8909820452192054e-05,0.0,True,True,True,True,True,True,True,-1.0,1.0,5.551115123125783e-17
27001,0.1,C2,0.001017848429209673,0.3990620910236211,0.02481476659829218,0.13893364927609983,3.0356433507281188e-05,0.9999930566569727,0.005001146022748671,0.0002410969990555012,-0.0004784514080179436,0.0,True,True,True,True,True,True,True,-1.0,1.0,3.700743415417188e-17
27001,0.1,C3,0.0006695057349794657,0.39935041314981956,0.05619909929983308,0.16049805052868193,1.9311568029138007e-05,0.999997626029414,0.00292393200657954,0.00017163122352134574,-0.00022960789526360603,0.0,True,True,True,True,True,True,True,-1.0,1.0,0.0
27001,0.1,C4,0.00040504620557168484,0.39893501688282507,0.008845066952482217,0.1522687383896801,3.185649227247294e-05,0.9999925261614817,0.0051887422906485075,0.00041509216843313435,-0.00034635202356089745,0.0,True,True,True,True,True,True,True,-1.0,1.0,5.551115123125783e-17
27001,0.1,C5,8.549523606703108e-05,0.3993566057511057,0.03353825484496559,0.17337342001749972,1.330574398353534e-07,0.9999976710804512,0.0006921327267272675,2.321292377549522e-05,-9.02981626607069e-05,0.0,True,True,True,True,True,True,True,-1.0,1.0,0.0
27001,0.1,C6,0.0011423862559430873,0.19885875351114826,0.017556349605209243,0.14132920413903466,6.635606930537868e-05,0.9999289907226808,0.015470536601159879,0.0006218508172820547,-0.0011412464888517493,0.0,True,True,True,True,True,True,True,-1.0,1.0,7.401486830834377e-17
27001,0.1,C7,0.000750040998427043,0.3995410548215198,0.018229279478251537,0.161171277303511,1.68583031140529e-05,0.9999985808558423,0.002260607115114642,0.0001902221023878381,-0.00014558859596278118,0.0,True,True,True,True,True,True,True,-1.0,1.0,5.551115123125783e-17
27001,0.2,C1,1.636040795409271e-05,0.3999403957648256,0.009215530710115383,0.1757477326905216,7.026443818016374e-09,0.9999999434991896,0.0001499522384450777,7.162644007407959e-06,-4.890970779120041e-05,0.0,True,True,True,True,True,True,True,-1.0,1.0,5.551115123125783e-17
27001,0.2,C2,0.001017765270148953,0.3990621390386906,0.02481476659829218,0.13893364927609983,2.700524096671701e-05,0.9999938257597027,0.004448033946584598,0.00021443237836699103,-0.00047843003716815935,0.0,True,True,True,True,True,True,True,-1.0,1.0,3.700743415417188e-17
27001,0.2,C3,0.0006693869135954628,0.39935041314981956,0.05619909929983308,0.16049805052868193,1.717687356774443e-05,0.9999978893280528,0.0025999297622566623,0.0001526126890644408,-0.00022959243995634981,0.0,True,True,True,True,True,True,True,-1.0,1.0,0.0
27001,0.2,C4,0.0004045799294794845,0.3989350420914882,0.008845066952482217,0.1522687383896801,2.834025748746075e-05,0.9999933539303156,0.004614982571916017,0.0003691921887333388,-0.00034628580320517077,0.0,True,True,True,True,True,True,True,-1.0,1.0,5.551115123125783e-17
27001,0.2,C5,8.627646540112996e-05,0.3993566057511057,0.03353825484496559,0.17337342001749972,1.1827959559943075e-07,0.9999979293868994,0.0006152783688522616,2.0635362735166307e-05,-9.026094845621113e-05,0.0,True,True,True,True,True,True,True,-1.0,1.0,0.0
27001,0.2,C6,0.0011418939531041617,0.19885931622533923,0.017556349605209243,0.14132920413903466,5.905341421647442e-05,0.9999368028881466,0.01377614099805132,0.0005537432061657466,-0.0011406837746607834,0.0,True,True,True,True,True,True,True,-1.0,1.0,7.401486830834377e-17
27001,0.2,C7,0.0007499911096397279,0.39954106025857555,0.018229279478251537,0.161171277303511,1.4994159543972803e-05,0.999998738318567,0.0020099540823960782,0.0001691305352000544,-0.00014557534603079625,0.0,True,True,True,True,True,True,True,-1.0,1.0,5.551115123125783e-17
27001,0.3,C1,1.636038562213009e-05,0.39994039700564943,0.009215530710115383,0.1757477326905216,6.148241228388076e-09,0.9999999505594449,0.00013121150220781695,6.267470827603372e-06,-4.8909595130236516e-05,0.0,True,True,True,True,True,True,True,-1.0,1.0,5.551115123125783e-17
27001,0.3,C2,0.001017682111088233,0.3990621870537601,0.02481476659829218,0.13893364927609983,2.365404842615284e-05,0.9999945948624326,0.003894921870420523,0.00018776775767842535,-0.0004784086663183751,0.0,True,True,True,True,True,True,True,-1.0,1.0,3.700743415417188e-17
27001,0.3,C3,0.00066926809221146,0.39935041314981956,0.05619909929983308,0.16049805052868193,1.504217910635085e-05,0.9999981526266912,0.002275927517933784,0.00013359415460753588,-0.0002295769846491491,0.0,True,True,True,True,True,True,True,-1.0,1.0,0.0
27001,0.3,C4,0.00040411365338728416,0.39893506730015144,0.008845066952482217,0.1522687383896801,2.4824022702448555e-05,0.9999941816991491,0.004041222853183526,0.0003232922090335433,-0.0003462195828494996,0.0,True,True,True,True,True,True,True,-1.0,1.0,5.551115123125783e-17
27001,0.3,C5,8.705769473522884e-05,0.3993566057511057,0.03353825484496559,0.17337342001749972,1.0350175136350811e-07,0.9999981876933474,0.0005384240109772556,1.8057801694781883e-05,-9.022373425177088e-05,0.0,True,True,True,True,True,True,True,-1.0,1.0,0.0
27001,0.3,C6,0.0011414016502652364,0.1988598789395302,0.017556349605209243,0.14132920413903466,5.175075912757016e-05,0.9999446150536122,0.012081745394942759,0.0004856355950494662,-0.0011401210604698175,0.0,True,True,True,True,True,True,True,-1.0,1.0,7.401486830834377e-17
27001,0.3,C7,0.0007499412208524129,0.3995410656956313,0.018229279478251537,0.161171277303511,1.3130015973892703e-05,0.9999988957812918,0.001759301049677515,0.00014803896801227068,-0.00014556209609878357,0.0,True,True,True,True,True,True,True,-1.0,1.0,5.551115123125783e-17
27001,0.4,C1,1.636036329016747e-05,0.3999403982464733,0.009215530710115383,0.1757477326905216,5.27003863875978e-09,0.9999999576197003,0.00011247076597055623,5.372297647854296e-06,-4.8909482469272625e-05,0.0,True,True,True,True,True,True,True,-1.0,1.0,5.551115123125783e-17
27001,0.4,C2,0.0010175989520275128,0.3990622350688296,0.02481476659829218,0.13893364927609983,2.0302855885588662e-05,0.9999953639651626,0.003341809794256448,0.00016110313698991519,-0.00047838729546856307,0.0,True,True,True,True,True,True,True,-1.0,1.0,3.700743415417188e-17
27001,0.4,C3,0.0006691492708274572,0.39935041314981956,0.05619909929983308,0.16049805052868193,1.2907484644957274e-05,0.9999984159253299,0.0019519252736109063,0.00011457562015060319,-0.0002295615293418929,0.0,True,True,True,True,True,True,True,-1.0,1.0,0.0
27001,0.4,C4,0.00040364737729508377,0.39893509250881465,0.008845066952482217,0.1522687383896801,2.130778791743636e-05,0.999995009467983,0.003467463134451035,0.00027739222933373386,-0.00034615336249377293,0.0,True,True,True,True,True,True,True,-1.0,1.0,5.551115123125783e-17
27001,0.4,C5,8.783892406932771e-05,0.3993566057511057,0.03353825484496559,0.17337342001749972,8.872390712758546e-08,0.9999984459997955,0.0004615696531022496,1.548024065445297e-05,-9.018652004733063e-05,0.0,True,True,True,True,True,True,True,-1.0,1.0,0.0
27001,0.4,C6,0.001140909347426311,0.19886044165372116,0.017556349605209243,0.14132920413903466,4.4448104038665905e-05,0.999952427219078,0.010387349791834201,0.00041752798393315804,-0.0011395583462788517,0.0,True,True,True,True,True,True,True,-1.0,1.0,7.401486830834377e-17
27001,0.4,C7,0.0007498913320650979,0.3995410711326871,0.018229279478251537,0.161171277303511,1.1265872403812609e-05,0.9999990532440165,0.0015086480169589518,0.00012694740082450084,-0.00014554884616679864,0.0,True,True,True,True,True,True,True,-1.0,1.0,5.551115123125783e-17
27001,0.5,C1,1.6360340958204852e-05,0.3999403994872972,0.009215530710115383,0.1757477326905216,4.391836049131484e-09,0.9999999646799558,9.373002973329548e-05,4.477124468049709e-06,-4.890936980828098e-05,0.0,True,True,True,True,True,True,True,-1.0,1.0,5.551115123125783e-17
27001,0.5,C2,0.0010175157929667928,0.39906228308389907,0.02481476659829218,0.13893364927609983,1.695166334502449e-05,0.9999961330678928,0.0027886977180923743,0.00013443851630140502,-0.0004783659246187788,0.0,True,True,True,True,True,True,True,-1.0,1.0,3.700743415417188e-17
27001,0.5,C3,0.0006690304494434544,0.39935041314981956,0.05619909929983308,0.16049805052868193,1.0772790183563697e-05,0.9999986792239685,0.0016279230292880283,9.555708569369825e-05,-0.00022954607403466443,0.0,True,True,True,True,True,True,True,-1.0,1.0,0.0
27001,0.5,C4,0.00040318110120288344,0.3989351177174778,0.008845066952482217,0.1522687383896801,1.7791553132424168e-05,0.9999958372368167,0.0028937034157185443,0.00023149224963393833,-0.000346087142138074,0.0,True,True,True,True,True,True,True,-1.0,1.0,5.551115123125783e-17
27001,0.5,C5,8.862015340342659e-05,0.3993566057511057,0.03353825484496559,0.17337342001749972,7.394606289166284e-08,0.9999987043062437,0.00038471529522724363,1.2902679614068546e-05,-9.014930584289038e-05,0.0,True,True,True,True,True,True,True,-1.0,1.0,0.0
27001,0.5,C6,0.0011404170445873856,0.19886100436791213,0.017556349605209243,0.14132920413903466,3.7145448949761655e-05,0.9999602393845437,0.008692954188725642,0.00034942037281687766,-0.0011389956320878858,0.0,True,True,True,True,True,True,True,-1.0,1.0,7.401486830834377e-17
27001,0.5,C7,0.0007498414432777829,0.39954107656974286,0.018229279478251537,0.161171277303511,9.40172883373251e-06,0.9999992107067412,0.0012579949842403883,0.00010585583363671713,-0.0001455355962348137,0.0,True,True,True,True,True,True,True,-1.0,1.0,5.551115123125783e-17
27001,0.6,C1,1.6360318626242235e-05,0.3999404007281211,0.009215530710115383,0.1757477326905216,3.5136334595031884e-09,0.999999971740211,7.498929349603475e-05,3.581951288245122e-06,-4.890925714731709e-05,0.0,True,True,True,True,True,True,True,-1.0,1.0,5.551115123125783e-17
27001,0.6,C2,0.0010174326339060728,0.39906233109896855,0.02481476659829218,0.13893364927609983,1.3600470804460317e-05,0.9999969021706228,0.0022355856419283004,0.00010777389561289485,-0.00047834455376899454,0.0,True,True,True,True,True,True,True,-1.0,1.0,3.700743415417188e-17
27001,0.6,C3,0.0006689116280594516,0.39935041314981956,0.05619909929983308,0.16049805052868193,8.63809572217012e-06,0.999998942522607,0.0013039207849651505,7.653855123679332e-05,-0.00022953061872743596,0.0,True,True,True,True,True,True,True,-1.0,1.0,0.0
27001,0.6,C4,0.0004027148251106831,0.3989351429261411,0.008845066952482217,0.1522687383896801,1.4275318347411976e-05,0.9999966650056504,0.0023199436969860536,0.0001855922699341428,-0.0003460209217823751,0.0,True,True,True,True,True,True,True,-1.0,1.0,5.551115123125783e-17
27001,0.6,C5,8.940138273752546e-05,0.3993566057511057,0.03353825484496559,0.17337342001749972,5.9168218655740205e-08,0.9999989626126917,0.00030786093735223774,1.0325118573739633e-05,-9.011209163845013e-05,0.0,True,True,True,True,True,True,True,-1.0,1.0,0.0
27001,0.6,C6,0.0011399247417484602,0.19886156708210306,0.017556349605209243,0.14132920413903466,2.9842793860857398e-05,0.9999680515500093,0.0069985585856170845,0.00028131276170059727,-0.0011384329178969477,0.0,True,True,True,True,True,True,True,-1.0,1.0,7.401486830834377e-17
27001,0.6,C7,0.0007497915544904678,0.3995410820067986,0.018229279478251537,0.161171277303511,7.5375852636524145e-06,0.999999368169466,0.001007341951521825,8.476426644893342e-05,-0.00014552234630280103,0.0,True,True,True,True,True,True,True,-1.0,1.0,5.551115123125783e-17
27001,0.7,C1,1.6360296294279614e-05,0.399940401968945,0.009215530710115383,0.1757477326905216,2.6354308698748916e-09,0.9999999788004665,5.6248557258774025e-05,2.6867781084960463e-06,-4.8909144486353195e-05,0.0,True,True,True,True,True,True,True,-1.0,1.0,5.551115123125783e-17
27001,0.7,C2,0.0010173494748453528,0.399062379114038,0.02481476659829218,0.13893364927609983,1.0249278263896142e-05,0.9999976712733527,0.0016824735657642264,8.110927492432918e-05,-0.0004783231829191825,0.0,True,True,True,True,True,True,True,-1.0,1.0,3.700743415417188e-17
27001,0.7,C3,0.0006687928066754487,0.39935041314981956,0.05619909929983308,0.16049805052868193,6.503401260776545e-06,0.9999992058212457,0.0009799185406422727,5.752001677988838e-05,-0.00022951516342017975,0.0,True,True,True,True,True,True,True,-1.0,1.0,0.0
27001,0.7,C4,0.00040224854901848276,0.39893516813480423,0.008845066952482217,0.1522687383896801,1.0759083562399785e-05,0.9999974927744842,0.001746183978253563,0.00013969229023434726,-0.0003459547014266484,0.0,True,True,True,True,True,True,True,-1.0,1.0,5.551115123125783e-17
27001,0.7,C5,9.018261207162434e-05,0.3993566057511057,0.03353825484496559,0.17337342001749972,4.4390374419817576e-08,0.99999922091914,0.00023100657947723176,7.74755753335521e-06,-9.007487743395437e-05,0.0,True,True,True,True,True,True,True,-1.0,1.0,0.0
27001,0.7,C6,0.0011394324389095347,0.19886212979629406,0.017556349605209243,0.14132920413903466,2.2540138771953148e-05,0.9999758637154751,0.005304162982508525,0.00021320515058428913,-0.001137870203705954,0.0,True,True,True,True,True,True,True,-1.0,1.0,7.401486830834377e-17
27001,0.7,C7,0.0007497416657031528,0.3995410874438544,0.018229279478251537,0.161171277303511,5.673441693572318e-06,0.9999995256321907,0.0007566889188032617,6.367269926116359e-05,-0.00014550909637078835,0.0,True,True,True,True,True,True,True,-1.0,1.0,5.551115123125783e-17
27001,0.8,C1,1.6360273962316994e-05,0.39994040320976887,0.009215530710115383,0.1757477326905216,1.7572282802465949e-09,0.9999999858607218,3.750782102151328e-05,1.7916049286914593e-06,-4.890903182536155e-05,0.0,True,True,True,True,True,True,True,-1.0,1.0,5.551115123125783e-17
27001,0.8,C2,0.0010172663157846328,0.39906242712910756,0.02481476659829218,0.13893364927609983,6.898085723331966e-06,0.9999984403760829,0.0011293614896001514,5.444465423581901e-05,-0.00047830181206939826,0.0,True,True,True,True,True,True,True,-1.0,1.0,3.700743415417188e-17
27001,0.8,C3,0.0006686739852914459,0.39935041314981956,0.05619909929983308,0.16049805052868193,4.368706799382965e-06,0.9999994691198842,0.0006559162963193944,3.850148232298345e-05,-0.00022949970811295128,0.0,True,True,True,True,True,True,True,-1.0,1.0,0.0
27001,0.8,C4,0.00040178227292628243,0.3989351933434674,0.008845066952482217,0.1522687383896801,7.242848777387589e-06,0.9999983205433179,0.0011724242595210716,9.379231053453785e-05,-0.0003458884810709495,0.0,True,True,True,True,True,True,True,-1.0,1.0,5.551115123125783e-17
27001,0.8,C5,9.096384140572322e-05,0.3993566057511057,0.03353825484496559,0.17337342001749972,2.9612530183894927e-08,0.999999479225588,0.00015415222160222573,5.1699964930262965e-06,-9.003766322951412e-05,0.0,True,True,True,True,True,True,True,-1.0,1.0,0.0
27001,0.8,C6,0.0011389401360706094,0.19886269251048502,0.017556349605209243,0.14132920413903466,1.5237483683048886e-05,0.9999836758809408,0.0036097673793999653,0.00014509753946800874,-0.0011373074895149882,0.0,True,True,True,True,True,True,True,-1.0,1.0,7.401486830834377e-17
27001,0.8,C7,0.0007496917769158379,0.39954109288091016,0.018229279478251537,0.161171277303511,3.809298123492219e-06,0.9999996830949154,0.0005060358860846981,4.258113207337988e-05,-0.00014549584643880342,0.0,True,True,True,True,True,True,True,-1.0,1.0,5.551115123125783e-17
27001,0.9,C1,1.6360251630354377e-05,0.3999404044505927,0.009215530710115383,0.1757477326905216,8.790256906182987e-10,0.9999999929209772,1.876708478425255e-05,8.964317489423834e-07,-4.890891916439766e-05,0.0,True,True,True,True,True,True,True,-1.0,1.0,5.551115123125783e-17
27001,0.9,C2,0.0010171831567239128,0.39906247514417703,0.02481476659829218,0.13893364927609983,3.546893182767792e-06,0.9999992094788128,0.0005762494134360774,2.7780033547308847e-05,-0.000478280441219614,0.0,True,True,True,True,True,True,True,-1.0,1.0,3.700743415417188e-17
27001,0.9,C3,0.0006685551639074432,0.39935041314981956,0.05619909929983308,0.16049805052868193,2.234012337989388e-06,0.9999997324185229,0.00033191405199651657,1.948294786605076e-05,-0.00022948425280572282,0.0,True,True,True,True,True,True,True,-1.0,1.0,0.0
27001,0.9,C4,0.0004013159968340821,0.39893521855213065,0.008845066952482217,0.1522687383896801,3.7266139923753973e-06,0.9999991483121518,0.0005986645407885807,4.7892330834742314e-05,-0.0003458222607152228,0.0,True,True,True,True,True,True,True,-1.0,1.0,5.551115123125783e-17
27001,0.9,C5,9.174507073982209e-05,0.3993566057511057,0.03353825484496559,0.17337342001749972,1.4834685947972293e-08,0.9999997375320361,7.729786372721977e-05,2.5924354526418725e-06,-9.000044902507387e-05,0.0,True,True,True,True,True,True,True,-1.0,1.0,0.0
27001,0.9,C6,0.001138447833231684,0.19886325522467596,0.017556349605209243,0.14132920413903466,7.934828594144633e-06,0.9999914880464065,0.001915371776291407,7.69899283517006e-05,-0.00113674477532405,0.0,True,True,True,True,True,True,True,-1.0,1.0,7.401486830834377e-17
27001,0.9,C7,0.0007496418881285229,0.3995410983179659,0.018229279478251537,0.161171277303511,1.9451545534121224e-06,0.9999998405576402,0.00025538285336613477,2.148956488559617e-05,-0.0001454825965068185,0.0,True,True,True,True,True,True,True,-1.0,1.0,5.551115123125783e-17
27001,1.0,C1,1.6360229298391756e-05,0.3999404056914166,0.009215530710115383,0.1757477326905216,8.231009900026762e-13,0.9999999999812326,2.6348546991818897e-08,1.258569137796428e-09,-4.8908806503433766e-05,0.0,True,True,True,True,True,True,True,-1.0,1.0,5.551115123125783e-17
27001,1.0,C2,0.0010170999976631926,0.3990625231592465,0.02481476659829218,0.13893364927609983,1.9570064220361884e-07,0.9999999785815429,2.3137337272003368e-05,1.1154128587986811e-06,-0.00047825907036982973,0.0,True,True,True,True,True,True,True,-1.0,1.0,3.700743415417188e-17
27001,1.0,C3,0.0006684363425234404,0.39935041314981956,0.05619909929983308,0.16049805052868193,9.931787659581171e-08,0.9999999957171615,7.911807673638788e-06,4.644134091458252e-07,-0.00022946879749849436,0.0,True,True,True,True,True,True,True,-1.0,1.0,0.0
27001,1.0,C4,0.00040084972074188176,0.3989352437607938,0.008845066952482217,0.1522687383896801,2.1037920736320544e-07,0.9999999760809855,2.4904822056090033e-05,1.9923511349467793e-06,-0.0003457560403595239,0.0,True,True,True,True,True,True,True,-1.0,1.0,5.551115123125783e-17
27001,1.0,C5,9.252630007392097e-05,0.3993566057511057,0.03353825484496559,0.17337342001749972,5.684171204965974e-11,0.9999999958384842,4.435058522138281e-07,1.4874412312959606e-08,-8.996323482063362e-05,0.0,True,True,True,True,True,True,True,-1.0,1.0,0.0
27001,1.0,C6,0.0011379555303927587,0.19886381793886693,0.017556349605209243,0.14132920413903466,6.3217350524038e-07,0.9999993002118722,0.00022097617318284876,8.882317235420212e-06,-0.0011361820611330842,0.0,True,True,True,True,True,True,True,-1.0,1.0,7.401486830834377e-17
27001,1.0,C7,0.0007495919993412078,0.3995411037550217,0.018229279478251537,0.161171277303511,8.101098333202608e-08,0.999999998020365,4.729820647571439e-06,3.9799769782633554e-07,-0.0001454693465748058,0.0,True,True,True,True,True,True,True,-1.0,1.0,5.551115123125783e-17
27002,0.0,C1,0.0001779954355918095,0.39935996158257014,0.0013157430963451344,0.1774863996352271,2.3585002616230227e-06,0.9999969177912681,0.003071481897471006,4.6198951463294335e-06,-0.0003026393889546952,0.0,True,True,True,True,True,True,True,-1.0,1.0,3.700743415417188e-17
27002,0.0,C2,0.0010827594216804388,0.3980367302586151,0.009403452646264632,0.11631062998645819,2.724654369644516e-05,0.9999732465973066,0.010344738313447621,0.0004868303743864877,-0.0007923176773580454,0.0,True,True,True,True,True,True,True,-1.0,1.0,3.700743415417188e-17
27002,0.0,C3,0.00021672250697703734,0.39632930509520303,0.007447824209365739,0.1485336340250783,1.731380392128896e-05,0.9999157874932244,0.00832197186279525,0.0012360927230354313,-0.0008059944858984092,0.0,True,True,True,True,True,True,True,-1.0,1.0,0.0
27002,0.0,C4,0.0007450490437073184,0.39833337232284916,0.032261794549892864,0.1960703004924313,3.307946196672308e-05,0.9999774801044924,0.009491026395004099,0.0004653635927711064,-0.0008078349809347574,0.0,True,True,True,True,True,True,True,-1.0,1.0,5.551115123125783e-17
27002,0.0,C5,6.715655848320759e-05,0.39952426213646314,0.0058622017840600504,0.12616426457221142,1.489930293119838e-07,0.9999969865722852,0.0007719923038786949,4.52557466107395e-06,-0.00030802571161800407,0.0,True,True,True,True,True,True,True,-1.0,1.0,0.0
27002,0.0,C6,0.0010539591869698944,0.1993643708848157,0.026044182014041184,0.13180836387786804,0.00022559406855329536,0.9999774244077453,0.009502755864422285,0.0006322972256001813,-0.0006356291151843052,0.0,True,True,True,True,True,True,True,-1.0,1.0,5.551115123125783e-17
27002,0.0,C7,0.00030710516620312,0.39705740684486107,0.0458448329328901,0.11212954406270559,1.2107106397184169e-05,0.9999292228536901,0.0069590534980510585,0.0007713774062459988,-0.0015622761793178674,0.0,True,True,True,True,True,True,True,-1.0,1.0,5.551115123125783e-17
27002,0.1,C1,0.0001779756010744897,0.3993599725043645,0.0013157430963451344,0.1774863996352271,2.1230124400036584e-06,0.9999972254710219,0.0027650412578023925,4.1591222501580205e-06,-0.0003026308768180608,0.0,True,True,True,True,True,True,True,-1.0,1.0,3.700743415417188e-17
27002,0.1,C2,0.001086618669754473,0.39803678491913713,0.009403452646264632,0.11631062998645819,2.4536111538139717e-05,0.9999759080997285,0.009318290502910888,0.00043852504690980454,-0.0007921924252558277,0.0,True,True,True,True,True,True,True,-1.0,1.0,3.700743415417188e-17
27002,0.1,C3,0.00021646640882886641,0.39632930509520303,0.007447824209365739,0.1485336340250783,1.558962777861361e-05,0.9999241314642972,0.007494968817692111,0.0011132549553964505,-0.0008050498757260494,0.0,True,True,True,True,True,True,True,-1.0,1.0,0.0
27002,0.1,C4,0.0007448159675453039,0.3983334822183058,0.032261794549892864,0.1960703004924313,2.9790541339123272e-05,0.999979721407197,0.008548679724155989,0.00041915849185464316,-0.0008077679421809314,0.0,True,True,True,True,True,True,True,-1.0,1.0,5.551115123125783e-17
27002,0.1,C5,6.715617083993655e-05,0.39952430008915474,0.0058622017840600504,0.12616426457221142,1.3409947745438344e-07,0.9999972873919489,0.000694837771399619,4.073279223137938e-06,-0.00030801891394705017,0.0,True,True,True,True,True,True,True,-1.0,1.0,0.0
27002,0.1,C6,0.0010510303300834986,0.1993645203852457,0.026044182014041184,0.13180836387786804,0.0002033734992341165,0.9999796712404536,0.008559252955656467,0.0005695181455027953,-0.0006354796147542974,0.0,True,True,True,True,True,True,True,-1.0,1.0,5.551115123125783e-17
27002,0.1,C7,0.0003069698821392331,0.3970577623519727,0.0458448329328901,0.11212954406270559,1.090060845752198e-05,0.9999362410241064,0.006266780280165108,0.0006952130955558133,-0.0015621749661317297,0.0,True,True,True,True,True,True,True,-1.0,1.0,5.551115123125783e-17
27002,0.2,C1,0.00017795576655716983,0.39935998342615886,0.0013157430963451344,0.1774863996352271,1.8875246183842938e-06,0.9999975331507759,0.0024586006181337786,3.698349353958852e-06,-0.00030262236468142634,0.0,True,True,True,True,True,True,True,-1.0,1.0,3.700743415417188e-17
27002,0.2,C2,0.001090477917828507,0.3980368395796592,0.009403452646264632,0.11631062998645819,2.1825679379834272e-05,0.9999785696021503,0.008291842692374153,0.00039021971943309364,-0.0007920671731536377,0.0,True,True,True,True,True,True,True,-1.0,1.0,3.700743415417188e-17
27002,0.2,C3,0.00021621031068069552,0.39632930509520303,0.007447824209365739,0.1485336340250783,1.386545163593826e-05,0.9999324754353698,0.006667965772588973,0.0009904171877574766,-0.0008041052655536896,0.0,True,True,True,True,True,True,True,-1.0,1.0,0.0
27002,0.2,C4,0.0007445828913832895,0.39833359211376235,0.032261794549892864,0.1960703004924313,2.650162071152346e-05,0.9999819627099018,0.007606333053307879,0.00037295339093823543,-0.0008077009034271332,0.0,True,True,True,True,True,True,True,-1.0,1.0,5.551115123125783e-17
27002,0.2,C5,6.715578319666551e-05,0.3995243380418464,0.0058622017840600504,0.12616426457221142,1.1920592559678308e-07,0.9999975882116127,0.0006176832389205431,3.6209837852019255e-06,-0.0003080121162760685,0.0,True,True,True,True,True,True,True,-1.0,1.0,0.0
27002,0.2,C6,0.0010481014731971029,0.1993646698856757,0.026044182014041184,0.13180836387786804,0.0001811529299149376,0.9999819180731621,0.00761575004689065,0.0005067390654054371,-0.0006353301143243173,0.0,True,True,True,True,True,True,True,-1.0,1.0,5.551115123125783e-17
27002,0.2,C7,0.0003068345980753462,0.39705811785908435,0.0458448329328901,0.11212954406270559,9.694110517859796e-06,0.9999432591945226,0.005574507062279158,0.0006190487848656279,-0.001562073752945592,0.0,True,True,True,True,True,True,True,-1.0,1.0,5.551115123125783e-17
27002,0.3,C1,0.00017793593203985003,0.39935999434795316,0.0013157430963451344,0.1774863996352271,1.6520367967649293e-06,0.9999978408305296,0.0021521599784651646,3.237576457787439e-06,-0.00030261385254481965,0.0,True,True,True,True,True,True,True,-1.0,1.0,3.700743415417188e-17
27002,0.3,C2,0.0010943371659025412,0.3980368942401813,0.009403452646264632,0.11631062998645819,1.9115247221528828e-05,0.9999812311045722,0.00726539488183742,0.0003419143919564105,-0.0007919419210514478,0.0,True,True,True,True,True,True,True,-1.0,1.0,3.700743415417188e-17
27002,0.3,C3,0.0002159542125325246,0.396329305095203,0.007447824209365739,0.1485336340250783,1.214127549326291e-05,0.9999408194064424,0.005840962727485834,0.0008675794201185028,-0.0008031606553813853,0.0,True,True,True,True,True,True,True,-1.0,1.0,0.0
27002,0.3,C4,0.0007443498152212751,0.3983337020092189,0.032261794549892864,0.1960703004924313,2.3212700083923647e-05,0.9999842040126062,0.006663986382459768,0.0003267482900217722,-0.000807633864673335,0.0,True,True,True,True,True,True,True,-1.0,1.0,5.551115123125783e-17
27002,0.3,C5,6.715539555339447e-05,0.39952437599453805,0.0058622017840600504,0.12616426457221142,1.0431237373918272e-07,0.9999978890312763,0.0005405287064414671,3.168688347210402e-06,-0.0003080053186051146,0.0,True,True,True,True,True,True,True,-1.0,1.0,0.0
27002,0.3,C6,0.0010451726163107071,0.1993648193861057,0.026044182014041184,0.13180836387786804,0.0001589323605957587,0.9999841649058705,0.006672247138124833,0.00044395998530805114,-0.0006351806138943095,0.0,True,True,True,True,True,True,True,-1.0,1.0,5.551115123125783e-17
27002,0.3,C7,0.00030669931401145926,0.397058473366196,0.0458448329328901,0.11212954406270559,8.487612578197606e-06,0.9999502773649389,0.004882233844393206,0.0005428844741754424,-0.001561972539759482,0.0,True,True,True,True,True,True,True,-1.0,1.0,5.551115123125783e-17
27002,0.4,C1,0.0001779160975225302,0.3993600052697476,0.0013157430963451344,0.1774863996352271,1.4165489751455647e-06,0.9999981485102833,0.0018457193387965511,2.776803561616026e-06,-0.0003026053404081852,0.0,True,True,True,True,True,True,True,-1.0,1.0,3.700743415417188e-17
27002,0.4,C2,0.001098196413976575,0.39803694890070335,0.009403452646264632,0.11631062998645819,1.6404815063223383e-05,0.9999838926069939,0.006238947071300687,0.0002936090644796996,-0.0007918166689492301,0.0,True,True,True,True,True,True,True,-1.0,1.0,3.700743415417188e-17
27002,0.4,C3,0.0002156981143843537,0.39632930509520303,0.007447824209365739,0.1485336340250783,1.041709935058756e-05,0.9999491633775152,0.005013959682382696,0.0007447416524795289,-0.0008022160452090255,0.0,True,True,True,True,True,True,True,-1.0,1.0,0.0
27002,0.4,C4,0.0007441167390592606,0.3983338119046755,0.032261794549892864,0.1960703004924313,1.9923779456323835e-05,0.9999864453153109,0.005721639711611658,0.00028054318910530895,-0.000807566825919509,0.0,True,True,True,True,True,True,True,-1.0,1.0,5.551115123125783e-17
27002,0.4,C5,6.715500791012343e-05,0.3995244139472297,0.0058622017840600504,0.12616426457221142,8.941882188158236e-08,0.99999818985094,0.00046337417396239127,2.71639290927439e-06,-0.0003079985209341607,0.0,True,True,True,True,True,True,True,-1.0,1.0,0.0
27002,0.4,C6,0.0010422437594243116,0.1993649688865357,0.026044182014041184,0.13180836387786804,0.00013671179127657985,0.9999864117385788,0.0057287442293590144,0.0003811809052106929,-0.0006350311134643016,0.0,True,True,True,True,True,True,True,-1.0,1.0,5.551115123125783e-17
27002,0.4,C7,0.00030656402994757236,0.3970588288733076,0.0458448329328901,0.11212954406270559,7.281114638535421e-06,0.9999572955353551,0.004189960626507256,0.0004667201634852569,-0.001561871326573372,0.0,True,True,True,True,True,True,True,-1.0,1.0,5.551115123125783e-17
27002,0.5,C1,0.00017789626300521036,0.39936001619154193,0.0013157430963451344,0.1774863996352271,1.1810611535262004e-06,0.9999984561900372,0.0015392786991279374,2.3160306654446128e-06,-0.00030259682827155077,0.0,True,True,True,True,True,True,True,-1.0,1.0,3.700743415417188e-17
27002,0.5,C2,0.0011020556620506092,0.3980370035612254,0.009403452646264632,0.11631062998645819,1.3694382904917938e-05,0.9999865541094158,0.005212499260763952,0.00024530373700301644,-0.0007916914168470401,0.0,True,True,True,True,True,True,True,-1.0,1.0,3.700743415417188e-17
27002,0.5,C3,0.00021544201623618277,0.39632930509520303,0.007447824209365739,0.1485336340250783,8.69292320791221e-06,0.9999575073485878,0.0041869566372795585,0.000621903884840555,-0.0008012714350366656,0.0,True,True,True,True,True,True,True,-1.0,1.0,0.0
27002,0.5,C4,0.0007438836628972462,0.3983339218001321,0.032261794549892864,0.1960703004924313,1.6634858828724026e-05,0.9999886866180155,0.004779293040763548,0.00023433808818890123,-0.0008074997871657108,0.0,True,True,True,True,True,True,True,-1.0,1.0,5.551115123125783e-17
27002,0.5,C5,6.71546202668524e-05,0.39952445189992136,0.0058622017840600504,0.12616426457221142,7.4525270023982e-08,0.9999984906706038,0.0003862196414833154,2.2640974713383777e-06,-0.0003079917232632068,0.0,True,True,True,True,True,True,True,-1.0,1.0,0.0
27002,0.5,C6,0.0010393149025379159,0.1993651183869657,0.026044182014041184,0.13180836387786804,0.00011449122195740097,0.9999886585712872,0.004785241320593197,0.00031840182511330695,-0.0006348816130343216,0.0,True,True,True,True,True,True,True,-1.0,1.0,5.551115123125783e-17
27002,0.5,C7,0.00030642874588368546,0.39705918438041926,0.0458448329328901,0.11212954406270559,6.074616698873235e-06,0.9999643137057713,0.0034976874086213054,0.00039055585279507143,-0.0015617701133872064,0.0,True,True,True,True,True,True,True,-1.0,1.0,5.551115123125783e-17
27002,0.6,C1,0.00017787642848789056,0.39936002711333624,0.0013157430963451344,0.1774863996352271,9.455733319068358e-07,0.9999987638697911,0.001232838059459324,1.8552577692731997e-06,-0.0003025883161349163,0.0,True,True,True,True,True,True,True,-1.0,1.0,3.700743415417188e-17
27002,0.6,C2,0.0011059149101246433,0.3980370582217475,0.009403452646264632,0.11631062998645819,1.0983950746612494e-05,0.9999892156118376,0.004186051450227218,0.0001969984095263333,-0.0007915661647448502,0.0,True,True,True,True,True,True,True,-1.0,1.0,3.700743415417188e-17
27002,0.6,C3,0.00021518591808801187,0.39632930509520303,0.007447824209365739,0.1485336340250783,6.968747065236861e-06,0.9999658513196605,0.00335995359217642,0.0004990661172015812,-0.0008003268248643336,0.0,True,True,True,True,True,True,True,-1.0,1.0,0.0
27002,0.6,C4,0.0007436505867352318,0.3983340316955887,0.032261794549892864,0.1960703004924313,1.3345938201124214e-05,0.9999909279207202,0.003836946369915439,0.000188132987272438,-0.0008074327484118848,0.0,True,True,True,True,True,True,True,-1.0,1.0,5.551115123125783e-17
27002,0.6,C5,6.715423262358136e-05,0.39952448985261296,0.0058622017840600504,0.12616426457221142,5.963171816638165e-08,0.9999987914902675,0.0003090651090042396,1.8118020334023655e-06,-0.0003079849255922529,0.0,True,True,True,True,True,True,True,-1.0,1.0,0.0
27002,0.6,C6,0.0010363860456515201,0.1993652678873957,0.026044182014041184,0.13180836387786804,9.22706526382221e-05,0.9999909054039956,0.0038417384118273794,0.0002556227450159487,-0.0006347321126043137,0.0,True,True,True,True,True,True,True,-1.0,1.0,5.551115123125783e-17
27002,0.6,C7,0.0003062934618197985,0.3970595398875309,0.0458448329328901,0.11212954406270559,4.868118759211048e-06,0.9999713318761876,0.002805414190735355,0.00031439154210488596,-0.0015616689002010964,0.0,True,True,True,True,True,True,True,-1.0,1.0,5.551115123125783e-17
27002,0.7,C1,0.00017785659397057073,0.3993600380351306,0.0013157430963451344,0.1774863996352271,7.100855102874714e-07,0.9999990715495449,0.0009263974197907103,1.3944848731017867e-06,-0.0003025798039982819,0.0,True,True,True,True,True,True,True,-1.0,1.0,3.700743415417188e-17
27002,0.7,C2,0.0011097741581986775,0.39803711288226956,0.009403452646264632,0.11631062998645819,8.273518588307051e-06,0.9999918771142595,0.003159603639690485,0.0001486930820496224,-0.0007914409126426603,0.0,True,True,True,True,True,True,True,-1.0,1.0,3.700743415417188e-17
27002,0.7,C3,0.00021492981993984095,0.39632930509520303,0.007447824209365739,0.1485336340250783,5.244570922561511e-06,0.9999741952907333,0.002532950547073282,0.0003762283495626073,-0.0007993822146920015,0.0,True,True,True,True,True,True,True,-1.0,1.0,0.0
27002,0.7,C4,0.0007434175105732173,0.39833414159104524,0.032261794549892864,0.1960703004924313,1.0057017573524403e-05,0.9999931692234248,0.0028945996990673286,0.00014192788635603026,-0.0008073657096580866,0.0,True,True,True,True,True,True,True,-1.0,1.0,5.551115123125783e-17
27002,0.7,C5,6.715384498031032e-05,0.3995245278053046,0.0058622017840600504,0.12616426457221142,4.4738166308781295e-08,0.9999990923099312,0.00023191057652516365,1.3595065954663532e-06,-0.0003079781279212712,0.0,True,True,True,True,True,True,True,-1.0,1.0,0.0
27002,0.7,C6,0.0010334571887651244,0.1993654173878257,0.026044182014041184,0.13180836387786804,7.005008331904324e-05,0.999993152236704,0.0028982355030615623,0.0001928436649185905,-0.0006345826121743059,0.0,True,True,True,True,True,True,True,-1.0,1.0,5.551115123125783e-17
27002,0.7,C7,0.0003061581777559116,0.3970598953946425,0.0458448329328901,0.11212954406270559,3.6616208195488613e-06,0.9999783500466037,0.0021131409728494047,0.00023694553382581918,-0.0015615676870149586,0.0,True,True,True,True,True,True,True,-1.0,1.0,5.551115123125783e-17
27002,0.8,C1,0.0001778367594532509,0.39936004895692495,0.0013157430963451344,0.1774863996352271,4.7459768866810677e-07,0.9999993792292987,0.0006199567801220963,9.337119769303737e-07,-0.00030257129186164744,0.0,True,True,True,True,True,True,True,-1.0,1.0,3.700743415417188e-17
27002,0.8,C2,0.0011136334062727114,0.3980371675427916,0.009403452646264632,0.11631062998645819,5.5630864300016045e-06,0.9999945386166813,0.0021331558291537503,0.00010038775457293925,-0.0007913156605404426,0.0,True,True,True,True,True,True,True,-1.0,1.0,3.700743415417188e-17
27002,0.8,C3,0.00021467372179167005,0.39632930509520303,0.007447824209365739,0.1485336340250783,3.5203947798861595e-06,0.9999825392618058,0.001705947501970143,0.0002533905819236265,-0.0007984376045196417,0.0,True,True,True,True,True,True,True,-1.0,1.0,0.0
27002,0.8,C4,0.0007431844344112029,0.3983342514865018,0.032261794549892864,0.1960703004924313,6.76809694592459e-06,0.9999954105261295,0.001952253028219218,9.572278543956703e-05,-0.0008072986709042607,0.0,True,True,True,True,True,True,True,-1.0,1.0,5.551115123125783e-17
27002,0.8,C5,6.715345733703928e-05,0.3995245657579963,0.0058622017840600504,0.12616426457221142,2.9844614451180923e-08,0.999999393129595,0.0001547560440460877,9.072111574748298e-07,-0.0003079713302503173,0.0,True,True,True,True,True,True,True,-1.0,1.0,0.0
27002,0.8,C6,0.0010305283318787287,0.19936556688825569,0.026044182014041184,0.13180836387786804,4.7829513999864344e-05,0.9999953990694124,0.001954732594295744,0.00013006458482120453,-0.0006344331117443258,0.0,True,True,True,True,True,True,True,-1.0,1.0,5.551115123125783e-17
27002,0.8,C7,0.0003060228936920247,0.3970602509017541,0.0458448329328901,0.11212954406270559,2.4551228798866733e-06,0.99998536821702,0.0014208677549634534,0.00015932125353745885,-0.0015614664738288486,0.0,True,True,True,True,True,True,True,-1.0,1.0,5.551115123125783e-17
27002,0.9,C1,0.0001778169249359311,0.39936005987871925,0.0013157430963451344,0.1774863996352271,2.391098670487423e-07,0.9999996869090526,0.00031351614045348273,4.7293908075896063e-07,-0.000302562779725013,0.0,True,True,True,True,True,True,True,-1.0,1.0,3.700743415417188e-17
27002,0.9,C2,0.0011174926543467455,0.3980372222033137,0.009403452646264632,0.11631062998645819,2.8526542716961603e-06,0.9999972001191033,0.0011067080186170169,5.20824270962561e-05,-0.0007911904084382249,0.0,True,True,True,True,True,True,True,-1.0,1.0,3.700743415417188e-17
27002,0.9,C3,0.00021441762364349912,0.39632930509520303,0.007447824209365739,0.1485336340250783,1.79621863721081e-06,0.9999908832328784,0.0008789444568670049,0.00013055281428465265,-0.0007974929943473374,0.0,True,True,True,True,True,True,True,-1.0,1.0,0.0
27002,0.9,C4,0.0007429513582491885,0.39833436138195844,0.032261794549892864,0.1960703004924313,3.479176318324779e-06,0.999997651828834,0.001009906357371108,4.95176845231593e-05,-0.0008072316321504625,0.0,True,True,True,True,True,True,True,-1.0,1.0,5.551115123125783e-17
27002,0.9,C5,6.715306969376824e-05,0.3995246037106879,0.0058622017840600504,0.12616426457221142,1.495106259358057e-08,0.9999996939492586,7.760151156701183e-05,4.549157195388176e-07,-0.0003079645325793634,0.0,True,True,True,True,True,True,True,-1.0,1.0,0.0
27002,0.9,C6,0.001027599474992333,0.1993657163886857,0.026044182014041184,0.13180836387786804,2.5608944680685467e-05,0.9999976459021208,0.0010112296855299264,6.728550472384631e-05,-0.000634283611314318,0.0,True,True,True,True,True,True,True,-1.0,1.0,5.551115123125783e-17
27002,0.9,C7,0.0003058876096281378,0.39706060640886576,0.0458448329328901,0.11212954406270559,1.2486249402244869e-06,0.9999923863874363,0.000728594537077503,8.169697324908465e-05,-0.0015613652606427109,0.0,True,True,True,True,True,True,True,-1.0,1.0,5.551115123125783e-17
27002,1.0,C1,0.00017779709041861123,0.3993600708005136,0.0013157430963451344,0.1774863996352271,3.622045429377873e-09,0.9999999945888064,7.075500784869068e-06,1.216618458754759e-08,-0.0003025542675884063,0.0,True,True,True,True,True,True,True,-1.0,1.0,3.700743415417188e-17
27002,1.0,C2,0.0011213519024207796,0.3980372768638358,0.009403452646264632,0.11631062998645819,1.4222211339071605e-07,0.9999998616215251,8.026020808028336e-05,3.777099619545199e-06,-0.0007910651563360349,0.0,True,True,True,True,True,True,True,-1.0,1.0,3.700743415417188e-17
27002,1.0,C3,0.00021416152549532823,0.39632930509520303,0.007447824209365739,0.1485336340250783,7.204249453546038e-08,0.9999992272039512,5.194141176386688e-05,7.715046645678791e-06,-0.0007965483841749776,0.0,True,True,True,True,True,True,True,-1.0,1.0,0.0
27002,1.0,C4,0.000742718282087174,0.398334471277415,0.032261794549892864,0.1960703004924313,1.902556907249683e-07,0.9999998931315387,6.755968652299837e-05,3.3125836066960623e-06,-0.0008071645933966365,0.0,True,True,True,True,True,True,True,-1.0,1.0,5.551115123125783e-17
27002,1.0,C5,6.71526820504972e-05,0.39952464166337953,0.0058622017840600504,0.12616426457221142,5.751073598021214e-11,0.9999999947689223,4.4697908793595136e-07,2.6202816028053633e-09,-0.0003079577349084095,0.0,True,True,True,True,True,True,True,-1.0,1.0,0.0
27002,1.0,C6,0.0010246706181059372,0.1993658658891157,0.026044182014041184,0.13180836387786804,3.388375361506595e-06,0.9999998927348291,6.77267767641091e-05,4.506424626460337e-06,-0.0006341341108843102,0.0,True,True,True,True,True,True,True,-1.0,1.0,5.551115123125783e-17
27002,1.0,C7,0.00030575232556425086,0.3970609619159774,0.0458448329328901,0.11212954406270559,4.212700056230042e-08,0.9999994045578525,3.632131919155251e-05,4.0726929607104445e-06,-0.001561264047456573,0.0,True,True,True,True,True,True,True,-1.0,1.0,5.551115123125783e-17
27003,0.0,C1,0.0002903371583419745,0.3998900197274904,0.02092456448287977,0.1552466185206919,1.685063350213751e-05,0.9999998208908212,0.0008464258475955333,0.00011866001246974012,-7.933150576008852e-05,0.0,True,True,True,True,True,True,True,-1.0,1.0,5.551115123125783e-17
27003,0.0,C2,0.0004962130992140403,0.39904551733562565,0.00428901670819537,0.18151456544370692,6.382591965108297e-06,0.9999810523357336,0.005052758440736425,0.0007820887027311929,-0.0008594252822100579,0.0,True,True,True,True,True,True,True,-1.0,1.0,3.700743415417188e-17
27003,0.0,C3,0.0008152305951153386,0.397181886628446,0.04807844209934142,0.10469804923667611,2.143778626724973e-05,0.9999183264689179,0.009260191416434053,0.000635404932479211,-0.0014762087212638053,0.0,True,True,True,True,True,True,True,-1.0,1.0,0.0
27003,0.0,C4,0.0002979981189978241,0.39815448818493215,0.035948411875250136,0.16315652453439322,4.544298147312852e-06,0.9999751641494128,0.004263471893803383,0.00035830199296410514,-0.0008184534178771186,0.0,True,True,True,True,True,True,True,-1.0,1.0,5.551115123125783e-17
27003,0.0,C5,3.3330006040758904e-05,0.3999348482239913,0.003028139972870103,0.19256421093306597,2.5128457106759806e-08,0.999999973470288,0.0003170391591381721,9.600389507258278e-07,-2.7499505309891425e-05,0.0,True,True,True,True,True,True,True,-1.0,1.0,0.0
27003,0.0,C6,0.0008918084403192245,0.19907518273035674,0.0013001279287855327,0.09552064130444114,2.5604858139779252e-05,0.9999228909271327,0.010120248641170681,1.3157617904629992e-05,-0.0009248172696432744,0.0,True,True,True,True,True,True,True,-1.0,1.0,3.700743415417188e-17
27003,0.0,C7,0.0002995526297157405,0.39690543443121196,5.3583771758125565e-05,0.14691782987965174,2.393819433798861e-05,0.9998525735359922,0.009785334810416782,4.297188443591615e-05,-0.0021566289010959694,0.0,True,True,True,True,True,True,True,-1.0,1.0,5.551115123125783e-17
27003,0.1,C1,0.00029011932769093616,0.39989002223735026,0.02092456448287977,0.1552466185206919,1.5172487256622852e-05,0.9999998387941589,0.0007618369955896409,0.00010680154399039798,-7.933128098835951e-05,0.0,True,True,True,True,True,True,True,-1.0,1.0,5.551115123125783e-17
27003,0.1,C2,0.000496210809621011,0.3990458597662503,0.00428901670819537,0.18151456544370692,5.745945253368741e-06,0.9999829388544477,0.004549397374252315,0.000704176210355123,-0.0008594204274238737,0.0,True,True,True,True,True,True,True,-1.0,1.0,3.700743415417188e-17
27003,0.1,C3,0.0008151792989579587,0.3971826067445575,0.04807844209934142,0.10469804923667611,1.9303933540743723e-05,0.9999264200108715,0.008340603610670823,0.0005723057370788931,-0.0014759093507919485,0.0,True,True,True,True,True,True,True,-1.0,1.0,0.0
27003,0.1,C4,0.0002979707583651155,0.39815456189743403,0.035948411875250136,0.16315652453439322,4.090837056952973e-06,0.9999776353573813,0.0038384879938672387,0.00032273963648354886,-0.0008183645818752583,0.0,True,True,True,True,True,True,True,-1.0,1.0,5.551115123125783e-17
27003,0.1,C5,3.349258927674061e-05,0.3999348482239913,0.003028139972870103,0.19256421093306597,2.2616009731329406e-08,0.9999999761228271,0.000285342781761487,8.640578834095969e-07,-2.7499422626059422e-05,0.0,True,True,True,True,True,True,True,-1.0,1.0,0.0
27003,0.1,C6,0.0008917476093142451,0.19907591281338263,0.0013001279287855327,0.09552064130444114,2.305732870234115e-05,0.9999305341235762,0.009115905234495547,1.1851842991517092e-05,-0.0009240871866173783,0.0,True,True,True,True,True,True,True,-1.0,1.0,3.700743415417188e-17
27003,0.1,C7,0.00029922042696773623,0.3969075740899221,5.3583771758125565e-05,0.14691782987965174,2.155608706650745e-05,0.9998671371782125,0.008813982787676502,4.2961474694902524e-05,-0.0021562989355300988,0.0,True,True,True,True,True,True,True,-1.0,1.0,5.551115123125783e-17
27003,0.2,C1,0.00028990149703989786,0.39989002474721014,0.02092456448287977,0.1552466185206919,1.3494341011108191e-05,0.9999998566974967,0.0006772481435837484,9.494307551105585e-05,-7.93310562166305e-05,0.0,True,True,True,True,True,True,True,-1.0,1.0,5.551115123125783e-17
27003,0.2,C2,0.0004962085200279818,0.3990462021968748,0.00428901670819537,0.18151456544370692,5.1092985416291854e-06,0.9999848253731617,0.004046036307768205,0.0006262637179790809,-0.0008594155726377173,0.0,True,True,True,True,True,True,True,-1.0,1.0,3.700743415417188e-17
27003,0.2,C3,0.0008151280028005788,0.39718332686066904,0.04807844209934142,0.10469804923667611,1.7170080814237717e-05,0.9999345135528253,0.007421015804907593,0.0005092065416786307,-0.0014756099803200917,0.0,True,True,True,True,True,True,True,-1.0,1.0,0.0
27003,0.2,C4,0.0002979433977324069,0.39815463560993597,0.035948411875250136,0.16315652453439322,3.6373759665930945e-06,0.9999801065653497,0.003413504093931094,0.0002871772800029926,-0.0008182757458733703,0.0,True,True,True,True,True,True,True,-1.0,1.0,5.551115123125783e-17
27003,0.2,C5,3.365517251272232e-05,0.3999348482239913,0.003028139972870103,0.19256421093306597,2.0103562355899003e-08,0.9999999787753662,0.00025364640438480174,7.68076816093366e-07,-2.749933994222742e-05,0.0,True,True,True,True,True,True,True,-1.0,1.0,0.0
27003,0.2,C6,0.0008916867783092658,0.19907664289640853,0.0013001279287855327,0.09552064130444114,2.050979926490305e-05,0.9999381773200199,0.008111561827820413,1.0546068078431947e-05,-0.0009233571035914823,0.0,True,True,True,True,True,True,True,-1.0,1.0,3.700743415417188e-17
27003,0.2,C7,0.0002988882242197319,0.39690971374863226,5.3583771758125565e-05,0.14691782987965174,1.9173979795026296e-05,0.9998817008204327,0.007842630764936218,4.2951064953888896e-05,-0.0021559689699642004,0.0,True,True,True,True,True,True,True,-1.0,1.0,5.551115123125783e-17
27003,0.3,C1,0.0002896836663888595,0.39989002725707007,0.02092456448287977,0.1552466185206919,1.181619476559353e-05,0.9999998746008344,0.0005926592915778558,8.308460703165821e-05,-7.93308314449015e-05,0.0,True,True,True,True,True,True,True,-1.0,1.0,5.551115123125783e-17
27003,0.3,C2,0.0004962062304349525,0.39904654462749944,0.00428901670819537,0.18151456544370692,4.4726518298896286e-06,0.9999867118918756,0.0035426752412840946,0.000548351225603011,-0.0008594107178515331,0.0,True,True,True,True,True,True,True,-1.0,1.0,3.700743415417188e-17
27003,0.3,C3,0.0008150767066431989,0.39718404697678056,0.04807844209934142,0.10469804923667611,1.5036228087731709e-05,0.9999426070947789,0.006501427999144362,0.0004461073462783127,-0.0014753106098482072,0.0,True,True,True,True,True,True,True,-1.0,1.0,0.0
27003,0.3,C4,0.0002979160370996983,0.3981547093224378,0.035948411875250136,0.16315652453439322,3.1839148762332156e-06,0.9999825777733181,0.00298852019399495,0.0002516149235224363,-0.0008181869098714822,0.0,True,True,True,True,True,True,True,-1.0,1.0,5.551115123125783e-17
27003,0.3,C5,3.381775574870402e-05,0.3999348482239913,0.003028139972870103,0.19256421093306597,1.75911149804686e-08,0.9999999814279052,0.00022195002700811656,6.720957487771351e-07,-2.749925725836766e-05,0.0,True,True,True,True,True,True,True,-1.0,1.0,0.0
27003,0.3,C6,0.0008916259473042865,0.19907737297943442,0.0013001279287855327,0.09552064130444114,1.7962269827464946e-05,0.9999458205164633,0.007107218421145277,9.240293165319047e-06,-0.0009226270205655862,0.0,True,True,True,True,True,True,True,-1.0,1.0,3.700743415417188e-17
27003,0.3,C7,0.0002985560214717276,0.39691185340734236,5.3583771758125565e-05,0.14691782987965174,1.6791872523545133e-05,0.9998962644626528,0.006871278742195936,4.294065521287527e-05,-0.002155639004398302,0.0,True,True,True,True,True,True,True,-1.0,1.0,5.551115123125783e-17
27003,0.4,C1,0.00028946583573782116,0.39989002976692994,0.02092456448287977,0.1552466185206919,1.0138048520078871e-05,0.9999998925041722,0.0005080704395719633,7.122613855231608e-05,-7.933060667317249e-05,0.0,True,True,True,True,True,True,True,-1.0,1.0,5.551115123125783e-17
27003,0.4,C2,0.0004962039408419232,0.39904688705812397,0.00428901670819537,0.18151456544370692,3.8360051181500726e-06,0.9999885984105896,0.003039314174799985,0.0004704387332269411,-0.0008594058630653767,0.0,True,True,True,True,True,True,True,-1.0,1.0,3.700743415417188e-17
27003,0.4,C3,0.000815025410485819,0.3971847670928921,0.04807844209934142,0.10469804923667611,1.2902375361225703e-05,0.9999507006367325,0.005581840193381132,0.0003830081508780503,-0.0014750112393763226,0.0,True,True,True,True,True,True,True,-1.0,1.0,0.0
27003,0.4,C4,0.00029788867646698974,0.39815478303493973,0.035948411875250136,0.16315652453439322,2.7304537858733375e-06,0.9999850489812867,0.0025635362940588055,0.00021605256704188003,-0.000818098073869622,0.0,True,True,True,True,True,True,True,-1.0,1.0,5.551115123125783e-17
27003,0.4,C5,3.398033898468573e-05,0.3999348482239913,0.003028139972870103,0.19256421093306597,1.5078667605038197e-08,0.9999999840804443,0.00019025364963143137,5.761146814609042e-07,-2.7499174574535656e-05,0.0,True,True,True,True,True,True,True,-1.0,1.0,0.0
27003,0.4,C6,0.0008915651162993072,0.19907810306246035,0.0013001279287855327,0.09552064130444114,1.5414740390026843e-05,0.9999534637129069,0.006102875014470144,7.934518252206146e-06,-0.0009218969375396624,0.0,True,True,True,True,True,True,True,-1.0,1.0,3.700743415417188e-17
27003,0.4,C7,0.0002982238187237233,0.3969139930660525,5.3583771758125565e-05,0.14691782987965174,1.4409765252063974e-05,0.9999108281048732,0.005899926719455655,4.293024547183388e-05,-0.0021553090388324314,0.0,True,True,True,True,True,True,True,-1.0,1.0,5.551115123125783e-17
27003,0.5,C1,0.0002892480050867828,0.3998900322767898,0.02092456448287977,0.1552466185206919,8.459902274564213e-06,0.9999999104075099,0.00042348158756607085,5.9367670072973944e-05,-7.933038190144348e-05,0.0,True,True,True,True,True,True,True,-1.0,1.0,5.551115123125783e-17
27003,0.5,C2,0.0004962016512488939,0.39904722948874854,0.00428901670819537,0.18151456544370692,3.199358406410518e-06,0.9999904849293035,0.002535953108315875,0.00039252624085089893,-0.0008594010082791925,0.0,True,True,True,True,True,True,True,-1.0,1.0,3.700743415417188e-17
27003,0.5,C3,0.0008149741143284391,0.3971854872090036,0.04807844209934142,0.10469804923667611,1.0768522634719698e-05,0.9999587941786863,0.004662252387617901,0.00031990895547773235,-0.0014747118689044658,0.0,True,True,True,True,True,True,True,-1.0,1.0,0.0
27003,0.5,C4,0.00029786131583428116,0.39815485674744167,0.035948411875250136,0.16315652453439322,2.2769926955134585e-06,0.9999875201892552,0.002138552394122661,0.00018049021056132375,-0.0008180092378677339,0.0,True,True,True,True,True,True,True,-1.0,1.0,5.551115123125783e-17
27003,0.5,C5,3.414292222066743e-05,0.3999348482239913,0.003028139972870103,0.19256421093306597,1.2566220229607794e-08,0.9999999867329834,0.0001585572722547462,4.801336140891621e-07,-2.7499091890703653e-05,0.0,True,True,True,True,True,True,True,-1.0,1.0,0.0
27003,0.5,C6,0.0008915042852943279,0.19907883314548624,0.0013001279287855327,0.09552064130444114,1.2867210952588743e-05,0.9999611069093504,0.0050985316077950095,6.628743339093246e-06,-0.0009211668545137663,0.0,True,True,True,True,True,True,True,-1.0,1.0,3.700743415417188e-17
27003,0.5,C7,0.000297891615975719,0.39691613272476267,5.3583771758125565e-05,0.14691782987965174,1.2027657980582815e-05,0.9999253917470934,0.0049285746967153736,4.2919835730820255e-05,-0.002154979073266561,0.0,True,True,True,True,True,True,True,-1.0,1.0,5.551115123125783e-17
27003,0.6,C1,0.00028903017443574446,0.3998900347866497,0.02092456448287977,0.1552466185206919,6.781756029049553e-06,0.9999999283108476,0.0003388927355601784,4.750920159363181e-05,-7.933015712971447e-05,0.0,True,True,True,True,True,True,True,-1.0,1.0,5.551115123125783e-17
27003,0.6,C2,0.0004961993616558647,0.3990475719193731,0.00428901670819537,0.18151456544370692,2.562711694670962e-06,0.9999923714480177,0.0020325920418317648,0.00031461374847482904,-0.0008593961534930361,0.0,True,True,True,True,True,True,True,-1.0,1.0,3.700743415417188e-17
27003,0.6,C3,0.0008149228181710592,0.3971862073251151,0.04807844209934142,0.10469804923667611,8.634669908213692e-06,0.9999668877206399,0.003742664581854671,0.0002568097600774699,-0.0014744124984325535,0.0,True,True,True,True,True,True,True,-1.0,1.0,0.0
27003,0.6,C4,0.0002978339552015726,0.39815493045994355,0.035948411875250136,0.16315652453439322,1.8235316051535802e-06,0.9999899913972236,0.0017135684941865165,0.00014492785408076747,-0.0008179204018658459,0.0,True,True,True,True,True,True,True,-1.0,1.0,5.551115123125783e-17
27003,0.6,C5,3.430550545664914e-05,0.3999348482239913,0.003028139972870103,0.19256421093306597,1.0053772854177394e-08,0.9999999893855225,0.00012686089487806102,3.841525467729312e-07,-2.749900920687165e-05,0.0,True,True,True,True,True,True,True,-1.0,1.0,0.0
27003,0.6,C6,0.0008914434542893486,0.19907956322851214,0.0013001279287855327,0.09552064130444114,1.0319681515150643e-05,0.9999687501057939,0.004094188201119875,5.322968425980346e-06,-0.0009204367714878703,0.0,True,True,True,True,True,True,True,-1.0,1.0,3.700743415417188e-17
27003,0.6,C7,0.00029755941322771466,0.39691827238347277,5.3583771758125565e-05,0.14691782987965174,9.645550709101658e-06,0.9999399553893136,0.003957222673975093,4.2909425989806627e-05,-0.0021546491077006347,0.0,True,True,True,True,True,True,True,-1.0,1.0,5.551115123125783e-17
27003,0.7,C1,0.00028881234378470616,0.3998900372965096,0.02092456448287977,0.1552466185206919,5.103609783534893e-06,0.9999999462141853,0.0002543038835542859,3.565073311428968e-05,-7.932993235798547e-05,0.0,True,True,True,True,True,True,True,-1.0,1.0,5.551115123125783e-17
27003,0.7,C2,0.0004961970720628354,0.3990479143499977,0.00428901670819537,0.18151456544370692,1.9260649829314062e-06,0.9999942579667316,0.0015292309753476552,0.0002367012560987869,-0.0008593912987068519,0.0,True,True,True,True,True,True,True,-1.0,1.0,3.700743415417188e-17
27003,0.7,C3,0.0008148715220136792,0.39718692744122663,0.04807844209934142,0.10469804923667611,6.500817181707686e-06,0.9999749812625935,0.002823076776091441,0.00019371056467715198,-0.0014741131279606967,0.0,True,True,True,True,True,True,True,-1.0,1.0,0.0
27003,0.7,C4,0.000297806594568864,0.3981550041724454,0.035948411875250136,0.16315652453439322,1.3700705147937016e-06,0.999992462605192,0.0012885845942503722,0.00010936549760021119,-0.0008178315658639579,0.0,True,True,True,True,True,True,True,-1.0,1.0,5.551115123125783e-17
27003,0.7,C5,3.4468088692630845e-05,0.3999348482239913,0.003028139972870103,0.19256421093306597,7.541325478746991e-09,0.9999999920380616,9.516451750137584e-05,2.881714794567003e-07,-2.7498926523039646e-05,0.0,True,True,True,True,True,True,True,-1.0,1.0,0.0
27003,0.7,C6,0.0008913826232843691,0.19908029331153804,0.0013001279287855327,0.09552064130444114,7.77215207771254e-06,0.9999763933022375,0.003089844794444741,4.017193512867445e-06,-0.0009197066884619742,0.0,True,True,True,True,True,True,True,-1.0,1.0,3.700743415417188e-17
27003,0.7,C7,0.0002972272104797104,0.396920412042183,5.3583771758125565e-05,0.14691782987965174,7.263443437620499e-06,0.9999545190315339,0.002985870651234811,4.2899016248793e-05,-0.002154319142134764,0.0,True,True,True,True,True,True,True,-1.0,1.0,5.551115123125783e-17
27003,0.8,C1,0.0002885945131336678,0.3998900398063695,0.02092456448287977,0.1552466185206919,3.425463538020232e-06,0.9999999641175232,0.00016971503154839332,2.3792264634947546e-05,-7.932970758628421e-05,0.0,True,True,True,True,True,True,True,-1.0,1.0,5.551115123125783e-17
27003,0.8,C2,0.0004961947824698061,0.3990482567806223,0.00428901670819537,0.18151456544370692,1.28941827119185e-06,0.9999961444854455,0.0010258699088635448,0.000158788763722717,-0.0008593864439206955,0.0,True,True,True,True,True,True,True,-1.0,1.0,3.700743415417188e-17
27003,0.8,C3,0.0008148202258562993,0.39718764755733815,0.04807844209934142,0.10469804923667611,4.366964455201679e-06,0.9999830748045473,0.0019034889703282098,0.00013061136927688954,-0.00147381375748884,0.0,True,True,True,True,True,True,True,-1.0,1.0,0.0
27003,0.8,C4,0.0002977792339361554,0.3981550778849473,0.035948411875250136,0.16315652453439322,9.166094244338226e-07,0.9999949338131605,0.0008636006943142273,7.380314111965491e-05,-0.0008177427298620976,0.0,True,True,True,True,True,True,True,-1.0,1.0,5.551115123125783e-17
27003,0.8,C5,3.463067192861255e-05,0.3999348482239913,0.003028139972870103,0.19256421093306597,5.028878103316586e-09,0.9999999946906006,6.346814012469064e-05,1.921904121404694e-07,-2.7498843839179887e-05,0.0,True,True,True,True,True,True,True,-1.0,1.0,0.0
27003,0.8,C6,0.0008913217922793898,0.19908102339456396,0.0013001279287855327,0.09552064130444114,5.224622640274437e-06,0.9999840364986811,0.002085501387769606,2.711418599754545e-06,-0.0009189766054360504,0.0,True,True,True,True,True,True,True,-1.0,1.0,3.700743415417188e-17
27003,0.8,C7,0.00029689500773170605,0.3969225517008931,5.3583771758125565e-05,0.14691782987965174,4.881336166139337e-06,0.9999690826737541,0.002014518628494529,4.288860650777937e-05,-0.0021539891765688934,0.0,True,True,True,True,True,True,True,-1.0,1.0,5.551115123125783e-17
27003,0.9,C1,0.00028837668248262946,0.3998900423162294,0.02092456448287977,0.1552466185206919,1.7473172925055726e-06,0.9999999820208609,8.512617954250085e-05,1.1933796155549903e-05,-7.932948281455521e-05,0.0,True,True,True,True,True,True,True,-1.0,1.0,5.551115123125783e-17
27003,0.9,C2,0.0004961924928767768,0.3990485992112468,0.00428901670819537,0.18151456544370692,6.527715594522943e-07,0.9999980310041595,0.0005225088423794347,8.08762713466471e-05,-0.0008593815891345113,0.0,True,True,True,True,True,True,True,-1.0,1.0,3.700743415417188e-17
27003,0.9,C3,0.0008147689296989194,0.39718836767344967,0.04807844209934142,0.10469804923667611,2.2331117286956724e-06,0.999991168346501,0.0009839011645649794,6.75121738765716e-05,-0.0014735143870169276,0.0,True,True,True,True,True,True,True,-1.0,1.0,0.0
27003,0.9,C4,0.0002977518733034468,0.3981551515974492,0.035948411875250136,0.16315652453439322,4.63148334073944e-07,0.999997405021129,0.0004386167943780829,3.8240784639098635e-05,-0.0008176538938602096,0.0,True,True,True,True,True,True,True,-1.0,1.0,5.551115123125783e-17
27003,0.9,C5,3.479325516459426e-05,0.3999348482239913,0.003028139972870103,0.19256421093306597,2.516430727886185e-09,0.9999999973431398,3.177176274800546e-05,9.620934476872733e-08,-2.7498761155347884e-05,0.0,True,True,True,True,True,True,True,-1.0,1.0,0.0
27003,0.9,C6,0.0008912609612744105,0.19908175347758986,0.0013001279287855327,0.09552064130444114,2.6770932028363356e-06,0.9999916796951246,0.0010811579810944718,1.4056436866416444e-06,-0.0009182465224101544,0.0,True,True,True,True,True,True,True,-1.0,1.0,3.700743415417188e-17
27003,0.9,C7,0.00029656280498370176,0.39692469135960323,5.3583771758125565e-05,0.14691782987965174,2.4992288946581795e-06,0.9999836463159744,0.0010431666057542472,4.287819676676574e-05,-0.0021536592110029673,0.0,True,True,True,True,True,True,True,-1.0,1.0,5.551115123125783e-17
27003,1.0,C1,0.0002881588518315911,0.39989004482608925,0.02092456448287977,0.1552466185206919,6.917104699091334e-08,0.9999999999241986,5.373275366083626e-07,7.532767620777037e-08,-7.93292580428262e-05,0.0,True,True,True,True,True,True,True,-1.0,1.0,5.551115123125783e-17
27003,1.0,C2,0.0004961902032837476,0.39904894164187144,0.00428901670819537,0.18151456544370692,1.6124847712738717e-08,0.9999999175228735,1.914777589532489e-05,2.9637789706049578e-06,-0.0008593767343483549,0.0,True,True,True,True,True,True,True,-1.0,1.0,3.700743415417188e-17
27003,1.0,C3,0.0008147176335415395,0.3971890877895612,0.04807844209934142,0.10469804923667611,9.925900218966687e-08,0.9999992618884547,6.431335880174918e-05,4.4129784762536595e-06,-0.0014732150165450708,0.0,True,True,True,True,True,True,True,-1.0,1.0,0.0
27003,1.0,C4,0.00029772451267073824,0.39815522530995107,0.035948411875250136,0.16315652453439322,9.687243714065565e-09,0.9999998762290975,1.3632894441938556e-05,2.224295676478416e-06,-0.0008175650578583216,0.0,True,True,True,True,True,True,True,-1.0,1.0,5.551115123125783e-17
27003,1.0,C5,3.495583840057597e-05,0.3999348482239913,0.003028139972870103,0.19256421093306597,3.983352455783377e-12,0.9999999999956789,7.538537132027942e-08,2.2827745249642817e-10,-2.749867847151588e-05,0.0,True,True,True,True,True,True,True,-1.0,1.0,0.0
27003,1.0,C6,0.0008912001302694312,0.19908248356061575,0.0013001279287855327,0.09552064130444114,1.2956376539823453e-07,0.9999993228915681,7.681457441933775e-05,9.986877352874401e-08,-0.0009175164393842583,0.0,True,True,True,True,True,True,True,-1.0,1.0,3.700743415417188e-17
27003,1.0,C7,0.0002962306022356975,0.3969268310183134,5.3583771758125565e-05,0.14691782987965174,1.1712162317702093e-07,0.9999982099581946,7.181458301396583e-05,1.0015082909840822e-05,-0.0021533292454370967,0.0,True,True,True,True,True,True,True,-1.0,1.0,5.551115123125783e-17
27004,0.0,C1,3.2214385116313175e-05,0.3997286663470616,0.02741752509502443,0.18563570541303853,2.3719407977566994e-07,0.9999985309409236,0.0009740514971512953,0.00013044505930027983,-0.0002343502368399586,0.0,True,True,True,True,True,True,True,-1.0,1.0,5.551115123125783e-17
27004,0.0,C2,0.0009472015113533931,0.3970959353085576,0.021655614930864098,0.1390995271975518,2.5636883800052145e-05,0.9999042214178718,0.010126575689748661,0.0007341427369132458,-0.0012683998166921617,0.0,True,True,True,True,True,True,True,-1.0,1.0,5.551115123125783e-17
27004,0.0,C3,0.0005941384541894573,0.39635276076304077,0.010435154267493973,0.14376152320239316,0.00010596145506762728,0.999843260696192,0.020587516126782005,0.002755666735243467,-0.0025039113707001903,0.0,True,True,True,True,True,True,True,-1.0,1.0,0.0
27004,0.0,C4,0.0008389886970860469,0.3961865407965371,0.03738576213580097,0.06275473011825178,2.7276416827546472e-05,0.9998879248929505,0.010445365829409034,0.0004132540666630935,-0.0017229168001666184,0.0,True,True,True,True,True,True,True,-1.0,1.0,5.551115123125783e-17
27004,0.0,C5,0.0003337025667971664,0.39996285660247044,0.007759889331687864,0.1472692875157564,5.739497191815103e-06,0.9999999784040242,0.0002939113868711818,4.328412053727915e-05,-2.9391138687107077e-05,0.0,True,True,True,True,True,True,True,-1.0,1.0,0.0
27004,0.0,C6,0.000414816954403617,0.19924492429766605,0.008338665826729041,0.14868579257106884,6.245571359177325e-05,0.9999768808924685,0.009616466613366015,0.00041513799835582454,-0.0007550757023339627,0.0,True,True,True,True,True,True,True,-1.0,1.0,3.700743415417188e-17
27004,0.0,C7,0.0018367151114912152,0.39331513582895195,0.0034741599707854842,0.10087496701777582,9.041870860668463e-05,0.9997235443987942,0.0190177505091096,0.0012719746199054693,-0.0026999780331835588,0.0,True,True,True,True,True,True,True,-1.0,1.0,5.551115123125783e-17
27004,0.1,C1,3.221121015822028e-05,0.39972869222249785,0.02741752509502443,0.18563570541303853,2.13486223760529e-07,0.9999986776687744,0.0008767175056600985,0.00011741008288565502,-0.00023434926001966727,0.0,True,True,True,True,True,True,True,-1.0,1.0,5.551115123125783e-17
27004,0.1,C2,0.0009471683690673002,0.39709692434442334,0.021655614930864098,0.1390995271975518,2.3086176112259455e-05,0.9999137055409073,0.009121609185913811,0.0006612860396213449,-0.0012677255839703139,0.0,True,True,True,True,True,True,True,-1.0,1.0,5.551115123125783e-17
27004,0.1,C3,0.0005926308168384631,0.39635446415329456,0.010435154267493973,0.14376152320239316,9.547438371911566e-05,0.9998587383959103,0.01856055295062409,0.0024852750206733054,-0.0025039113707001903,0.0,True,True,True,True,True,True,True,-1.0,1.0,0.0
27004,0.1,C4,0.0008388813459428861,0.39618698666197466,0.03738576213580097,0.06275473011825178,2.4563020752405784e-05,0.999899013754748,0.009409012171516396,0.0003722524042397979,-0.0017224992730489608,0.0,True,True,True,True,True,True,True,-1.0,1.0,5.551115123125783e-17
27004,0.1,C5,0.0003336677228039659,0.3999628569204661,0.007759889331687864,0.1472692875157564,5.166922498194753e-06,0.9999999805633045,0.00026452672697681355,3.895666261072295e-05,-2.9391138687107077e-05,0.0,True,True,True,True,True,True,True,-1.0,1.0,0.0
27004,0.1,C6,0.00041389566552134117,0.19924502362180257,0.008338665826729041,0.14868579257106884,5.625950031312058e-05,0.9999791816870154,0.008661755684288862,0.00037392361057281276,-0.0007549763781974361,0.0,True,True,True,True,True,True,True,-1.0,1.0,3.700743415417188e-17
27004,0.1,C7,0.001836653246806414,0.39331178424301433,0.0034741599707854842,0.10087496701777582,8.146281576809807e-05,0.9997507302974568,0.017143101070780646,0.0011479495174498977,-0.0026989381622306574,0.0,True,True,True,True,True,True,True,-1.0,1.0,5.551115123125783e-17
27004,0.2,C1,3.2208035200127387e-05,0.3997287180979341,0.02741752509502443,0.18563570541303853,1.8977836774538804e-07,0.9999988243966251,0.0007793835141689016,0.00010437510647103021,-0.0002343482831993482,0.0,True,True,True,True,True,True,True,-1.0,1.0,5.551115123125783e-17
27004,0.2,C2,0.0009471352267812074,0.39709791338028905,0.021655614930864098,0.1390995271975518,2.053546842446677e-05,0.9999231896639428,0.008116642682078961,0.000588429342329444,-0.0012670513512484938,0.0,True,True,True,True,True,True,True,-1.0,1.0,5.551115123125783e-17
27004,0.2,C3,0.000591123179487469,0.3963561675435483,0.010435154267493973,0.14376152320239316,8.498731237060404e-05,0.9998742160956287,0.01653358977446618,0.0022148833061031437,-0.0025039113707001903,0.0,True,True,True,True,True,True,True,-1.0,1.0,0.0
27004,0.2,C4,0.0008387739947997252,0.39618743252741223,0.03738576213580097,0.06275473011825178,2.1849624677265096e-05,0.9999101026165456,0.008372658513623756,0.00033125074181650227,-0.0017220817459313031,0.0,True,True,True,True,True,True,True,-1.0,1.0,5.551115123125783e-17
27004,0.2,C5,0.00033363287881076536,0.39996285723846176,0.007759889331687864,0.1472692875157564,4.594347804574404e-06,0.9999999827225846,0.00023514206708244532,3.462920468422226e-05,-2.9391138687107077e-05,0.0,True,True,True,True,True,True,True,-1.0,1.0,0.0
27004,0.2,C6,0.0004129743766390653,0.1992451229459391,0.008338665826729041,0.14868579257106884,5.0063287034467915e-05,0.9999814824815623,0.00770704475521171,0.00033270922278982873,-0.0007548770540609095,0.0,True,True,True,True,True,True,True,-1.0,1.0,3.700743415417188e-17
27004,0.2,C7,0.0018365913821216128,0.39330843265707666,0.0034741599707854842,0.10087496701777582,7.250692292951149e-05,0.9997779161961194,0.015268451632451692,0.001023924414994326,-0.0026978982912777283,0.0,True,True,True,True,True,True,True,-1.0,1.0,5.551115123125783e-17
27004,0.3,C1,3.220486024203449e-05,0.3997287439733703,0.02741752509502443,0.18563570541303853,1.660705117302471e-07,0.9999989711244757,0.0006820495226777047,9.134013005639152e-05,-0.00023434730637905687,0.0,True,True,True,True,True,True,True,-1.0,1.0,5.551115123125783e-17
27004,0.3,C2,0.0009471020844951146,0.39709890241615475,0.021655614930864098,0.1390995271975518,1.798476073667408e-05,0.9999326737869783,0.0071116761782441095,0.0005155726450375431,-0.0012663771185266737,0.0,True,True,True,True,True,True,True,-1.0,1.0,5.551115123125783e-17
27004,0.3,C3,0.0005896155421364747,0.3963578709338021,0.010435154267493973,0.14376152320239316,7.45002410220924e-05,0.9998896937953468,0.014506626598308267,0.0019444915915329264,-0.0025039113707001903,0.0,True,True,True,True,True,True,True,-1.0,1.0,0.0
27004,0.3,C4,0.0008386666436565645,0.3961878783928498,0.03738576213580097,0.06275473011825178,1.9136228602124407e-05,0.9999211914783429,0.007336304855731115,0.00029024907939320665,-0.0017216642188136455,0.0,True,True,True,True,True,True,True,-1.0,1.0,5.551115123125783e-17
27004,0.3,C5,0.00033359803481756485,0.39996285755645744,0.007759889331687864,0.1472692875157564,4.021773110954053e-06,0.9999999848818648,0.00020575740718807708,3.030174675766606e-05,-2.9391138687107077e-05,0.0,True,True,True,True,True,True,True,-1.0,1.0,0.0
27004,0.3,C6,0.00041205308775678947,0.19924522227007563,0.008338665826729041,0.14868579257106884,4.3867073755815236e-05,0.9999837832761089,0.006752333826134557,0.00029149483500681694,-0.000754777729924383,0.0,True,True,True,True,True,True,True,-1.0,1.0,3.700743415417188e-17
27004,0.3,C7,0.0018365295174368117,0.393305081071139,0.0034741599707854842,0.10087496701777582,6.355103009092491e-05,0.9998051020947819,0.013393802194122737,0.0008998993125387544,-0.002696858420324827,0.0,True,True,True,True,True,True,True,-1.0,1.0,5.551115123125783e-17
27004,0.4,C1,3.22016852839416e-05,0.39972876984880656,0.02741752509502443,0.18563570541303853,1.4236265571510614e-07,0.9999991178523264,0.0005847155311865078,7.830515364176671e-05,-0.00023434632955876555,0.0,True,True,True,True,True,True,True,-1.0,1.0,5.551115123125783e-17
27004,0.4,C2,0.0009470689422090218,0.39709989145202046,0.021655614930864098,0.1390995271975518,1.543405304888139e-05,0.9999421579100136,0.006106709674409259,0.00044271594774564216,-0.0012657028858048258,0.0,True,True,True,True,True,True,True,-1.0,1.0,5.551115123125783e-17
27004,0.4,C3,0.0005881079047854805,0.3963595743240559,0.010435154267493973,0.14376152320239316,6.401316967358078e-05,0.9999051714950651,0.012479663422150357,0.0016740998769627646,-0.0025039113707001903,0.0,True,True,True,True,True,True,True,-1.0,1.0,0.0
27004,0.4,C4,0.0008385592925134037,0.39618832425828737,0.03738576213580097,0.06275473011825178,1.642283252698372e-05,0.9999322803401405,0.006299951197838476,0.00024924741696991104,-0.0017212466916959879,0.0,True,True,True,True,True,True,True,-1.0,1.0,5.551115123125783e-17
27004,0.4,C5,0.00033356319082436433,0.39996285787445307,0.007759889331687864,0.1472692875157564,3.449198417333704e-06,0.9999999870411451,0.00017637274729370882,2.597428883116537e-05,-2.9391138687107077e-05,0.0,True,True,True,True,True,True,True,-1.0,1.0,0.0
27004,0.4,C6,0.0004111317988745136,0.19924532159421215,0.008338665826729041,0.14868579257106884,3.7670860477162576e-05,0.9999860840706559,0.005797622897057404,0.0002502804472238329,-0.0007546784057878564,0.0,True,True,True,True,True,True,True,-1.0,1.0,3.700743415417188e-17
27004,0.4,C7,0.0018364676527520105,0.3933017294852013,0.0034741599707854842,0.10087496701777582,5.4595137252338335e-05,0.9998322879934445,0.011519152755793781,0.0007758742100832106,-0.002695818549371898,0.0,True,True,True,True,True,True,True,-1.0,1.0,5.551115123125783e-17
27004,0.5,C1,3.21985103258487e-05,0.39972879572424275,0.02741752509502443,0.18563570541303853,1.186547996999652e-07,0.9999992645801772,0.0004873815396953111,6.527017722712802e-05,-0.00023434535273847423,0.0,True,True,True,True,True,True,True,-1.0,1.0,5.551115123125783e-17
27004,0.5,C2,0.0009470357999229289,0.39710088048788617,0.021655614930864098,0.1390995271975518,1.2883345361088703e-05,0.9999516420330492,0.005101743170574409,0.00036985925045379675,-0.001265028653082978,0.0,True,True,True,True,True,True,True,-1.0,1.0,5.551115123125783e-17
27004,0.5,C3,0.0005866002674344863,0.3963612777143096,0.010435154267493973,0.14376152320239316,5.352609832506916e-05,0.9999206491947834,0.010452700245992444,0.0014037081623926029,-0.0025039113707001903,0.0,True,True,True,True,True,True,True,-1.0,1.0,0.0
27004,0.5,C4,0.000838451941370243,0.39618877012372494,0.03738576213580097,0.06275473011825178,1.3709436451843029e-05,0.9999433692019379,0.005263597539945837,0.00020824575454658767,-0.0017208291645783302,0.0,True,True,True,True,True,True,True,-1.0,1.0,5.551115123125783e-17
27004,0.5,C5,0.00033352834683116376,0.3999628581924487,0.007759889331687864,0.1472692875157564,2.8766237237133545e-06,0.9999999892004252,0.0001469880873993406,2.164683090460917e-05,-2.9391138687107077e-05,0.0,True,True,True,True,True,True,True,-1.0,1.0,0.0
27004,0.5,C6,0.0004102105099922377,0.19924542091834868,0.008338665826729041,0.14868579257106884,3.147464719850991e-05,0.9999883848652028,0.004842911967980251,0.00020906605944082113,-0.0007545790816513298,0.0,True,True,True,True,True,True,True,-1.0,1.0,3.700743415417188e-17
27004,0.5,C7,0.0018364057880672095,0.39329837789926364,0.0034741599707854842,0.10087496701777582,4.5639244413751765e-05,0.9998594738921072,0.009644503317464827,0.0006518491076276389,-0.0026947786784189964,0.0,True,True,True,True,True,True,True,-1.0,1.0,5.551115123125783e-17
27004,0.6,C1,3.21953353677558e-05,0.39972882159967893,0.02741752509502443,0.18563570541303853,9.494694368482425e-08,0.9999994113080278,0.0003900475482041143,5.223520081250321e-05,-0.0002343443759181829,0.0,True,True,True,True,True,True,True,-1.0,1.0,5.551115123125783e-17
27004,0.6,C2,0.0009470026576368361,0.39710186952375187,0.021655614930864098,0.1390995271975518,1.0332637673296015e-05,0.9999611261560846,0.004096776666739559,0.00029700255316189583,-0.0012643544203611579,0.0,True,True,True,True,True,True,True,-1.0,1.0,5.551115123125783e-17
27004,0.6,C3,0.0005850926300834921,0.3963629811045634,0.010435154267493973,0.14376152320239316,4.3039026976557536e-05,0.9999361268945017,0.008425737069834531,0.0011333164478224411,-0.0025039113707001903,0.0,True,True,True,True,True,True,True,-1.0,1.0,0.0
27004,0.6,C4,0.0008383445902270821,0.3961892159891625,0.03738576213580097,0.06275473011825178,1.099604037670234e-05,0.9999544580637354,0.004227243882053197,0.00016724409212329205,-0.0017204116374606726,0.0,True,True,True,True,True,True,True,-1.0,1.0,5.551115123125783e-17
27004,0.6,C5,0.00033349350283796324,0.3999628585104444,0.007759889331687864,0.1472692875157564,2.304049030093005e-06,0.9999999913597054,0.00011760342750497236,1.731937297805297e-05,-2.9391138687107077e-05,0.0,True,True,True,True,True,True,True,-1.0,1.0,0.0
27004,0.6,C6,0.0004092892211099619,0.1992455202424852,0.008338665826729041,0.14868579257106884,2.5278433919857244e-05,0.9999906856597497,0.0038882010389030986,0.0001678516716578371,-0.0007544797575148032,0.0,True,True,True,True,True,True,True,-1.0,1.0,3.700743415417188e-17
27004,0.6,C7,0.0018363439233824083,0.393295026313326,0.0034741599707854842,0.10087496701777582,3.6683351575165195e-05,0.9998866597907697,0.007769853879135873,0.0005278240051720673,-0.0026937388074660673,0.0,True,True,True,True,True,True,True,-1.0,1.0,5.551115123125783e-17
27004,0.7,C1,3.219216040966291e-05,0.39972884747511517,0.02741752509502443,0.18563570541303853,7.123908766968331e-08,0.9999995580358785,0.0002927135567129175,3.92002243978784e-05,-0.0002343433990978916,0.0,True,True,True,True,True,True,True,-1.0,1.0,5.551115123125783e-17
27004,0.7,C2,0.0009469695153507433,0.3971028585596176,0.021655614930864098,0.1390995271975518,7.781929985503327e-06,0.9999706102791202,0.0030918101629047083,0.00022414585586999491,-0.00126368018763931,0.0,True,True,True,True,True,True,True,-1.0,1.0,5.551115123125783e-17
27004,0.7,C3,0.0005835849927324979,0.3963646844948172,0.010435154267493973,0.14376152320239316,3.255195562804591e-05,0.9999516045942201,0.00639877389367662,0.0008629247332522794,-0.0025039113707001903,0.0,True,True,True,True,True,True,True,-1.0,1.0,0.0
27004,0.7,C4,0.0008382372390839214,0.3961896618546001,0.03738576213580097,0.06275473011825178,8.282644301561654e-06,0.9999655469255329,0.003190890224160558,0.00012624242969999644,-0.0017199941103430427,0.0,True,True,True,True,True,True,True,-1.0,1.0,5.551115123125783e-17
27004,0.7,C5,0.00033345865884476273,0.39996285882844007,0.007759889331687864,0.1472692875157564,1.7314743364726555e-06,0.9999999935189857,8.821876761060414e-05,1.2991915051552283e-05,-2.9391138687107077e-05,0.0,True,True,True,True,True,True,True,-1.0,1.0,0.0
27004,0.7,C6,0.000408367932227686,0.19924561956662173,0.008338665826729041,0.14868579257106884,1.9082220641204574e-05,0.9999929864542965,0.002933490109825946,0.0001266372838748253,-0.0007543804333782766,0.0,True,True,True,True,True,True,True,-1.0,1.0,3.700743415417188e-17
27004,0.7,C7,0.0018362820586976072,0.39329167472738835,0.0034741599707854842,0.10087496701777582,2.7727458736578628e-05,0.9999138456894323,0.00589520444080692,0.00040379890271649566,-0.002692698936513166,0.0,True,True,True,True,True,True,True,-1.0,1.0,5.551115123125783e-17
27004,0.8,C1,3.2188985451570014e-05,0.3997288733505514,0.02741752509502443,0.18563570541303853,4.753123165454234e-08,0.9999997047637292,0.0001953795652217206,2.6165247983239714e-05,-0.00023434242227760027,0.0,True,True,True,True,True,True,True,-1.0,1.0,5.551115123125783e-17
27004,0.8,C2,0.0009469363730646505,0.39710384759548334,0.021655614930864098,0.1390995271975518,5.231222297710635e-06,0.9999800944021555,0.002086843659069857,0.000151289158578094,-0.0012630059549174621,0.0,True,True,True,True,True,True,True,-1.0,1.0,5.551115123125783e-17
27004,0.8,C3,0.0005820773553815037,0.39636638788507095,0.010435154267493973,0.14376152320239316,2.206488427953428e-05,0.9999670822939382,0.004371810717518705,0.0005925330186821176,-0.0025039113707001903,0.0,True,True,True,True,True,True,True,-1.0,1.0,0.0
27004,0.8,C4,0.0008381298879407606,0.39619010772003765,0.03738576213580097,0.06275473011825178,5.569248226420962e-06,0.9999766357873304,0.002154536566267918,8.524076727670082e-05,-0.001719576583225385,0.0,True,True,True,True,True,True,True,-1.0,1.0,5.551115123125783e-17
27004,0.8,C5,0.0003334238148515622,0.3999628591464357,0.007759889331687864,0.1472692875157564,1.158899642852305e-06,0.9999999956782659,5.8834107716235873e-05,8.664457124996083e-06,-2.9391138687107077e-05,0.0,True,True,True,True,True,True,True,-1.0,1.0,0.0
27004,0.8,C6,0.0004074466433454102,0.19924571889075826,0.008338665826729041,0.14868579257106884,1.2886007362551901e-05,0.9999952872488433,0.0019787791807487926,8.542289609184128e-05,-0.0007542811092417501,0.0,True,True,True,True,True,True,True,-1.0,1.0,3.700743415417188e-17
27004,0.8,C7,0.0018362201940128062,0.3932883231414507,0.0034741599707854842,0.10087496701777582,1.8771565897992044e-05,0.9999410315880949,0.004020555002477963,0.0002797738002609518,-0.002691659065560237,0.0,True,True,True,True,True,True,True,-1.0,1.0,5.551115123125783e-17
27004,0.9,C1,3.218581049347712e-05,0.39972889922598764,0.02741752509502443,0.18563570541303853,2.38233756394014e-08,0.9999998514915799,9.804557373052381e-05,1.3130271568614904e-05,-0.0002343414454572812,0.0,True,True,True,True,True,True,True,-1.0,1.0,5.551115123125783e-17
27004,0.9,C2,0.0009469032307785576,0.39710483663134905,0.021655614930864098,0.1390995271975518,2.6805146099179473e-06,0.9999895785251911,0.0010818771552350067,7.843246128619308e-05,-0.001262331722195642,0.0,True,True,True,True,True,True,True,-1.0,1.0,5.551115123125783e-17
27004,0.9,C3,0.0005805697180305095,0.39636809127532474,0.010435154267493973,0.14376152320239316,1.1577812931022655e-05,0.9999825599936565,0.0023448475413607936,0.00032214130411195585,-0.0025039113707001903,0.0,True,True,True,True,True,True,True,-1.0,1.0,0.0
27004,0.9,C4,0.0008380225367975999,0.3961905535854752,0.03738576213580097,0.06275473011825178,2.855852151280274e-06,0.9999877246491279,0.0011181829083752788,4.423910485340521e-05,-0.0017191590561077275,0.0,True,True,True,True,True,True,True,-1.0,1.0,5.551115123125783e-17
27004,0.9,C5,0.00033338897085836164,0.3999628594644314,0.007759889331687864,0.1472692875157564,5.863249492319557e-07,0.9999999978375461,2.9449447821867637e-05,4.336999198439884e-06,-2.9391138687107077e-05,0.0,True,True,True,True,True,True,True,-1.0,1.0,0.0
27004,0.9,C6,0.00040652535446313433,0.1992458182148948,0.008338665826729041,0.14868579257106884,6.689794083899235e-06,0.9999975880433902,0.00102406825167164,4.420850830885725e-05,-0.0007541817851052235,0.0,True,True,True,True,True,True,True,-1.0,1.0,3.700743415417188e-17
27004,0.9,C7,0.001836158329328005,0.393284971555513,0.0034741599707854842,0.10087496701777582,9.815673059405474e-06,0.9999682174867575,0.0021459055641490084,0.00015574869780538014,-0.0026906191946073355,0.0,True,True,True,True,True,True,True,-1.0,1.0,5.551115123125783e-17
27004,1.0,C1,3.218263553538422e-05,0.3997289251014239,0.02741752509502443,0.18563570541303853,1.1551962426045753e-10,0.9999999982194306,7.115822393270098e-07,9.529515397621591e-08,-0.00023434046863698987,0.0,True,True,True,True,True,True,True,-1.0,1.0,5.551115123125783e-17
27004,1.0,C2,0.0009468700884924648,0.39710582566721475,0.021655614930864098,0.1390995271975518,1.2980692212525966e-07,0.9999990626482265,7.691065140015644e-05,5.575763994347671e-06,-0.001261657489473822,0.0,True,True,True,True,True,True,True,-1.0,1.0,5.551115123125783e-17
27004,1.0,C3,0.0005790620806795152,0.39636979466557853,0.010435154267493973,0.14376152320239316,1.0907415825110318e-06,0.9999980376933748,0.0003178843652028819,4.569954054379349e-05,-0.0025039113707001903,0.0,True,True,True,True,True,True,True,-1.0,1.0,0.0
27004,1.0,C4,0.000837915185654439,0.3961909994509128,0.03738576213580097,0.06275473011825178,1.4245607613958574e-07,0.9999988135109253,8.182925048263941e-05,3.2374424300818383e-06,-0.0017187415289900976,0.0,True,True,True,True,True,True,True,-1.0,1.0,5.551115123125783e-17
27004,1.0,C5,0.0003333541268651611,0.39996285978242707,0.007759889331687864,0.1472692875157564,1.3750255611606187e-08,0.9999999999968263,6.478792749940611e-08,9.541271939195184e-09,-2.9391138687107077e-05,0.0,True,True,True,True,True,True,True,-1.0,1.0,0.0
27004,1.0,C6,0.0004056040655808585,0.19924591753903131,0.008338665826729041,0.14868579257106884,4.935808052465682e-07,0.9999998888379371,6.935732259448743e-05,2.9941205258454673e-06,-0.0007540824609686969,0.0,True,True,True,True,True,True,True,-1.0,1.0,3.700743415417188e-17
27004,1.0,C7,0.0018360964646432039,0.3932816199695754,0.0034741599707854842,0.10087496701777582,8.597802208189046e-07,0.99999540338542,0.0002712561258200539,2.736295274546885e-05,-0.002689579323654434,0.0,True,True,True,True,True,True,True,-1.0,1.0,5.551115123125783e-17
27005,0.0,C1,8.101408661171298e-05,0.39991813456259623,0.0072258500450279595,0.12811661139464844,6.908213890799041e-07,0.9999999397795513,0.0004907971017240609,4.601413247738717e-05,-2.6078289834419177e-05,0.0,True,True,True,True,True,True,True,-1.0,1.0,5.551115123125783e-17
27005,0.0,C2,0.0011472956280991408,0.3986931928765165,0.033779581552299376,0.11732296997338276,6.720042013296808e-05,0.999981792792762,0.008533980838496769,0.0006032016380839167,-0.0008821025076513056,0.0,True,True,True,True,True,True,True,-1.0,1.0,5.551115123125783e-17
27005,0.0,C3,0.0011185630492557934,0.39812921173885385,0.04259254512257987,0.14365682240144217,6.51184515346556e-05,0.9999781259455123,0.009353941305731084,0.00039840816713831995,-0.0006010259379257421,0.0,True,True,True,True,True,True,True,-1.0,1.0,0.0
27005,0.0,C4,0.001248550907412065,0.3990719759912884,0.020939076856876404,0.1454157449550702,5.257123007872412e-05,0.999986767178617,0.00727538902960756,0.0010579561155783512,-0.0006136722838937514,0.0,True,True,True,True,True,True,True,-1.0,1.0,5.551115123125783e-17
27005,0.0,C5,5.88657181883963e-06,0.3998178691307628,0.05847615781828641,0.1836143976035326,1.1911476902058321e-08,0.9999997587078311,0.00021827942552662467,3.188622152070636e-05,-6.195735360015053e-05,0.0,True,True,True,True,True,True,True,-1.0,1.0,0.0
27005,0.0,C6,0.0005958611341434027,0.19882315167895667,0.01575315075513395,0.1383883941396679,2.4459641457037197e-05,0.9998775913286835,0.009891337919015242,0.0001923304519192981,-0.001176848321043339,0.0,True,True,True,True,True,True,True,-1.0,1.0,7.401486830834377e-17
27005,0.0,C7,0.0014660789264400818,0.3989376981524835,0.0036471854983888274,0.17867958909539644,6.360626943580986e-05,0.9999868711973741,0.0072467379215694905,5.817518999681748e-05,-0.0006546696400615559,0.0,True,True,True,True,True,True,True,-1.0,1.0,5.551115123125783e-17
27005,0.1,C1,8.100700372367414e-05,0.3999181349624482,0.0072258500450279595,0.12811661139464844,6.21796668251572e-07,0.9999999458001183,0.0004417354576862844,4.141441299986004e-05,-2.607772538290587e-05,0.0,True,True,True,True,True,True,True,-1.0,1.0,5.551115123125783e-17
27005,0.1,C2,0.0011468921251816884,0.39869336355145846,0.033779581552299376,0.11732296997338276,6.05354662435997e-05,0.9999836057444879,0.007686044916818479,0.0005436231938925618,-0.0008849607018813488,0.0,True,True,True,True,True,True,True,-1.0,1.0,5.551115123125783e-17
27005,0.1,C3,0.0011181633159144395,0.39812921173885385,0.04259254512257987,0.14365682240144217,5.865915436981597e-05,0.99998030312053,0.008425109391504305,0.0003588468519203081,-0.0006008695549032939,0.0,True,True,True,True,True,True,True,-1.0,1.0,0.0
27005,0.1,C4,0.0012484047573872964,0.3990721677173591,0.020939076856876404,0.1454157449550702,4.735222437770652e-05,0.9999880856470592,0.006551819973061714,0.0009527377821942906,-0.0006136308626961684,0.0,True,True,True,True,True,True,True,-1.0,1.0,5.551115123125783e-17
27005,0.1,C5,5.886397835177335e-06,0.3998178698359082,0.05847615781828641,0.1836143976035326,1.0720459213369257e-08,0.9999997828251953,0.0001964550564170328,2.8698121376589947e-05,-6.19555711948716e-05,0.0,True,True,True,True,True,True,True,-1.0,1.0,0.0
27005,0.1,C6,0.0005956666345057929,0.19882429780561445,0.01575315075513395,0.1383883941396679,2.2025774240284952e-05,0.9998896967647557,0.008909542019550831,0.00017324008713928696,-0.001175702194385564,0.0,True,True,True,True,True,True,True,-1.0,1.0,7.401486830834377e-17
27005,0.1,C7,0.0014659760508761092,0.39893783839343433,0.0036471854983888274,0.17867958909539644,5.729637074297252e-05,0.9999881793205871,0.006526002770200335,5.242726615617421e-05,-0.0006546442749743586,0.0,True,True,True,True,True,True,True,-1.0,1.0,5.551115123125783e-17
27005,0.2,C1,8.09999208356353e-05,0.3999181353623002,0.0072258500450279595,0.12811661139464844,5.527719474232398e-07,0.9999999518206855,0.00039267381364850785,3.681469352233291e-05,-2.6077160931392562e-05,0.0,True,True,True,True,True,True,True,-1.0,1.0,5.551115123125783e-17
27005,0.2,C2,0.001146488622264236,0.3986935342264004,0.033779581552299376,0.11732296997338276,5.3870512354231325e-05,0.9999854186962138,0.00683810899514019,0.0004840447497012623,-0.0008878188961113642,0.0,True,True,True,True,True,True,True,-1.0,1.0,5.551115123125783e-17
27005,0.2,C3,0.0011177635825730854,0.39812921173885385,0.04259254512257987,0.14365682240144217,5.219985720497634e-05,0.9999824802955477,0.0074962774772775265,0.00031928553670232396,-0.0006007131718808734,0.0,True,True,True,True,True,True,True,-1.0,1.0,0.0
27005,0.2,C4,0.0012482586073625278,0.39907235944342984,0.020939076856876404,0.1454157449550702,4.213321867668893e-05,0.9999894041155013,0.005828250916515868,0.00084751944881023,-0.0006135894414986132,0.0,True,True,True,True,True,True,True,-1.0,1.0,5.551115123125783e-17
27005,0.2,C5,5.886223851515041e-06,0.3998178705410536,0.05847615781828641,0.1836143976035326,9.529441524680193e-09,0.9999998069425597,0.000174630687307441,2.5510021232480473e-05,-6.195378878959268e-05,0.0,True,True,True,True,True,True,True,-1.0,1.0,0.0
27005,0.2,C6,0.0005954721348681831,0.19882544393227225,0.01575315075513395,0.1383883941396679,1.959190702353271e-05,0.9999018022008279,0.007927746120086416,0.00015414972235924806,-0.0011745560677277611,0.0,True,True,True,True,True,True,True,-1.0,1.0,7.401486830834377e-17
27005,0.2,C7,0.001465873175312137,0.3989379786343853,0.0036471854983888274,0.17867958909539644,5.098647205013518e-05,0.9999894874438002,0.00580526761883118,4.66793423155587e-05,-0.0006546189098871891,0.0,True,True,True,True,True,True,True,-1.0,1.0,5.551115123125783e-17
27005,0.3,C1,8.099283794759644e-05,0.3999181357621522,0.0072258500450279595,0.12811661139464844,4.837472265949077e-07,0.9999999578412524,0.00034361216961073125,3.2214974044819655e-05,-2.60765964798515e-05,0.0,True,True,True,True,True,True,True,-1.0,1.0,5.551115123125783e-17
27005,0.3,C2,0.0011460851193467836,0.39869370490134237,0.033779581552299376,0.11732296997338276,4.7205558464862936e-05,0.9999872316479397,0.0059901730734618994,0.0004244663055099629,-0.0008906770903414074,0.0,True,True,True,True,True,True,True,-1.0,1.0,5.551115123125783e-17
27005,0.3,C3,0.0011173638492317315,0.39812921173885385,0.04259254512257987,0.14365682240144217,4.574056004013671e-05,0.9999846574705653,0.006567445563050747,0.0002797242214843121,-0.0006005567888584806,0.0,True,True,True,True,True,True,True,-1.0,1.0,0.0
27005,0.3,C4,0.001248112457337759,0.3990725511695005,0.020939076856876404,0.1454157449550702,3.691421297567132e-05,0.9999907225839433,0.005104681859970022,0.0007423011154261694,-0.0006135480203010579,0.0,True,True,True,True,True,True,True,-1.0,1.0,5.551115123125783e-17
27005,0.3,C5,5.886049867852747e-06,0.399817871246199,0.05847615781828641,0.1836143976035326,8.338423835991127e-09,0.9999998310599238,0.0001528063181978491,2.2321921088371e-05,-6.195200638431375e-05,0.0,True,True,True,True,True,True,True,-1.0,1.0,0.0
27005,0.3,C6,0.0005952776352305734,0.19882659005893003,0.01575315075513395,0.1383883941396679,1.7158039806780462e-05,0.9999139076369001,0.006945950220622003,0.00013505935757923693,-0.001173409941069986,0.0,True,True,True,True,True,True,True,-1.0,1.0,7.401486830834377e-17
27005,0.3,C7,0.0014657702997481644,0.39893811887533615,0.0036471854983888274,0.17867958909539644,4.4676573357297835e-05,0.999990795567013,0.005084532467462023,4.093141847491544e-05,-0.0006545935448000195,0.0,True,True,True,True,True,True,True,-1.0,1.0,5.551115123125783e-17
27005,0.4,C1,8.09857550595576e-05,0.39991813616200417,0.0072258500450279595,0.12811661139464844,4.1472250576657565e-07,0.9999999638618196,0.0002945505255729547,2.7615254567292524e-05,-2.6076032028338192e-05,0.0,True,True,True,True,True,True,True,-1.0,1.0,5.551115123125783e-17
27005,0.4,C2,0.0011456816164293311,0.39869387557628433,0.033779581552299376,0.11732296997338276,4.054060457549456e-05,0.9999890445996656,0.00514223715178361,0.00036488786131866346,-0.0008935352845714228,0.0,True,True,True,True,True,True,True,-1.0,1.0,5.551115123125783e-17
27005,0.4,C3,0.0011169641158903776,0.39812921173885385,0.04259254512257987,0.14365682240144217,3.9281262875297084e-05,0.999986834645583,0.005638613648823968,0.00024016290626632797,-0.0006004004058360324,0.0,True,True,True,True,True,True,True,-1.0,1.0,0.0
27005,0.4,C4,0.0012479663073129905,0.39907274289557126,0.020939076856876404,0.1454157449550702,3.169520727465372e-05,0.9999920410523855,0.004381112803424176,0.0006370827820421088,-0.0006135065991035027,0.0,True,True,True,True,True,True,True,-1.0,1.0,5.551115123125783e-17
27005,0.4,C5,5.885875884190452e-06,0.3998178719513444,0.05847615781828641,0.1836143976035326,7.1474061473020634e-09,0.9999998551772882,0.00013098194908825727,1.9133820944254587e-05,-6.195022397903482e-05,0.0,True,True,True,True,True,True,True,-1.0,1.0,0.0
27005,0.4,C6,0.0005950831355929637,0.1988277361855878,0.01575315075513395,0.1383883941396679,1.472417259002822e-05,0.9999260130729722,0.00596415432115759,0.00011596899279919803,-0.001172263814412211,0.0,True,True,True,True,True,True,True,-1.0,1.0,7.401486830834377e-17
27005,0.4,C7,0.001465667424184192,0.3989382591162871,0.0036471854983888274,0.17867958909539644,3.83666746644605e-05,0.9999921036902261,0.004363797316092868,3.518349463427217e-05,-0.0006545681797128222,0.0,True,True,True,True,True,True,True,-1.0,1.0,5.551115123125783e-17
27005,0.5,C1,8.097867217151876e-05,0.39991813656185615,0.0072258500450279595,0.12811661139464844,3.4569778493824356e-07,0.9999999698823867,0.0002454888815351782,2.3015535089765393e-05,-2.6075467576824884e-05,0.0,True,True,True,True,True,True,True,-1.0,1.0,5.551115123125783e-17
27005,0.5,C2,0.0011452781135118787,0.3986940462512263,0.033779581552299376,0.11732296997338276,3.387565068612617e-05,0.9999908575513916,0.004294301230105321,0.00030530941712736404,-0.000896393478801466,0.0,True,True,True,True,True,True,True,-1.0,1.0,5.551115123125783e-17
27005,0.5,C3,0.0011165643825490235,0.39812921173885385,0.04259254512257987,0.14365682240144217,3.282196571045746e-05,0.9999890118206007,0.00470978173459719,0.00020060159104834385,-0.0006002440228136119,0.0,True,True,True,True,True,True,True,-1.0,1.0,0.0
27005,0.5,C4,0.001247820157288222,0.39907293462164195,0.020939076856876404,0.1454157449550702,2.6476201573636128e-05,0.9999933595208277,0.00365754374687833,0.0005318644486580482,-0.0006134651779059475,0.0,True,True,True,True,True,True,True,-1.0,1.0,5.551115123125783e-17
27005,0.5,C5,5.885701900528158e-06,0.3998178726564898,0.05847615781828641,0.1836143976035326,5.956388458612999e-09,0.9999998792946524,0.00010915757997866542,1.5945720800145113e-05,-6.19484415737559e-05,0.0,True,True,True,True,True,True,True,-1.0,1.0,0.0
27005,0.5,C6,0.0005948886359553539,0.1988288823122456,0.01575315075513395,0.1383883941396679,1.2290305373275975e-05,0.9999381185090446,0.004982358421693177,9.687862801915914e-05,-0.0011711176877544083,0.0,True,True,True,True,True,True,True,-1.0,1.0,7.401486830834377e-17
27005,0.5,C7,0.0014655645486202197,0.39893839935723796,0.0036471854983888274,0.17867958909539644,3.205677597162316e-05,0.999993411813439,0.003643062164723713,2.9435570793656662e-05,-0.0006545428146256249,0.0,True,True,True,True,True,True,True,-1.0,1.0,5.551115123125783e-17
27005,0.6,C1,8.097158928347992e-05,0.39991813696170814,0.0072258500450279595,0.12811661139464844,2.766730641099114e-07,0.9999999759029536,0.0001964272374974017,1.8415815612238262e-05,-2.607490312528382e-05,0.0,True,True,True,True,True,True,True,-1.0,1.0,5.551115123125783e-17
27005,0.6,C2,0.0011448746105944263,0.39869421692616824,0.033779581552299376,0.11732296997338276,2.7210696796757797e-05,0.9999926705031175,0.003446365308427031,0.0002457309729360646,-0.0008992516730314815,0.0,True,True,True,True,True,True,True,-1.0,1.0,5.551115123125783e-17
27005,0.6,C3,0.0011161646492076696,0.39812921173885385,0.04259254512257987,0.14365682240144217,2.636266854561783e-05,0.9999911889956183,0.0037809498203704114,0.00016104027583033198,-0.0006000876397911636,0.0,True,True,True,True,True,True,True,-1.0,1.0,0.0
27005,0.6,C4,0.0012476740072634531,0.39907312634771264,0.020939076856876404,0.1454157449550702,2.125719587261853e-05,0.9999946779892697,0.002933974690332484,0.00042664611527404306,-0.0006134237567083645,0.0,True,True,True,True,True,True,True,-1.0,1.0,5.551115123125783e-17
27005,0.6,C5,5.885527916865864e-06,0.3998178733616352,0.05847615781828641,0.1836143976035326,4.765370769923935e-09,0.9999999034120166,8.733321086907358e-05,1.275762065603564e-05,-6.194665916847697e-05,0.0,True,True,True,True,True,True,True,-1.0,1.0,0.0
27005,0.6,C6,0.0005946941363177442,0.19883002843890335,0.01575315075513395,0.1383883941396679,9.856438156523732e-06,0.9999502239451168,0.004000562522228764,7.7788263239148e-05,-0.001169971561096661,0.0,True,True,True,True,True,True,True,-1.0,1.0,7.401486830834377e-17
27005,0.6,C7,0.0014654616730562474,0.3989385395981889,0.0036471854983888274,0.17867958909539644,2.574687727878582e-05,0.9999947199366521,0.002922327013354557,2.3687646953013397e-05,-0.0006545174495384554,0.0,True,True,True,True,True,True,True,-1.0,1.0,5.551115123125783e-17
27005,0.7,C1,8.096450639544108e-05,0.3999181373615601,0.0072258500450279595,0.12811661139464844,2.0764834328157933e-07,0.9999999819235208,0.00014736559345962516,1.3816096134711131e-05,-2.6074338673770514e-05,0.0,True,True,True,True,True,True,True,-1.0,1.0,5.551115123125783e-17
27005,0.7,C2,0.0011444711076769739,0.39869438760111015,0.033779581552299376,0.11732296997338276,2.054574290738942e-05,0.9999944834548433,0.0025984293867487413,0.00018615252874476518,-0.0009021098672615246,0.0,True,True,True,True,True,True,True,-1.0,1.0,5.551115123125783e-17
27005,0.7,C3,0.0011157649158663157,0.39812921173885385,0.04259254512257987,0.14365682240144217,1.9903371380778204e-05,0.999993366170636,0.0028521179061436336,0.00012147896061234786,-0.0005999312567687709,0.0,True,True,True,True,True,True,True,-1.0,1.0,0.0
27005,0.7,C4,0.0012475278572386848,0.3990733180737834,0.020939076856876404,0.1454157449550702,1.603819017160093e-05,0.9999959964577119,0.0022104056337866385,0.00032142778188998244,-0.000613382335510837,0.0,True,True,True,True,True,True,True,-1.0,1.0,5.551115123125783e-17
27005,0.7,C5,5.885353933203569e-06,0.3998178740667806,0.05847615781828641,0.1836143976035326,3.574353081234871e-09,0.9999999275293809,6.550884175948174e-05,9.569520511919227e-06,-6.194487676319804e-05,0.0,True,True,True,True,True,True,True,-1.0,1.0,0.0
27005,0.7,C6,0.0005944996366801345,0.19883117456556115,0.01575315075513395,0.1383883941396679,7.422570939771489e-06,0.9999623293811889,0.0030187666227643514,5.869789845910911e-05,-0.0011688254344388582,0.0,True,True,True,True,True,True,True,-1.0,1.0,7.401486830834377e-17
27005,0.7,C7,0.0014653587974922748,0.3989386798391398,0.0036471854983888274,0.17867958909539644,1.9436978585948482e-05,0.9999960280598652,0.002201591861985402,1.7939723112370132e-05,-0.0006544920844512581,0.0,True,True,True,True,True,True,True,-1.0,1.0,5.551115123125783e-17
27005,0.8,C1,8.095742350740223e-05,0.39991813776141205,0.0072258500450279595,0.12811661139464844,1.3862362245324716e-07,0.999999987944088,9.83039494218486e-05,9.216376657197878e-06,-2.6073774222257207e-05,0.0,True,True,True,True,True,True,True,-1.0,1.0,5.551115123125783e-17
27005,0.8,C2,0.0011440676047595215,0.3986945582760521,0.033779581552299376,0.11732296997338276,1.388078901802103e-05,0.9999962964065693,0.0017504934650704514,0.00012657408455346575,-0.0009049680614915401,0.0,True,True,True,True,True,True,True,-1.0,1.0,5.551115123125783e-17
27005,0.8,C3,0.0011153651825249616,0.39812921173885385,0.04259254512257987,0.14365682240144217,1.3444074215938573e-05,0.9999955433456538,0.0019232859919168536,8.191764539433599e-05,-0.0005997748737463227,0.0,True,True,True,True,True,True,True,-1.0,1.0,0.0
27005,0.8,C4,0.001247381707213916,0.3990735097998541,0.020939076856876404,0.1454157449550702,1.0819184470583329e-05,0.999997314926154,0.001486836577240792,0.00021620944850592183,-0.000613340914313254,0.0,True,True,True,True,True,True,True,-1.0,1.0,5.551115123125783e-17
27005,0.8,C5,5.885179949541275e-06,0.399817874771926,0.05847615781828641,0.1836143976035326,2.383335392545806e-09,0.9999999516467452,4.3684472649889866e-05,6.381420367809754e-06,-6.194309435791912e-05,0.0,True,True,True,True,True,True,True,-1.0,1.0,0.0
27005,0.8,C6,0.0005943051370425247,0.1988323206922189,0.01575315075513395,0.1383883941396679,4.9887037230192415e-06,0.9999744348172611,0.0020369707232999372,3.960753367909797e-05,-0.001167679307781111,0.0,True,True,True,True,True,True,True,-1.0,1.0,7.401486830834377e-17
27005,0.8,C7,0.0014652559219283023,0.39893882008009074,0.0036471854983888274,0.17867958909539644,1.3127079893111134e-05,0.9999973361830781,0.0014808567106162458,1.2191799271754622e-05,-0.0006544667193640885,0.0,True,True,True,True,True,True,True,-1.0,1.0,5.551115123125783e-17
27005,0.9,C1,8.095034061936339e-05,0.3999181381612641,0.0072258500450279595,0.12811661139464844,6.959890162491506e-08,0.999999993964655,4.9242305384072075e-05,4.616657179670747e-06,-2.6073209770716144e-05,0.0,True,True,True,True,True,True,True,-1.0,1.0,5.551115123125783e-17
27005,0.9,C2,0.001143664101842069,0.39869472895099406,0.033779581552299376,0.11732296997338276,7.21583512865265e-06,0.9999981093582953,0.0009025575433921619,6.699564036216632e-05,-0.0009078262557215555,0.0,True,True,True,True,True,True,True,-1.0,1.0,5.551115123125783e-17
27005,0.9,C3,0.0011149654491836077,0.39812921173885385,0.04259254512257987,0.14365682240144217,6.984777051098946e-06,0.9999977205206714,0.0009944540776900752,4.2356330176351875e-05,-0.0005996184907239022,0.0,True,True,True,True,True,True,True,-1.0,1.0,0.0
27005,0.9,C4,0.0012472355571891472,0.3990737015259248,0.020939076856876404,0.1454157449550702,5.600178769565731e-06,0.9999986333945962,0.0007632675206949462,0.00011099111512186122,-0.0006132994931156988,0.0,True,True,True,True,True,True,True,-1.0,1.0,5.551115123125783e-17
27005,0.9,C5,5.88500596587898e-06,0.3998178754770714,0.05847615781828641,0.1836143976035326,1.1923177038567416e-09,0.9999999757641095,2.186010354029802e-05,3.19332022370028e-06,-6.194131195264019e-05,0.0,True,True,True,True,True,True,True,-1.0,1.0,0.0
27005,0.9,C6,0.000594110637404915,0.1988334668188767,0.01575315075513395,0.1383883941396679,2.554836506266998e-06,0.9999865402533333,0.0010551748238355244,2.051716889905908e-05,-0.0011665331811233082,0.0,True,True,True,True,True,True,True,-1.0,1.0,7.401486830834377e-17
27005,0.9,C7,0.00146515304636433,0.39893896032104165,0.0036471854983888274,0.17867958909539644,6.817181200273795e-06,0.999998644306291,0.0007601215592470904,6.43903851896277e-06,-0.0006544413542768912,0.0,True,True,True,True,True,True,True,-1.0,1.0,5.551115123125783e-17
27005,1.0,C1,8.094325773132455e-05,0.399918138561116,0.0072258500450279595,0.12811661139464844,5.741807965829617e-10,0.999999999985222,1.806613462955536e-07,1.6937702143615674e-08,-2.6072645319202836e-05,0.0,True,True,True,True,True,True,True,-1.0,1.0,5.551115123125783e-17
27005,1.0,C2,0.0011432605989246166,0.398694899625936,0.033779581552299376,0.11732296997338276,5.508812392842695e-07,0.9999999223100211,5.46216217138725e-05,5.142189933582397e-06,-0.0009106844499515987,0.0,True,True,True,True,True,True,True,-1.0,1.0,5.551115123125783e-17
27005,1.0,C3,0.0011145657158422536,0.39812921173885385,0.04259254512257987,0.14365682240144217,5.254798862593197e-07,0.9999998976956891,6.56221634632966e-05,2.795014958340003e-06,-0.0005994621077014817,0.0,True,True,True,True,True,True,True,-1.0,1.0,0.0
27005,1.0,C4,0.0012470894071643789,0.3990738932519955,0.020939076856876404,0.1454157449550702,3.8117306854813337e-07,0.9999999518630383,3.969846414910052e-05,5.772781737800603e-06,-0.0006132580719181435,0.0,True,True,True,True,True,True,True,-1.0,1.0,5.551115123125783e-17
27005,1.0,C5,5.8848319822166864e-06,0.3998178761822168,0.05847615781828641,0.1836143976035326,1.3000151676774747e-12,0.9999999998814737,3.573443070617496e-08,5.2200795838674985e-09,-6.193952954736126e-05,0.0,True,True,True,True,True,True,True,-1.0,1.0,0.0
27005,1.0,C6,0.0005939161377673053,0.19883461294553448,0.01575315075513395,0.1383883941396679,1.2096928951475462e-07,0.9999986456894056,7.337892437111158e-05,1.426804119047942e-06,-0.0011653870544655331,0.0,True,True,True,True,True,True,True,-1.0,1.0,7.401486830834377e-17
27005,1.0,C7,0.0014650501708003577,0.39893910056199255,0.0036471854983888274,0.17867958909539644,5.072825074364561e-07,0.9999999524295041,3.938640787793498e-05,3.3364478926878327e-07,-0.0006544159891897217,0.0,True,True,True,True,True,True,True,-1.0,1.0,5.551115123125783e-17
