seed,rotation,criterion,alternative_a,alternative_b,contexts_used,lrv
21001,0,C1,A1,A2,1000,0.09166055821193565
21001,0,C1,A1,A3,1000,0.07731599897968065
21001,0,C1,A1,A4,1000,0.1595877776649561
21001,0,C1,A1,A5,1000,0.30856358832836467
21001,0,C1,A1,A6,1000,0.20725432532179153
21001,0,C1,A2,A3,1000,0.16885815972973114
21001,0,C1,A2,A4,1000,0.2508893475274896
21001,0,C1,A2,A5,1000,0.39913596501080156
21001,0,C1,A2,A6,1000,0.29836351992953647
21001,0,C1,A3,A4,1000,0.08236988397059812
21001,0,C1,A3,A5,1000,0.23177916599886486
21001,0,C1,A3,A6,1000,0.13013918044707212
21001,0,C1,A4,A5,1000,0.14968612992976477
21001,0,C1,A4,A6,1000,0.047818704533780544
21001,0,C1,A5,A6,1000,0.10193909445745593
21001,0,C2,A1,A2,1000,0.013610853867931458
21001,0,C2,A1,A3,1000,0.06140959722236258
21001,0,C2,A1,A4,1000,0.13337314127065727
21001,0,C2,A1,A5,1000,0.24528905648605084
21001,0,C2,A1,A6,1000,0.1506982544844605
21001,0,C2,A2,A3,1000,0.04780423115413816
21001,0,C2,A2,A4,1000,0.1197919408652871
21001,0,C2,A2,A5,1000,0.23178323838546613
21001,0,C2,A2,A6,1000,0.1371257071810682
21001,0,C2,A3,A4,1000,0.07204377335508474
21001,0,C2,A3,A5,1000,0.18425637947694326
21001,0,C2,A3,A6,1000,0.08940107050150918
21001,0,C2,A4,A5,1000,0.11241710206071702
21001,0,C2,A4,A6,1000,0.017372517066951542
21001,0,C2,A5,A6,1000,0.09507034019261613
21001,0,C3,A1,A2,1000,0.02330548511308113
21001,0,C3,A1,A3,1000,0.010147784733264947
21001,0,C3,A1,A4,1000,0.0994600354217292
21001,0,C3,A1,A6,1000,0.19969301048604896
21001,0,C3,A2,A3,1000,0.03345220966994354
21001,0,C3,A2,A4,1000,0.07617807894348737
21001,0,C3,A2,A6,1000,0.17649725389702428
21001,0,C3,A3,A4,1000,0.10959306849762177
21001,0,C3,A3,A6,1000,0.20978408964946924
21001,0,C3,A4,A6,1000,0.10050133365677773
21001,0,C4,A1,A2,1000,0.070317397980043
21001,0,C4,A1,A3,1000,0.14209259766487872
21001,0,C4,A1,A4,1000,0.1918832161543897
21001,0,C4,A1,A5,1000,0.21190304553334546
21001,0,C4,A1,A6,1000,0.224373577353628
21001,0,C4,A2,A3,1000,0.07187928316485138
21001,0,C4,A2,A4,1000,0.12180185424302155
21001,0,C4,A2,A5,1000,0.14188833512293425
21001,0,C4,A2,A6,1000,0.15440430850379758
21001,0,C4,A3,A4,1000,0.04998438065153121
21001,0,C4,A3,A5,1000,0.07010991264974044
21001,0,C4,A3,A6,1000,0.0826543310838721
21001,0,C4,A4,A5,1000,0.0201354613202
21001,0,C4,A4,A6,1000,0.032688959135607584
21001,0,C4,A5,A6,1000,0.012554664678127271
21001,0,C5,A1,A3,1000,0.15392419042916075
21001,0,C5,A1,A4,1000,0.18623717201898674
21001,0,C5,A1,A5,1000,0.5439414393371927
21001,0,C5,A1,A6,1000,0.26079663876343995
21001,0,C5,A3,A4,1000,0.0324068104596573
21001,0,C5,A3,A5,1000,0.3933811201803987
21001,0,C5,A3,A6,1000,0.1073070142594601
21001,0,C5,A4,A5,1000,0.36145923470060887
21001,0,C5,A4,A6,1000,0.07492672693340065
21001,0,C5,A5,A6,1000,0.28737000688620734
21001,0,C6,A1,A2,1000,0.06182276603308063
21001,0,C6,A1,A3,1000,0.15144307883165326
21001,0,C6,A1,A4,1000,0.21806898705396657
21001,0,C6,A1,A5,1000,0.27491952129355646
21001,0,C6,A1,A6,1000,0.33058226809992736
21001,0,C6,A2,A3,1000,0.08974008625703947
21001,0,C6,A2,A4,1000,0.15654102809009182
21001,0,C6,A2,A5,1000,0.213596624917516
21001,0,C6,A2,A6,1000,0.269509192514459
21001,0,C6,A3,A4,1000,0.06692778645035734
21001,0,C6,A3,A5,1000,0.12417514914937788
21001,0,C6,A3,A6,1000,0.18034997250414855
21001,0,C6,A4,A5,1000,0.05731048681907176
21001,0,C6,A4,A6,1000,0.11360416561919692
21001,0,C6,A5,A6,1000,0.056342880145862966
21001,0,C7,A1,A2,1000,0.15706965708837187
21001,0,C7,A1,A3,1000,0.16000640044984227
21001,0,C7,A1,A4,1000,0.23362123383154926
21001,0,C7,A1,A5,1000,0.30051745388619855
21001,0,C7,A1,A6,1000,0.3717756456505882
21001,0,C7,A2,A3,1000,0.0029471477360683853
21001,0,C7,A2,A4,1000,0.07694222344047046
21001,0,C7,A2,A5,1000,0.14438144793141378
21001,0,C7,A2,A6,1000,0.2164260220871407
21001,0,C7,A3,A4,1000,0.0739973520783151
21001,0,C7,A3,A5,1000,0.14144245056288704
21001,0,C7,A3,A6,1000,0.21349735323538738
21001,0,C7,A4,A5,1000,0.0675409994053606
21001,0,C7,A4,A6,1000,0.13980147074324398
21001,0,C7,A5,A6,1000,0.0723558336956856
21001,1,C1,A1,A2,1000,0.0018964350781410547
21001,1,C1,A1,A3,1000,0.10824814635975598
21001,1,C1,A1,A4,1000,0.2007994122278319
21001,1,C1,A1,A5,1000,0.4066219030473073
21001,1,C1,A1,A6,1000,0.021937230143554434
21001,1,C1,A2,A3,1000,0.1063538177532279
21001,1,C1,A2,A4,1000,0.1989102637801202
21001,1,C1,A2,A5,1000,0.40475564099932754
21001,1,C1,A2,A6,1000,0.02383356865941619
21001,1,C1,A3,A4,1000,0.0927455476655473
21001,1,C1,A3,A5,1000,0.2996632187452697
21001,1,C1,A3,A6,1000,0.13015552377254128
21001,1,C1,A4,A5,1000,0.2075007211735599
21001,1,C1,A4,A6,1000,0.22264228199582345
21001,1,C1,A5,A6,1000,0.42819060963016314
21001,1,C2,A1,A2,1000,0.02666416771521714
21001,1,C2,A1,A3,1000,0.07176460258813112
21001,1,C2,A1,A4,1000,0.2028627983317834
21001,1,C2,A1,A5,1000,0.33230281860113425
21001,1,C2,A1,A6,1000,0.017526136334008374
21001,1,C2,A2,A3,1000,0.04511217003325517
21001,1,C2,A2,A4,1000,0.17632826144778155
21001,1,C2,A2,A5,1000,0.3060110220116756
21001,1,C2,A2,A6,1000,0.04418747896851907
21001,1,C2,A3,A4,1000,0.13135874793179986
21001,1,C2,A3,A5,1000,0.2613996124223514
21001,1,C2,A3,A6,1000,0.0892754361197973
21001,1,C2,A4,A5,1000,0.1306885249636129
21001,1,C2,A4,A6,1000,0.22028261519015566
21001,1,C2,A5,A6,1000,0.349550714975219
21001,1,C3,A1,A2,1000,0.024595498721464475
21001,1,C3,A1,A3,1000,0.11149198380718933
21001,1,C3,A1,A4,1000,0.14743862160407123
21001,1,C3,A1,A6,1000,0.0982102280046529
21001,1,C3,A2,A3,1000,0.08692830249094392
21001,1,C3,A2,A4,1000,0.12290275058993107
21001,1,C3,A2,A6,1000,0.12276593842404149
21001,1,C3,A3,A4,1000,0.03602659868502164
21001,1,C3,A3,A6,1000,0.2093963436338324
21001,1,C3,A4,A6,1000,0.2451756056908187
21001,1,C4,A1,A2,1000,0.06364083730686391
21001,1,C4,A1,A3,1000,0.10403484079592472
21001,1,C4,A1,A4,1000,0.2051952998176396
21001,1,C4,A1,A5,1000,0.18804749576542035
21001,1,C4,A1,A6,1000,0.021586920582159268
21001,1,C4,A2,A3,1000,0.040431969475110234
21001,1,C4,A2,A4,1000,0.141815242479772
21001,1,C4,A2,A5,1000,0.12461682653789895
21001,1,C4,A2,A6,1000,0.04206219915016353
21001,1,C4,A3,A4,1000,0.10146515874956011
21001,1,C4,A3,A5,1000,0.08424458054562005
21001,1,C4,A3,A6,1000,0.08247431633897122
21001,1,C4,A4,A5,1000,0.017241488196690195
21001,1,C4,A4,A6,1000,0.18372321916500894
21001,1,C4,A5,A6,1000,0.16655610193363243
21001,1,C5,A1,A3,1000,0.11699362100818639
21001,1,C5,A1,A4,1000,0.1491889194804408
21001,1,C5,A1,A5,1000,1.030299084955898
21001,1,C5,A1,A6,1000,0.009676766115126611
21001,1,C5,A3,A4,1000,0.03225219684845352
21001,1,C5,A3,A5,1000,0.9269017170102232
21001,1,C5,A3,A6,1000,0.10732913390398331
21001,1,C5,A4,A5,1000,0.8981471461606411
21001,1,C5,A4,A6,1000,0.13953249315029395
21001,1,C5,A5,A6,1000,1.0218094784845793
21001,1,C6,A1,A2,1000,0.07015963471978293
21001,1,C6,A1,A3,1000,0.15403906254046457
21001,1,C6,A1,A4,1000,0.1911338098407189
21001,1,C6,A1,A5,1000,0.25281729783410667
21001,1,C6,A1,A6,1000,0.02630566522789418
21001,1,C6,A2,A3,1000,0.08400133029538624
21001,1,C6,A2,A4,1000,0.12119141813020273
21001,1,C6,A2,A5,1000,0.1830895801210281
21001,1,C6,A2,A6,1000,0.09644047355802597
21001,1,C6,A3,A4,1000,0.037240333556269066
21001,1,C6,A3,A5,1000,0.09929103832260806
21001,1,C6,A3,A6,1000,0.18024491562750738
21001,1,C6,A4,A5,1000,0.06208153799780274
21001,1,C6,A4,A6,1000,0.21729124435860228
21001,1,C6,A5,A6,1000,0.27887371913800557
21001,1,C7,A1,A2,1000,0.10630177580252781
21001,1,C7,A1,A3,1000,0.17860480613676497
21001,1,C7,A1,A4,1000,0.18631969760424671
21001,1,C7,A1,A5,1000,0.2728125222120901
21001,1,C7,A1,A6,1000,0.03438995956832762
21001,1,C7,A2,A3,1000,0.07248980815027505
21001,1,C7,A2,A4,1000,0.08023350008886831
21001,1,C7,A2,A5,1000,0.16716774324093292
21001,1,C7,A2,A6,1000,0.14061988756367494
21001,1,C7,A3,A4,1000,0.007749823337005835
21001,1,C7,A3,A5,1000,0.09483589923180115
21001,1,C7,A3,A6,1000,0.21281452654136984
21001,1,C7,A4,A5,1000,0.08709499994934126
21001,1,C7,A4,A6,1000,0.2205150614712998
21001,1,C7,A5,A6,1000,0.30681004800160394
21001,2,C1,A1,A2,1000,0.0904445548037179
21001,2,C1,A1,A3,1000,0.14083708818808205
21001,2,C1,A1,A4,1000,0.24721847203814876
21001,2,C1,A1,A5,1000,0.3158875137928297
21001,2,C1,A1,A6,1000,0.031511058299908516
21001,2,C1,A2,A3,1000,0.05045467647497633
21001,2,C1,A2,A4,1000,0.15711641148937222
21001,2,C1,A2,A5,1000,0.40520032523466226
21001,2,C1,A2,A6,1000,0.12192216542866874
21001,2,C1,A3,A4,1000,0.10674584133749807
21001,2,C1,A3,A5,1000,0.45475883853138604
21001,2,C1,A3,A6,1000,0.17227456706500419
21001,2,C1,A4,A5,1000,0.5589071563037485
21001,2,C1,A4,A6,1000,0.2785201573777433
21001,2,C1,A5,A6,1000,0.28465860911671764
21001,2,C2,A1,A2,1000,0.03977736877813084
21001,2,C2,A1,A3,1000,0.08265910558903336
21001,2,C2,A1,A4,1000,0.2821208569920254
21001,2,C2,A1,A5,1000,0.2641586700085427
21001,2,C2,A1,A6,1000,0.02374316030755109
21001,2,C2,A2,A3,1000,0.04290090498408457
21001,2,C2,A2,A4,1000,0.24272086432003181
21001,2,C2,A2,A5,1000,0.30349030443448377
21001,2,C2,A2,A6,1000,0.06351237989782121
21001,2,C2,A3,A4,1000,0.20011313785248577
21001,2,C2,A3,A5,1000,0.34577067043133064
21001,2,C2,A3,A6,1000,0.10637392519989854
21001,2,C2,A4,A5,1000,0.5408008158867078
21001,2,C2,A4,A6,1000,0.30558295323149187
21001,2,C2,A5,A6,1000,0.24062943299954684
21001,2,C3,A1,A2,1000,0.025964869755571312
21001,2,C3,A1,A3,1000,0.24252146454042775
21001,2,C3,A1,A4,1000,0.1988269703874275
21001,2,C3,A1,A6,1000,0.06828563671469802
21001,2,C3,A2,A3,1000,0.21674357821930704
21001,2,C3,A2,A4,1000,0.17298345655250824
21001,2,C3,A2,A6,1000,0.09422823994014272
21001,2,C3,A3,A4,1000,0.04399829742857027
21001,2,C3,A3,A6,1000,0.3101140293810004
21001,2,C3,A4,A6,1000,0.26662665618183556
21001,2,C4,A1,A2,1000,0.05838169705982991
21001,2,C4,A1,A3,1000,0.06777333204906795
21001,2,C4,A1,A4,1000,0.22423662912000175
21001,2,C4,A1,A5,1000,0.06598026677276812
21001,2,C4,A1,A6,1000,0.011556819578602506
21001,2,C4,A2,A3,1000,0.009396866332998365
21001,2,C4,A2,A4,1000,0.1661626018707924
21001,2,C4,A2,A5,1000,0.12429411647957696
21001,2,C4,A2,A6,1000,0.06993185870910114
21001,2,C4,A3,A4,1000,0.15680061123677141
21001,2,C4,A3,A5,1000,0.1336689708642137
21001,2,C4,A3,A6,1000,0.0793213897657357
21001,2,C4,A4,A5,1000,0.28961435336132435
21001,2,C4,A4,A6,1000,0.23570743433011748
21001,2,C4,A5,A6,1000,0.0544293774628203
21001,2,C5,A1,A3,1000,0.0822063241240178
21001,2,C5,A1,A4,1000,0.11442376652487946
21001,2,C5,A1,A5,1000,0.928823505382994
21001,2,C5,A1,A6,1000,0.02107920644203765
21001,2,C5,A3,A4,1000,0.03224833323900438
21001,2,C5,A3,A5,1000,1.0007087363871052
21001,2,C5,A3,A6,1000,0.10326744082837758
21001,2,C5,A4,A5,1000,1.0287456199459337
21001,2,C5,A4,A6,1000,0.13546991081182932
21001,2,C5,A5,A6,1000,0.9103110737975301
21001,2,C6,A1,A2,1000,0.08039233316705659
21001,2,C6,A1,A3,1000,0.1616791553742993
21001,2,C6,A1,A4,1000,0.16884007230922587
21001,2,C6,A1,A5,1000,0.10279587260222073
21001,2,C6,A1,A6,1000,0.045439541949707514
21001,2,C6,A2,A3,1000,0.08142730159839204
21001,2,C6,A2,A4,1000,0.0886074359614933
21001,2,C6,A2,A5,1000,0.1829845292470929
21001,2,C6,A2,A6,1000,0.12577048634829324
21001,2,C6,A3,A4,1000,0.0071871425183067375
21001,2,C6,A3,A5,1000,0.26388995164526236
21001,2,C6,A3,A6,1000,0.20691681979432183
21001,2,C6,A4,A5,1000,0.27100884661992697
21001,2,C6,A4,A6,1000,0.214061579095983
21001,2,C6,A5,A6,1000,0.057393369618748
21001,2,C7,A1,A2,1000,0.06008576084270471
21001,2,C7,A1,A3,1000,0.20563156290876325
21001,2,C7,A1,A4,1000,0.14421173647364344
21001,2,C7,A1,A5,1000,0.10658011506512126
21001,2,C7,A1,A6,1000,0.05318795480501449
21001,2,C7,A2,A3,1000,0.145792095310614
21001,2,C7,A2,A4,1000,0.0842251461318415
21001,2,C7,A2,A5,1000,0.1665201521615832
21001,2,C7,A2,A6,1000,0.11322453531341133
21001,2,C7,A3,A4,1000,0.061673077260678374
21001,2,C7,A3,A5,1000,0.311286936448349
21001,2,C7,A3,A6,1000,0.2584362388817658
21001,2,C7,A4,A5,1000,0.2502697222666251
21001,2,C7,A4,A6,1000,0.19719480696065764
21001,2,C7,A5,A6,1000,0.053434306304380744
21001,3,C1,A1,A2,1000,0.18460215696555057
21001,3,C1,A1,A3,1000,0.17689145596671907
21001,3,C1,A1,A4,1000,0.24736882002532887
21001,3,C1,A1,A5,1000,0.21604272477587735
21001,3,C1,A1,A6,1000,0.04118503306786518
21001,3,C1,A2,A3,1000,0.007735889480414942
21001,3,C1,A2,A4,1000,0.4300856976466361
21001,3,C1,A2,A5,1000,0.39911602495179394
21001,3,C1,A2,A6,1000,0.2256208220191175
21001,3,C1,A3,A4,1000,0.42248546253616437
21001,3,C1,A3,A5,1000,0.39149712924386704
21001,3,C1,A3,A6,1000,0.21792259547421675
21001,3,C1,A4,A5,1000,0.031493284840688494
21001,3,C1,A4,A6,1000,0.20638814614942294
21001,3,C1,A5,A6,1000,0.17500867682033483
21001,3,C2,A1,A2,1000,0.05328236293678326
21001,3,C2,A1,A3,1000,0.09436294661751025
21001,3,C2,A1,A4,1000,0.27990086418553123
21001,3,C2,A1,A5,1000,0.17813135130394533
21001,3,C2,A1,A6,1000,0.03002965411123035
21001,3,C2,A2,A3,1000,0.04110893074827979
21001,3,C2,A2,A4,1000,0.33250121659041454
21001,3,C2,A2,A5,1000,0.23111512832677852
21001,3,C2,A2,A6,1000,0.08329390616908947
21001,3,C2,A3,A4,1000,0.3729155940656035
21001,3,C2,A3,A5,1000,0.2718734344273448
21001,3,C2,A3,A6,1000,0.12434462515895238
21001,3,C2,A4,A5,1000,0.10250821934718082
21001,3,C2,A4,A6,1000,0.2501642376431246
21001,3,C2,A5,A6,1000,0.14821039197237623
21001,3,C3,A1,A2,1000,0.027427802092712807
21001,3,C3,A1,A3,1000,0.41160915045662194
21001,3,C3,A1,A4,1000,0.1977959302782542
21001,3,C3,A1,A6,1000,0.03949635048265
21001,3,C3,A2,A3,1000,0.38482276276314936
21001,3,C3,A2,A4,1000,0.22506054782999116
21001,3,C3,A2,A6,1000,0.06691447593084318
21001,3,C3,A3,A4,1000,0.6026194824347487
21001,3,C3,A3,A6,1000,0.45005019066172225
21001,3,C3,A4,A6,1000,0.15846596908270805
21001,3,C4,A1,A2,1000,0.05419202882276145
21001,3,C4,A1,A3,1000,0.03210767688110273
21001,3,C4,A1,A4,1000,0.22284991933701462
21001,3,C4,A1,A5,1000,0.08793577483158013
21001,3,C4,A1,A6,1000,0.04437346129769034
21001,3,C4,A2,A3,1000,0.022089783816016055
21001,3,C4,A2,A4,1000,0.2765695278979335
21001,3,C4,A2,A5,1000,0.14203259149972214
21001,3,C4,A2,A6,1000,0.09853213637995441
21001,3,C4,A3,A4,1000,0.25469930164737425
21001,3,C4,A3,A5,1000,0.11999578570075921
21001,3,C4,A3,A6,1000,0.07646580910870257
21001,3,C4,A4,A5,1000,0.1352962125437669
21001,3,C4,A4,A6,1000,0.17872933640236102
21001,3,C4,A5,A6,1000,0.04358630748990744
21001,3,C5,A1,A3,1000,0.048307616498120834
21001,3,C5,A1,A4,1000,0.11443895893707186
21001,3,C5,A1,A5,1000,0.4102386334412514
21001,3,C5,A1,A6,1000,0.051476181899785096
21001,3,C5,A3,A4,1000,0.16265542039842662
21001,3,C5,A3,A5,1000,0.4576295673049969
21001,3,C5,A3,A6,1000,0.09975853336322135
21001,3,C5,A4,A5,1000,0.2972344542414053
21001,3,C5,A4,A6,1000,0.06300026982479404
21001,3,C5,A5,A6,1000,0.35953703505830753
21001,3,C6,A1,A2,1000,0.09344145473759476
21001,3,C6,A1,A3,1000,0.17519440727766586
21001,3,C6,A1,A4,1000,0.1687448200933796
21001,3,C6,A1,A5,1000,0.12053398777267302
21001,3,C6,A1,A6,1000,0.06483647733045311
21001,3,C6,A2,A3,1000,0.08193727467071166
21001,3,C6,A2,A4,1000,0.26163888444394373
21001,3,C6,A2,A5,1000,0.21365636816508696
21001,3,C6,A2,A6,1000,0.15815069135512494
21001,3,C6,A3,A4,1000,0.34259394900643525
21001,3,C6,A3,A5,1000,0.2948994031407285
21001,3,C6,A3,A6,1000,0.2396667119995925
21001,3,C6,A4,A5,1000,0.04834425197766481
21001,3,C6,A4,A6,1000,0.1040613777736522
21001,3,C6,A5,A6,1000,0.05575570540402106
21001,3,C7,A1,A2,1000,0.015328372871419048
21001,3,C7,A1,A3,1000,0.2463606801552315
21001,3,C7,A1,A4,1000,0.14394836852373374
21001,3,C7,A1,A5,1000,0.12895816049170028
21001,3,C7,A1,A6,1000,0.07260257313091974
21001,3,C7,A2,A3,1000,0.23115812760135016
21001,3,C7,A2,A4,1000,0.1592291590831583
21001,3,C7,A2,A5,1000,0.14424791122773983
21001,3,C7,A2,A6,1000,0.08791766516375754
21001,3,C7,A3,A4,1000,0.3883977895945051
21001,3,C7,A3,A5,1000,0.37366706496820973
21001,3,C7,A3,A6,1000,0.31816204319701924
21001,3,C7,A4,A5,1000,0.01502823962931853
21001,3,C7,A4,A6,1000,0.07144712856623286
21001,3,C7,A5,A6,1000,0.05642722389034726
21001,4,C1,A1,A2,1000,0.29846353031780715
21001,4,C1,A1,A3,1000,0.2689186520180364
21001,4,C1,A1,A4,1000,0.2008317166637529
21001,4,C1,A1,A5,1000,0.13217458365636334
21001,4,C1,A1,A6,1000,0.051172092911374964
21001,4,C1,A2,A3,1000,0.5630068651510557
21001,4,C1,A2,A4,1000,0.4963905217326185
21001,4,C1,A2,A5,1000,0.42896945512696866
21001,4,C1,A2,A6,1000,0.34910246620892377
21001,4,C1,A3,A4,1000,0.06844772212866598
21001,4,C1,A3,A5,1000,0.13721702285534326
21001,4,C1,A3,A6,1000,0.21803592471543323
21001,4,C1,A4,A5,1000,0.06883358566167048
21001,4,C1,A4,A6,1000,0.1498078326733154
21001,4,C1,A5,A6,1000,0.08105525800980283
21001,4,C2,A1,A2,1000,0.06753944673848897
21001,4,C2,A1,A3,1000,0.1603464885858686
21001,4,C2,A1,A4,1000,0.20221130181769031
21001,4,C2,A1,A5,1000,0.10279993712657835
21001,4,C2,A1,A6,1000,0.03647533131099791
21001,4,C2,A2,A3,1000,0.2275512603914214
21001,4,C2,A2,A4,1000,0.26925159800422876
21001,4,C2,A2,A5,1000,0.1701785092974932
21001,4,C2,A2,A6,1000,0.1039797097451486
21001,4,C2,A3,A4,1000,0.042053131423701984
21001,4,C2,A3,A5,1000,0.057676305767263514
21001,4,C2,A3,A6,1000,0.12396970860642655
21001,4,C2,A4,A5,1000,0.0996953968656291
21001,4,C2,A4,A6,1000,0.1659026780745773
21001,4,C2,A5,A6,1000,0.0663583838734617
21001,4,C3,A1,A2,1000,0.029000940448996725
21001,4,C3,A1,A3,1000,0.4543158518489637
21001,4,C3,A1,A4,1000,0.14713254187770738
21001,4,C3,A1,A6,1000,0.01108270604255216
21001,4,C3,A2,A3,1000,0.4824396355770676
21001,4,C3,A2,A4,1000,0.17603331684906925
21001,4,C3,A2,A6,1000,0.040081910376351594
21001,4,C3,A3,A4,1000,0.31019207715931285
21001,4,C3,A3,A6,1000,0.4435441032222216
21001,4,C3,A4,A6,1000,0.13607940376146724
21001,4,C4,A1,A2,1000,0.05087114833358693
21001,4,C4,A1,A3,1000,0.1541575821860627
21001,4,C4,A1,A4,1000,0.2050247933921078
21001,4,C4,A1,A5,1000,0.11104033613963475
21001,4,C4,A1,A6,1000,0.07796074382647064
21001,4,C4,A2,A3,1000,0.20480189716870212
21001,4,C4,A2,A4,1000,0.2555206674857377
21001,4,C4,A2,A5,1000,0.1617819339055789
21001,4,C4,A2,A6,1000,0.12875924036290912
21001,4,C4,A3,A4,1000,0.05109573486830648
21001,4,C4,A3,A5,1000,0.043221382289734385
21001,4,C4,A3,A6,1000,0.0763258786419605
21001,4,C4,A4,A5,1000,0.09428724628283935
21001,4,C4,A4,A6,1000,0.1273507138068129
21001,4,C4,A5,A6,1000,0.033119938184446925
21001,4,C5,A1,A3,1000,0.18225201317110568
21001,4,C5,A1,A4,1000,0.1491677994814354
21001,4,C5,A1,A5,1000,0.21584382778906835
21001,4,C5,A1,A6,1000,0.08262815565687347
21001,4,C5,A3,A4,1000,0.033175368516455014
21001,4,C5,A3,A5,1000,0.03372569031987851
21001,4,C5,A3,A6,1000,0.09977618646308316
21001,4,C5,A4,A5,1000,0.06689347305663591
21001,4,C5,A4,A6,1000,0.06662308840676885
21001,4,C5,A5,A6,1000,0.13345649304014426
21001,4,C6,A1,A2,1000,0.11099612290089614
21001,4,C6,A1,A3,1000,0.32433857598179794
21001,4,C6,A1,A4,1000,0.1911742074001238
21001,4,C6,A1,A5,1000,0.14075926823158963
21001,4,C6,A1,A6,1000,0.0857837910151091
21001,4,C6,A2,A3,1000,0.4332597394133419
21001,4,C6,A2,A4,1000,0.30131067136409967
21001,4,C6,A2,A5,1000,0.2512235702848121
21001,4,C6,A2,A6,1000,0.1965236687449744
21001,4,C6,A3,A4,1000,0.1342960082859078
21001,4,C6,A3,A5,1000,0.1847153505943736
21001,4,C6,A3,A6,1000,0.23944591769882248
21001,4,C6,A4,A5,1000,0.0505957019872321
21001,4,C6,A4,A6,1000,0.10562004588549354
21001,4,C6,A5,A6,1000,0.05506366357354052
21001,4,C7,A1,A2,1000,0.030694174332576915
21001,4,C7,A1,A3,1000,0.40818733220328884
21001,4,C7,A1,A4,1000,0.1866761873279377
21001,4,C7,A1,A5,1000,0.15456853260059572
21001,4,C7,A1,A6,1000,0.09427460633420741
21001,4,C7,A2,A3,1000,0.3781371004460679
21001,4,C7,A2,A4,1000,0.15610456121027497
21001,4,C7,A2,A5,1000,0.12395529033910939
21001,4,C7,A2,A6,1000,0.06360602902224809
21001,4,C7,A3,A4,1000,0.22386516126384423
21001,4,C7,A3,A5,1000,0.25583565727066593
21001,4,C7,A3,A6,1000,0.31556950251030547
21001,4,C7,A4,A5,1000,0.032233747848411175
21001,4,C7,A4,A6,1000,0.0926233763708574
21001,4,C7,A5,A6,1000,0.060414065894471326
21001,5,C1,A1,A2,1000,0.4818073526289172
21001,5,C1,A1,A3,1000,0.23376459187738896
21001,5,C1,A1,A4,1000,0.15955893454808795
21001,5,C1,A1,A5,1000,0.05333429017215232
21001,5,C1,A1,A6,1000,0.06170184498205668
21001,5,C1,A2,A3,1000,0.2508297601481631
21001,5,C1,A2,A4,1000,0.3246860962504143
21001,5,C1,A2,A5,1000,0.42953906319314933
21001,5,C1,A2,A6,1000,0.42131602981828586
21001,5,C1,A3,A4,1000,0.07447301465944624
21001,5,C1,A3,A5,1000,0.18064704245848445
21001,5,C1,A3,A6,1000,0.17230187549438794
21001,5,C1,A4,A5,1000,0.10631198453925993
21001,5,C1,A4,A6,1000,0.09795014746473957
21001,5,C1,A5,A6,1000,0.008370233364454966
21001,5,C2,A1,A2,1000,0.20024004527851202
21001,5,C2,A1,A3,1000,0.14937229342565878
21001,5,C2,A1,A4,1000,0.13351097537018985
21001,5,C2,A1,A5,1000,0.030541915551493957
21001,5,C2,A1,A6,1000,0.0431758596916098
21001,5,C2,A2,A3,1000,0.051076023758020776
21001,5,C2,A2,A4,1000,0.06697289471353926
21001,5,C2,A2,A5,1000,0.16983912519081737
21001,5,C2,A2,A6,1000,0.15724873507962758
21001,5,C2,A3,A4,1000,0.015904405970417416
21001,5,C2,A3,A5,1000,0.11890408282518715
21001,5,C2,A3,A6,1000,0.10628953835077858
21001,5,C2,A4,A5,1000,0.10302617741948224
21001,5,C2,A4,A6,1000,0.09040593397654553
21001,5,C2,A5,A6,1000,0.012636224532212834
21001,5,C3,A1,A2,1000,0.130181855853714
21001,5,C3,A1,A3,1000,0.2912283898874821
21001,5,C3,A1,A4,1000,0.09953787423968917
21001,5,C3,A1,A6,1000,0.017680198409458617
21001,5,C3,A2,A3,1000,0.1618753618643007
21001,5,C3,A2,A4,1000,0.030696982605420864
21001,5,C3,A2,A6,1000,0.14781646370909063
21001,5,C3,A3,A4,1000,0.19244099291759098
21001,5,C3,A3,A6,1000,0.30869646219424696
21001,5,C3,A4,A6,1000,0.11719035359578717
21001,5,C4,A1,A2,1000,0.29641741514734676
21001,5,C4,A1,A3,1000,0.19260761861688144
21001,5,C4,A1,A4,1000,0.1927410463236948
21001,5,C4,A1,A5,1000,0.13630458220058095
21001,5,C4,A1,A6,1000,0.11351729011808313
21001,5,C4,A2,A3,1000,0.10465168006767651
21001,5,C4,A2,A4,1000,0.10451776315310127
21001,5,C4,A2,A5,1000,0.16102789591105598
21001,5,C4,A2,A6,1000,0.18376967766720756
21001,5,C4,A3,A4,1000,0.0001341281539208912
21001,5,C4,A3,A5,1000,0.05651213942427087
21001,5,C4,A3,A6,1000,0.07933512303037821
21001,5,C4,A4,A5,1000,0.0566462069460325
21001,5,C4,A4,A6,1000,0.07946913193873614
21001,5,C4,A5,A6,1000,0.022837392182813474
21001,5,C5,A1,A3,1000,0.2187460493919555
21001,5,C5,A1,A4,1000,0.18616894293088937
21001,5,C5,A1,A5,1000,0.05484884052169932
21001,5,C5,A1,A6,1000,0.11574830770365264
21001,5,C5,A3,A4,1000,0.03271274694722809
21001,5,C5,A3,A5,1000,0.16410053330655047
21001,5,C5,A3,A6,1000,0.10326581142806751
21001,5,C5,A4,A5,1000,0.1314593912505543
21001,5,C5,A4,A6,1000,0.070577189930035
21001,5,C5,A5,A6,1000,0.06094007362096571
21001,5,C6,A1,A2,1000,0.4136774053690761
21001,5,C6,A1,A3,1000,0.3157689655076294
21001,5,C6,A1,A4,1000,0.21826114530016114
21001,5,C6,A1,A5,1000,0.1649700953849905
21001,5,C6,A1,A6,1000,0.10985771605512075
21001,5,C6,A2,A3,1000,0.09967353142422432
21001,5,C6,A2,A4,1000,0.19780386156678492
21001,5,C6,A2,A5,1000,0.2509875927614302
21001,5,C6,A2,A6,1000,0.30566551857769764
21001,5,C6,A3,A4,1000,0.09840801528162983
21001,5,C6,A3,A5,1000,0.15184863680471813
21001,5,C6,A3,A6,1000,0.20686574699291263
21001,5,C6,A4,A5,1000,0.05354818537329982
21001,5,C6,A4,A6,1000,0.10875336550591173
21001,5,C6,A5,A6,1000,0.05524782234500961
21001,5,C7,A1,A2,1000,0.3085517666810198
21001,5,C7,A1,A3,1000,0.3767081175407379
21001,5,C7,A1,A4,1000,0.23502042713380222
21001,5,C7,A1,A5,1000,0.18580865669116386
21001,5,C7,A1,A6,1000,0.12042036661414265
21001,5,C7,A2,A3,1000,0.06924861965603096
21001,5,C7,A2,A4,1000,0.07426505921914932
21001,5,C7,A2,A5,1000,0.12371446368573935
21001,5,C7,A2,A6,1000,0.18910319887482033
21001,5,C7,A3,A4,1000,0.14341113809919406
21001,5,C7,A3,A5,1000,0.1927355209665692
21001,5,C7,A3,A6,1000,0.2578903739491678
21001,5,C7,A4,A5,1000,0.0495111099757719
21001,5,C7,A4,A6,1000,0.11505697913467902
21001,5,C7,A5,A6,1000,0.06559673530912057
21002,0,C1,A1,A2,1000,0.03787573305055977
21002,0,C1,A1,A3,1000,0.028856552278243325
21002,0,C1,A1,A4,1000,0.12262357333509924
21002,0,C1,A1,A5,1000,0.20830416876706415
21002,0,C1,A1,A6,1000,0.2159279005630921
21002,0,C1,A2,A3,1000,0.06672489422907422
21002,0,C1,A2,A4,1000,0.16042430169087582
21002,0,C1,A2,A5,1000,0.24598545706476044
21002,0,C1,A2,A6,1000,0.2535959081004331
21002,0,C1,A3,A4,1000,0.0938003513116486
21002,0,C1,A3,A5,1000,0.17955568279835735
21002,0,C1,A3,A6,1000,0.1871881105349637
21002,0,C1,A4,A5,1000,0.08590042185565593
21002,0,C1,A4,A6,1000,0.0935525150589951
21002,0,C1,A5,A6,1000,0.007658335991694944
21002,0,C2,A1,A2,1000,0.03391885250416726
21002,0,C2,A1,A3,1000,0.06282437466269739
21002,0,C2,A1,A4,1000,0.11060552684266209
21002,0,C2,A1,A5,1000,0.20454688155070536
21002,0,C2,A1,A6,1000,0.20071136855941854
21002,0,C2,A2,A3,1000,0.028913776167911163
21002,0,C2,A2,A4,1000,0.0767252163218758
21002,0,C2,A2,A5,1000,0.1707871604388635
21002,0,C2,A2,A6,1000,0.16694511647599136
21002,0,C2,A3,A4,1000,0.04782566831670027
21002,0,C2,A3,A5,1000,0.14196801615178462
21002,0,C2,A3,A6,1000,0.13812130343317838
21002,0,C2,A4,A5,1000,0.09422952680031844
21002,0,C2,A4,A6,1000,0.0903769391846733
21002,0,C2,A5,A6,1000,0.0038571812837364604
21002,0,C3,A1,A2,1000,0.006339998818304466
21002,0,C3,A1,A3,1000,0.015967342189700206
21002,0,C3,A1,A4,1000,0.12101749955312607
21002,0,C3,A1,A6,1000,0.47212361151891113
21002,0,C3,A2,A3,1000,0.02230703057038576
21002,0,C3,A2,A4,1000,0.11468936874158367
21002,0,C3,A2,A6,1000,0.4659757664536963
21002,0,C3,A3,A4,1000,0.13694907090185446
21002,0,C3,A3,A6,1000,0.4875864471972037
21002,0,C3,A4,A6,1000,0.35396447604266273
21002,0,C4,A1,A2,1000,0.17410407329566407
21002,0,C4,A1,A3,1000,0.4432636494129726
21002,0,C4,A1,A4,1000,0.5113435273319457
21002,0,C4,A1,A5,1000,0.49538810268402717
21002,0,C4,A1,A6,1000,0.5556588352213958
21002,0,C4,A2,A3,1000,0.2725717932410987
21002,0,C4,A2,A4,1000,0.34201320255919676
21002,0,C4,A2,A5,1000,0.3257219613555499
21002,0,C4,A2,A6,1000,0.3873145268628986
21002,0,C4,A3,A4,1000,0.07034085742992001
21002,0,C4,A3,A5,1000,0.05380640237643149
21002,0,C4,A3,A6,1000,0.11642313203354451
21002,0,C4,A4,A5,1000,0.016543100791963333
21002,0,C4,A4,A6,1000,0.04613489919963304
21002,0,C4,A5,A6,1000,0.0626712748253711
21002,0,C5,A1,A3,1000,0.2387771735859977
21002,0,C5,A1,A4,1000,0.2722526689348934
21002,0,C5,A1,A5,1000,0.3990388213603069
21002,0,C5,A1,A6,1000,0.3498360324463568
21002,0,C5,A3,A4,1000,0.03369555836338144
21002,0,C5,A3,A5,1000,0.16178858853668215
21002,0,C5,A3,A6,1000,0.11199002644343782
21002,0,C5,A4,A5,1000,0.12816194225849004
21002,0,C5,A4,A6,1000,0.07832360606045569
21002,0,C5,A5,A6,1000,0.0498879979470713
21002,0,C6,A1,A2,1000,0.021905061233407724
21002,0,C6,A1,A3,1000,0.090734186402235
21002,0,C6,A1,A4,1000,0.22633932300134496
21002,0,C6,A1,A5,1000,0.2822917296903483
21002,0,C6,A1,A6,1000,0.3360835560981901
21002,0,C6,A2,A3,1000,0.0688482957524981
21002,0,C6,A2,A4,1000,0.2045726803709735
21002,0,C6,A2,A5,1000,0.2606051607581736
21002,0,C6,A2,A6,1000,0.3144911756742638
21002,0,C6,A3,A4,1000,0.1359830604471737
21002,0,C6,A3,A5,1000,0.19222140624515202
21002,0,C6,A3,A6,1000,0.24636115413268472
21002,0,C6,A4,A5,1000,0.05643871857791167
21002,0,C6,A4,A6,1000,0.11088658660164219
21002,0,C6,A5,A6,1000,0.05449661421530509
21002,0,C7,A1,A2,1000,0.10036233981393956
21002,0,C7,A1,A3,1000,0.1043800266728785
21002,0,C7,A1,A4,1000,0.15684932589765685
21002,0,C7,A1,A5,1000,0.23564123758388783
21002,0,C7,A1,A6,1000,0.3996413900447814
21002,0,C7,A2,A3,1000,0.00402348712135392
21002,0,C7,A2,A4,1000,0.05660848325249656
21002,0,C7,A2,A5,1000,0.1357123182678652
21002,0,C7,A2,A6,1000,0.3009046472209277
21002,0,C7,A3,A4,1000,0.052586608569178114
21002,0,C7,A3,A5,1000,0.1316984811942031
21002,0,C7,A3,A6,1000,0.2969299359305327
21002,0,C7,A4,A5,1000,0.07918549405866299
21002,0,C7,A4,A6,1000,0.24486620411339172
21002,0,C7,A5,A6,1000,0.16613403247172545
21002,1,C1,A1,A2,1000,0.00971304904635768
21002,1,C1,A1,A3,1000,0.10373996480430753
21002,1,C1,A1,A4,1000,0.16977677102612745
21002,1,C1,A1,A5,1000,0.2630457522305232
21002,1,C1,A1,A6,1000,0.08346373218086083
21002,1,C1,A2,A3,1000,0.09403641692161258
21002,1,C1,A2,A4,1000,0.16009016274768098
21002,1,C1,A2,A5,1000,0.2533975631928635
21002,1,C1,A2,A6,1000,0.09316914704090738
21002,1,C1,A3,A4,1000,0.0661537089905005
21002,1,C1,A3,A5,1000,0.15974467604558257
21002,1,C1,A3,A6,1000,0.18704097583883075
21002,1,C1,A4,A5,1000,0.09369235377772388
21002,1,C1,A4,A6,1000,0.2528815875996229
21002,1,C1,A5,A6,1000,0.3457512225549428
21002,1,C2,A1,A2,1000,0.033459458829592816
21002,1,C2,A1,A3,1000,0.07086429017523216
21002,1,C2,A1,A4,1000,0.13124254929943172
21002,1,C2,A1,A5,1000,0.25623743529451076
21002,1,C2,A1,A6,1000,0.06735933894723453
21002,1,C2,A2,A3,1000,0.03741672791675651
21002,1,C2,A2,A4,1000,0.09784090715760575
21002,1,C2,A2,A5,1000,0.22303904670951646
21002,1,C2,A2,A6,1000,0.1007883374934045
21002,1,C2,A3,A4,1000,0.0604541709256762
21002,1,C2,A3,A5,1000,0.18583672428339476
21002,1,C2,A3,A6,1000,0.1381353166292792
21002,1,C2,A4,A5,1000,0.1255820247331214
21002,1,C2,A4,A6,1000,0.1983670538625997
21002,1,C2,A5,A6,1000,0.32284555679223365
21002,1,C3,A1,A2,1000,0.02106646637670504
21002,1,C3,A1,A3,1000,0.12977590829074703
21002,1,C3,A1,A4,1000,0.19448815333317115
21002,1,C3,A1,A6,1000,0.36239473796264265
21002,1,C3,A2,A3,1000,0.10874932604809388
21002,1,C3,A2,A4,1000,0.1735171859260644
21002,1,C3,A2,A6,1000,0.3830255014541822
21002,1,C3,A3,A4,1000,0.06493433450622174
21002,1,C3,A3,A6,1000,0.4888714814889265
21002,1,C3,A4,A6,1000,0.5514040953808098
21002,1,C4,A1,A2,1000,0.15516467318914112
21002,1,C4,A1,A3,1000,0.25907687383378997
21002,1,C4,A1,A4,1000,0.4139035507049655
21002,1,C4,A1,A5,1000,0.3098861671008803
21002,1,C4,A1,A6,1000,0.14328972541231771
21002,1,C4,A2,A3,1000,0.10449287227098394
21002,1,C4,A2,A4,1000,0.2610265609230847
21002,1,C4,A2,A5,1000,0.15575060867626317
21002,1,C4,A2,A6,1000,0.01191231135617483
21002,1,C4,A3,A4,1000,0.15712642354792825
21002,1,C4,A3,A5,1000,0.0513721923774193
21002,1,C4,A3,A6,1000,0.11638540446757568
21002,1,C4,A4,A5,1000,0.10587575601791085
21002,1,C4,A4,A6,1000,0.27282285795631345
21002,1,C4,A5,A6,1000,0.16762050558807312
21002,1,C5,A1,A3,1000,0.1640613790052636
21002,1,C5,A1,A4,1000,0.2022809726899341
21002,1,C5,A1,A5,1000,0.39753098151133787
21002,1,C5,A1,A6,1000,0.052290416215345144
21002,1,C5,A3,A4,1000,0.038345553928480616
21002,1,C5,A3,A5,1000,0.23497642605261337
21002,1,C5,A3,A6,1000,0.11186722923235003
21002,1,C5,A4,A5,1000,0.19680743157292818
21002,1,C5,A4,A6,1000,0.15014916601542286
21002,1,C5,A5,A6,1000,0.3459477834591837
21002,1,C6,A1,A2,1000,0.05153393020676889
21002,1,C6,A1,A3,1000,0.17762023316634368
21002,1,C6,A1,A4,1000,0.2774133057593493
21002,1,C6,A1,A5,1000,0.29365358596525476
21002,1,C6,A1,A6,1000,0.0687991945954225
21002,1,C6,A2,A3,1000,0.1262417611922672
21002,1,C6,A2,A4,1000,0.22631641047682086
21002,1,C6,A2,A5,1000,0.2426162917042403
21002,1,C6,A2,A6,1000,0.12027439627746413
21002,1,C6,A3,A4,1000,0.10047176205957173
21002,1,C6,A3,A5,1000,0.11687147623768131
21002,1,C6,A3,A6,1000,0.24601246894322024
21002,1,C6,A4,A5,1000,0.01642834069120318
21002,1,C6,A4,A6,1000,0.3453245708710426
21002,1,C6,A5,A6,1000,0.3614689609222549
21002,1,C7,A1,A2,1000,0.0693930108338703
21002,1,C7,A1,A3,1000,0.11520069661962752
21002,1,C7,A1,A4,1000,0.13957421129534733
21002,1,C7,A1,A5,1000,0.24792536140476493
21002,1,C7,A1,A6,1000,0.18094247698160848
21002,1,C7,A2,A3,1000,0.04585708219006031
21002,1,C7,A2,A4,1000,0.07027275615894625
21002,1,C7,A2,A5,1000,0.17894587835176512
21002,1,C7,A2,A6,1000,0.2498856035715266
21002,1,C7,A3,A4,1000,0.024426236963515816
21002,1,C7,A3,A5,1000,0.1332367424660115
21002,1,C7,A3,A6,1000,0.29527259757197916
21002,1,C7,A4,A5,1000,0.10885891891355254
21002,1,C7,A4,A6,1000,0.319383191978308
21002,1,C7,A5,A6,1000,0.42624132598011427
21002,2,C1,A1,A2,1000,0.056448422023691214
21002,2,C1,A1,A3,1000,0.18174970883482236
21002,2,C1,A1,A4,1000,0.22073186743845566
21002,2,C1,A1,A5,1000,0.19680489853677718
21002,2,C1,A1,A6,1000,0.06269776731421518
21002,2,C1,A2,A3,1000,0.12543073331722984
21002,2,C1,A2,A4,1000,0.1644900087570589
21002,2,C1,A2,A5,1000,0.252970423490305
21002,2,C1,A2,A6,1000,0.11910390620139312
21002,2,C1,A3,A4,1000,0.039142197497871345
21002,2,C1,A3,A5,1000,0.37720633203867476
21002,2,C1,A3,A6,1000,0.24416892716937152
21002,2,C1,A4,A5,1000,0.4157348335136983
21002,2,C1,A4,A6,1000,0.2830374054949652
21002,2,C1,A5,A6,1000,0.13427554805644684
21002,2,C2,A1,A2,1000,0.03319841165281367
21002,2,C2,A1,A3,1000,0.07938647680797933
21002,2,C2,A1,A4,1000,0.15344458971795671
21002,2,C2,A1,A5,1000,0.1900319742869888
21002,2,C2,A1,A6,1000,0.05324769792928088
21002,2,C2,A2,A3,1000,0.046204524776227114
21002,2,C2,A2,A4,1000,0.12032982045185513
21002,2,C2,A2,A5,1000,0.2230414922196554
21002,2,C2,A2,A6,1000,0.0864256402236866
21002,2,C2,A3,A4,1000,0.07418236382318791
21002,2,C2,A3,A5,1000,0.2688750619311512
21002,2,C2,A3,A6,1000,0.13255896158282718
21002,2,C2,A4,A5,1000,0.34214090292567656
21002,2,C2,A4,A6,1000,0.2064645903761037
21002,2,C2,A5,A6,1000,0.13697171924270218
21002,2,C3,A1,A2,1000,0.03576276393280224
21002,2,C3,A1,A3,1000,0.2905075955266423
21002,2,C3,A1,A4,1000,0.27691699148274346
21002,2,C3,A1,A6,1000,0.20737100470477887
21002,2,C3,A2,A3,1000,0.2551093951071994
21002,2,C3,A2,A4,1000,0.24148226445839419
21002,2,C3,A2,A6,1000,0.2428862745090749
21002,2,C3,A3,A4,1000,0.013753867685828714
21002,2,C3,A3,A6,1000,0.49387470943888745
21002,2,C3,A4,A6,1000,0.48057509301046875
21002,2,C4,A1,A2,1000,0.1680646042475244
21002,2,C4,A1,A3,1000,0.12140549883420929
21002,2,C4,A1,A4,1000,0.3772545619888034
21002,2,C4,A1,A5,1000,0.012344149399274808
21002,2,C4,A1,A6,1000,0.017272192005513914
21002,2,C4,A2,A3,1000,0.04679053740825818
21002,2,C4,A2,A4,1000,0.21112412394875962
21002,2,C4,A2,A5,1000,0.15576458621341047
21002,2,C4,A2,A6,1000,0.15085222707260235
21002,2,C4,A3,A4,1000,0.25753314215242173
21002,2,C4,A3,A5,1000,0.10908364915042719
21002,2,C4,A3,A6,1000,0.10416310372581475
21002,2,C4,A4,A5,1000,0.3651478048929402
21002,2,C4,A4,A6,1000,0.360310414726462
21002,2,C4,A5,A6,1000,0.004928186238029294
21002,2,C5,A1,A3,1000,0.09603125334086841
21002,2,C5,A1,A4,1000,0.13921616189964262
21002,2,C5,A1,A5,1000,0.20116409998941015
21002,2,C5,A1,A6,1000,0.008653250397467593
21002,2,C5,A3,A4,1000,0.04324189090563897
21002,2,C5,A3,A5,1000,0.29661978001588274
21002,2,C5,A3,A6,1000,0.10467589733049813
21002,2,C5,A4,A5,1000,0.33943059398744135
21002,2,C5,A4,A6,1000,0.14785182789948825
21002,2,C5,A5,A6,1000,0.19254504271622258
21002,2,C6,A1,A2,1000,0.08121242068868141
21002,2,C6,A1,A3,1000,0.27787345669984165
21002,2,C6,A1,A4,1000,0.34647467608921295
21002,2,C6,A1,A5,1000,0.16126701985718767
21002,2,C6,A1,A6,1000,0.06656462127069689
21002,2,C6,A2,A3,1000,0.19728443347457444
21002,2,C6,A2,A4,1000,0.2663324464484002
21002,2,C6,A2,A5,1000,0.2420507368743602
21002,2,C6,A2,A6,1000,0.1476696482026409
21002,2,C6,A3,A4,1000,0.06963169123694482
21002,2,C6,A3,A5,1000,0.4364969008004435
21002,2,C6,A3,A6,1000,0.34357191487078104
21002,2,C6,A4,A5,1000,0.5039086899557406
21002,2,C6,A4,A6,1000,0.4117293078846935
21002,2,C6,A5,A6,1000,0.094842938924496
21002,2,C7,A1,A2,1000,0.03962434149382784
21002,2,C7,A1,A3,1000,0.1281661744330405
21002,2,C7,A1,A4,1000,0.12402088484871687
21002,2,C7,A1,A5,1000,0.13875601288407133
21002,2,C7,A1,A6,1000,0.12469029926301954
21002,2,C7,A2,A3,1000,0.08860224316408016
21002,2,C7,A2,A4,1000,0.08445225321264363
21002,2,C7,A2,A5,1000,0.17824614501113661
21002,2,C7,A2,A6,1000,0.16420382365729014
21002,2,C7,A3,A4,1000,0.004154205952894733
21002,2,C7,A3,A5,1000,0.26628149776354837
21002,2,C7,A3,A6,1000,0.25231181049849605
21002,2,C7,A4,A5,1000,0.2621662542864221
21002,2,C7,A4,A6,1000,0.24819254688962947
21002,2,C7,A5,A6,1000,0.014100499696305464
21002,3,C1,A1,A2,1000,0.1044365012988319
21002,3,C1,A1,A3,1000,0.269520799073101
21002,3,C1,A1,A4,1000,0.22032791400441298
21002,3,C1,A1,A5,1000,0.14190256242539392
21002,3,C1,A1,A6,1000,0.042827828321402736
21002,3,C1,A2,A3,1000,0.16556345094441263
21002,3,C1,A2,A4,1000,0.32401860643283453
21002,3,C1,A2,A5,1000,0.24597424217069952
21002,3,C1,A2,A6,1000,0.1471982857512348
21002,3,C1,A3,A4,1000,0.48696522133264586
21002,3,C1,A3,A5,1000,0.40985263379880205
21002,3,C1,A3,A6,1000,0.31198477423676013
21002,3,C1,A4,A5,1000,0.0786753916058788
21002,3,C1,A4,A6,1000,0.17766918459493836
21002,3,C1,A5,A6,1000,0.09913531396424374
21002,3,C2,A1,A2,1000,0.033129476960176166
21002,3,C2,A1,A3,1000,0.08858941085784805
21002,3,C2,A1,A4,1000,0.15346093079454448
21002,3,C2,A1,A5,1000,0.13777460333034666
21002,3,C2,A1,A6,1000,0.03984760780680654
21002,3,C2,A2,A3,1000,0.05548227898771586
21002,3,C2,A2,A4,1000,0.18646341564342053
21002,3,C2,A2,A5,1000,0.17079959226680308
21002,3,C2,A2,A6,1000,0.07296409045473853
21002,3,C2,A3,A4,1000,0.24160931710481257
21002,3,C2,A3,A5,1000,0.22599327302467695
21002,3,C2,A3,A6,1000,0.12837550868870812
21002,3,C2,A4,A5,1000,0.015731081751746104
21002,3,C2,A4,A6,1000,0.11370644337879655
21002,3,C2,A5,A6,1000,0.09799903534983002
21002,3,C3,A1,A2,1000,0.05072862788875697
21002,3,C3,A1,A3,1000,0.5281721463544156
21002,3,C3,A1,A4,1000,0.2770985248421724
21002,3,C3,A1,A6,1000,0.08539629928348136
21002,3,C3,A2,A3,1000,0.4794546364898966
21002,3,C3,A2,A4,1000,0.3271979223322903
21002,3,C3,A2,A6,1000,0.1360458493047469
21002,3,C3,A3,A4,1000,0.789068959315032
21002,3,C3,A3,A6,1000,0.6095019280738266
21002,3,C3,A4,A6,1000,0.19234331984866262
21002,3,C4,A1,A2,1000,0.20999865637915777
21002,3,C4,A1,A3,1000,0.005687488862653937
21002,3,C4,A1,A4,1000,0.37662898434981373
21002,3,C4,A1,A5,1000,0.11746401124029551
21002,3,C4,A1,A6,1000,0.09834460026342402
21002,3,C4,A2,A3,1000,0.2156474773836764
21002,3,C4,A2,A4,1000,0.5803031138552603
21002,3,C4,A2,A5,1000,0.3262956234798959
21002,3,C4,A2,A6,1000,0.3074177315218005
21002,3,C4,A3,A4,1000,0.37104995481748215
21002,3,C4,A3,A5,1000,0.11178687473819557
21002,3,C4,A3,A6,1000,0.09266431614020973
21002,3,C4,A4,A5,1000,0.2607498198959416
21002,3,C4,A4,A6,1000,0.27970524126160556
21002,3,C4,A5,A6,1000,0.0191497615411756
21002,3,C5,A1,A3,1000,0.03009752294221109
21002,3,C5,A1,A4,1000,0.1391372761570131
21002,3,C5,A1,A5,1000,0.19454315284389886
21002,3,C5,A1,A6,1000,0.06797846999601155
21002,3,C5,A3,A4,1000,0.16916496574700973
21002,3,C5,A3,A5,1000,0.22451096896771675
21002,3,C5,A3,A6,1000,0.09805621165616193
21002,3,C5,A4,A5,1000,0.05555602402417388
21002,3,C5,A4,A6,1000,0.07122545839430344
21002,3,C5,A5,A6,1000,0.1267310099354911
21002,3,C6,A1,A2,1000,0.11415266005268225
21002,3,C6,A1,A3,1000,0.4285402338647542
21002,3,C6,A1,A4,1000,0.34466433471039765
21002,3,C6,A1,A5,1000,0.14717842035763257
21002,3,C6,A1,A6,1000,0.06596673359127193
21002,3,C6,A2,A3,1000,0.31692650899236774
21002,3,C6,A2,A4,1000,0.45638989386945544
21002,3,C6,A2,A5,1000,0.26073772433563386
21002,3,C6,A2,A6,1000,0.17993403310907974
21002,3,C6,A3,A4,1000,0.7576281192108123
21002,3,C6,A3,A5,1000,0.5704571810054221
21002,3,C6,A3,A6,1000,0.49241106609474483
21002,3,C6,A4,A5,1000,0.1989042600628749
21002,3,C6,A4,A6,1000,0.27957495032637686
21002,3,C6,A5,A6,1000,0.08131797744459987
21002,3,C7,A1,A2,1000,0.010249895877047008
21002,3,C7,A1,A3,1000,0.1441041900143635
21002,3,C7,A1,A4,1000,0.12379712396739016
21002,3,C7,A1,A5,1000,0.12527190783272438
21002,3,C7,A1,A6,1000,0.07698025794393966
21002,3,C7,A2,A3,1000,0.1338812238069667
21002,3,C7,A2,A4,1000,0.1340241485355902
21002,3,C7,A2,A5,1000,0.13549840302667235
21002,3,C7,A2,A6,1000,0.08722091875344067
21002,3,C7,A3,A4,1000,0.2672601610127544
21002,3,C7,A3,A5,1000,0.26872378896076116
21002,3,C7,A3,A6,1000,0.22075425785496303
21002,3,C7,A4,A5,1000,0.0014779145251609257
21002,3,C7,A4,A6,1000,0.046877441641769574
21002,3,C7,A5,A6,1000,0.04835489166333133
21002,4,C1,A1,A2,1000,0.15600908126575214
21002,4,C1,A1,A3,1000,0.3343170083967606
21002,4,C1,A1,A4,1000,0.16965718035819297
21002,4,C1,A1,A5,1000,0.09104697124183393
21002,4,C1,A1,A6,1000,0.023341182502877703
21002,4,C1,A2,A3,1000,0.4877934899949589
21002,4,C1,A2,A4,1000,0.3248051023957952
21002,4,C1,A2,A5,1000,0.24670327802612674
21002,4,C1,A2,A6,1000,0.17928417521717907
21002,4,C1,A3,A4,1000,0.16561661489822704
21002,4,C1,A3,A5,1000,0.24402099779855843
21002,4,C1,A3,A6,1000,0.31122001484666184
21002,4,C1,A4,A5,1000,0.078732348599544
21002,4,C1,A4,A6,1000,0.14637409042399044
21002,4,C1,A5,A6,1000,0.06772021417875274
21002,4,C2,A1,A2,1000,0.03325430751458123
21002,4,C2,A1,A3,1000,0.15512308441742795
21002,4,C2,A1,A4,1000,0.13124768850237473
21002,4,C2,A1,A5,1000,0.08994439397998835
21002,4,C2,A1,A6,1000,0.026807219377352847
21002,4,C2,A2,A3,1000,0.18824658947188466
21002,4,C2,A2,A4,1000,0.16440512318155995
21002,4,C2,A2,A5,1000,0.12314873975974722
21002,4,C2,A2,A6,1000,0.06005419906116265
21002,4,C2,A3,A4,1000,0.023940665098726277
21002,4,C2,A3,A5,1000,0.06530069157652524
21002,4,C2,A3,A6,1000,0.12838749261473198
21002,4,C2,A4,A5,1000,0.04136871937950613
21002,4,C2,A4,A6,1000,0.10448986081973435
21002,4,C2,A5,A6,1000,0.06315769939868975
21002,4,C3,A1,A2,1000,0.06627870321128884
21002,4,C3,A1,A3,1000,0.5885875825871163
21002,4,C3,A1,A4,1000,0.19449709477311505
21002,4,C3,A1,A6,1000,0.0285928593675928
21002,4,C3,A2,A3,1000,0.6510965335711646
21002,4,C3,A2,A4,1000,0.2603251427043364
21002,4,C3,A2,A6,1000,0.03769555250685372
21002,4,C3,A3,A4,1000,0.4018619295865865
21002,4,C3,A3,A6,1000,0.6156205593510021
21002,4,C3,A4,A6,1000,0.22292324815182918
21002,4,C4,A1,A2,1000,0.3487707623151233
21002,4,C4,A1,A3,1000,0.31678694140737557
21002,4,C4,A1,A4,1000,0.4141058745004723
21002,4,C4,A1,A5,1000,0.25813365906592284
21002,4,C4,A1,A6,1000,0.22506750166253942
21002,4,C4,A2,A3,1000,0.6521935395323623
21002,4,C4,A2,A4,1000,0.744115023281637
21002,4,C4,A2,A5,1000,0.5965306163622318
21002,4,C4,A2,A6,1000,0.565058125022629
21002,4,C4,A3,A4,1000,0.09909903548542212
21002,4,C4,A3,A5,1000,0.059330801142477574
21002,4,C4,A3,A6,1000,0.09264749017470461
21002,4,C4,A4,A5,1000,0.15830213225264977
21002,4,C4,A4,A6,1000,0.1915059017226734
21002,4,C4,A5,A6,1000,0.03334171086358503
21002,4,C5,A1,A3,1000,0.22728170585046437
21002,4,C5,A1,A4,1000,0.2025426685299066
21002,4,C5,A1,A5,1000,0.19655098054019643
21002,4,C5,A1,A6,1000,0.12958955967629862
21002,4,C5,A3,A4,1000,0.02485179573790154
21002,4,C5,A3,A5,1000,0.030866616246869528
21002,4,C5,A3,A6,1000,0.09797640502468871
21002,4,C5,A4,A5,1000,0.006015281305758841
21002,4,C5,A4,A6,1000,0.07314229108697723
21002,4,C5,A5,A6,1000,0.06712993641154588
21002,4,C6,A1,A2,1000,0.15475628094592755
21002,4,C6,A1,A3,1000,0.5515905932804412
21002,4,C6,A1,A4,1000,0.27706806559341185
21002,4,C6,A1,A5,1000,0.13750479403659216
21002,4,C6,A1,A6,1000,0.06689791833393036
21002,4,C6,A2,A3,1000,0.698241084599791
21002,4,C6,A2,A4,1000,0.4292884917658976
21002,4,C6,A2,A5,1000,0.29138000715461465
21002,4,C6,A2,A6,1000,0.2213216309789461
21002,4,C6,A3,A4,1000,0.2809121891819261
21002,4,C6,A3,A5,1000,0.4185901275757176
21002,4,C6,A3,A6,1000,0.48720029936564496
21002,4,C6,A4,A5,1000,0.14028334092792683
21002,4,C6,A4,A6,1000,0.21069592729785072
21002,4,C6,A5,A6,1000,0.07069519084662067
21002,4,C7,A1,A2,1000,0.019490301776790463
21002,4,C7,A1,A3,1000,0.25199409376459503
21002,4,C7,A1,A4,1000,0.1396617340262658
21002,4,C7,A1,A5,1000,0.11448139840339011
21002,4,C7,A1,A6,1000,0.032158008018137285
21002,4,C7,A2,A3,1000,0.23265756847130112
21002,4,C7,A2,A4,1000,0.1202153696258046
21002,4,C7,A2,A5,1000,0.09501959135145151
21002,4,C7,A2,A6,1000,0.012668780815763074
21002,4,C7,A3,A4,1000,0.11287358024727952
21002,4,C7,A3,A5,1000,0.13805335190080162
21002,4,C7,A3,A6,1000,0.2200762614759503
21002,4,C7,A4,A5,1000,0.025234529776683397
21002,4,C7,A4,A6,1000,0.10756856870199369
21002,4,C7,A5,A6,1000,0.08236411747912822
21002,5,C1,A1,A2,1000,0.287621850054804
21002,5,C1,A1,A3,1000,0.24769375581395572
21002,5,C1,A1,A4,1000,0.12267704641094729
21002,5,C1,A1,A5,1000,0.04160742478846911
21002,5,C1,A1,A6,1000,0.0037537008268169083
21002,5,C1,A2,A3,1000,0.04021824982309674
21002,5,C1,A2,A4,1000,0.16553162066547572
21002,5,C1,A2,A5,1000,0.24630950294773743
21002,5,C1,A2,A6,1000,0.28389879501194515
21002,5,C1,A3,A4,1000,0.12539913227976207
21002,5,C1,A3,A5,1000,0.2062991534207606
21002,5,C1,A3,A6,1000,0.24396274340864343
21002,5,C1,A4,A5,1000,0.08111113515762929
21002,5,C1,A4,A6,1000,0.1189288414954427
21002,5,C1,A5,A6,1000,0.037854319622170444
21002,5,C2,A1,A2,1000,0.16676027890921474
21002,5,C2,A1,A3,1000,0.146319560021057
21002,5,C2,A1,A4,1000,0.11059760518039888
21002,5,C2,A1,A5,1000,0.043725938735831645
21002,5,C2,A1,A6,1000,0.013798081549901538
21002,5,C2,A2,A3,1000,0.02050776863486453
21002,5,C2,A2,A4,1000,0.056302024924479756
21002,5,C2,A2,A5,1000,0.12315544128471047
21002,5,C2,A2,A6,1000,0.15300981955346982
21002,5,C2,A3,A4,1000,0.03579979686643396
21002,5,C2,A3,A5,1000,0.1026823972398262
21002,5,C2,A3,A6,1000,0.1325577662419018
21002,5,C2,A4,A5,1000,0.06691557871053892
21002,5,C2,A4,A6,1000,0.09681965429266576
21002,5,C2,A5,A6,1000,0.02993034487262991
21002,5,C3,A1,A2,1000,0.17993553911633745
21002,5,C3,A1,A3,1000,0.34701523043082805
21002,5,C3,A1,A4,1000,0.12101843656132946
21002,5,C3,A1,A6,1000,0.15046901453726286
21002,5,C3,A2,A3,1000,0.16856130992087734
21002,5,C3,A2,A4,1000,0.05909069424622622
21002,5,C3,A2,A6,1000,0.3291973059113862
21002,5,C3,A3,A4,1000,0.2273212678759001
21002,5,C3,A3,A6,1000,0.4940119954730035
21002,5,C3,A4,A6,1000,0.2708144407625922
21002,5,C4,A1,A2,1000,0.9985529427696155
21002,5,C4,A1,A3,1000,0.5023673548844648
21002,5,C4,A1,A4,1000,0.5144612891344921
21002,5,C4,A1,A5,1000,0.4478377068000767
21002,5,C4,A1,A6,1000,0.40143151792683607
21002,5,C4,A2,A3,1000,0.5334660419900784
21002,5,C4,A2,A4,1000,0.5214496120275476
21002,5,C4,A2,A5,1000,0.5871871445034936
21002,5,C4,A2,A6,1000,0.6323181649472011
21002,5,C4,A3,A4,1000,0.012573491427074004
21002,5,C4,A3,A5,1000,0.05644870334985757
21002,5,C4,A3,A6,1000,0.10416939906302969
21002,5,C4,A4,A5,1000,0.06901551087347751
21002,5,C4,A4,A6,1000,0.11672199568672889
21002,5,C4,A5,A6,1000,0.04775926777208882
21002,5,C5,A1,A3,1000,0.3021222824812819
21002,5,C5,A1,A4,1000,0.27314038589861245
21002,5,C5,A1,A5,1000,0.20750157691960172
21002,5,C5,A1,A6,1000,0.19805230087338577
21002,5,C5,A3,A4,1000,0.02921968883132705
21002,5,C5,A3,A5,1000,0.09521163428280678
21002,5,C5,A3,A6,1000,0.10469057346547164
21002,5,C5,A4,A5,1000,0.06601008347304455
21002,5,C5,A4,A6,1000,0.0754936851635853
21002,5,C5,A5,A6,1000,0.009488263548470537
21002,5,C6,A1,A2,1000,0.4195502794088138
21002,5,C6,A1,A3,1000,0.4109184990758023
21002,5,C6,A1,A4,1000,0.22673074714371785
21002,5,C6,A1,A5,1000,0.13140138837528648
21002,5,C6,A1,A6,1000,0.06951870078400704
21002,5,C6,A2,A3,1000,0.008843281853240547
21002,5,C6,A2,A4,1000,0.1953298355796859
21002,5,C6,A2,A5,1000,0.2903064800450807
21002,5,C6,A2,A6,1000,0.35141677565023877
21002,5,C6,A3,A4,1000,0.1865342215665474
21002,5,C6,A3,A5,1000,0.2815667275526729
21002,5,C6,A3,A6,1000,0.3427234965247045
21002,5,C6,A4,A5,1000,0.09571967466971844
21002,5,C6,A4,A6,1000,0.15755577886495997
21002,5,C6,A5,A6,1000,0.06196279522984212
21002,5,C7,A1,A2,1000,0.20038116611622464
21002,5,C7,A1,A3,1000,0.23851523889729118
21002,5,C7,A1,A4,1000,0.15732875625435075
21002,5,C7,A1,A5,1000,0.10570614451780735
21002,5,C7,A1,A6,1000,0.014241287880025707
21002,5,C7,A2,A3,1000,0.03838085815876906
21002,5,C7,A2,A4,1000,0.04323537502278348
21002,5,C7,A2,A5,1000,0.09494538526442495
21002,5,C7,A2,A6,1000,0.2145391214205158
21002,5,C7,A3,A4,1000,0.08159769545973732
21002,5,C7,A3,A5,1000,0.13326029175542442
21002,5,C7,A3,A6,1000,0.2526402637747674
21002,5,C7,A4,A5,1000,0.05173859987769801
21002,5,C7,A4,A6,1000,0.1715173812046281
21002,5,C7,A5,A6,1000,0.11992243904704811
21003,0,C1,A1,A2,1000,0.233453137281504
21003,0,C1,A1,A3,1000,0.029154833402909048
21003,0,C1,A1,A4,1000,0.16012582897166389
21003,0,C1,A1,A5,1000,0.2139080581870962
21003,0,C1,A1,A6,1000,0.19641160728758295
21003,0,C1,A2,A3,1000,0.2624141031387698
21003,0,C1,A2,A4,1000,0.3920478831548358
21003,0,C1,A2,A5,1000,0.4450708630074002
21003,0,C1,A2,A6,1000,0.4278344014923839
21003,0,C1,A3,A4,1000,0.13103168076936325
21003,0,C1,A3,A5,1000,0.18486674643685846
21003,0,C1,A3,A6,1000,0.16735135332469322
21003,0,C1,A4,A5,1000,0.05396199461814445
21003,0,C1,A4,A6,1000,0.036397260834491296
21003,0,C1,A5,A6,1000,0.01756807433592696
21003,0,C2,A1,A2,1000,0.03472819946773927
21003,0,C2,A1,A3,1000,0.06258943455834726
21003,0,C2,A1,A4,1000,0.114906659913164
21003,0,C2,A1,A5,1000,0.3795240144600741
21003,0,C2,A1,A6,1000,0.14732209990530135
21003,0,C2,A2,A3,1000,0.027869406824720708
21003,0,C2,A2,A4,1000,0.08022121465393309
21003,0,C2,A2,A5,1000,0.34539314767510865
21003,0,C2,A2,A6,1000,0.11267049592178999
21003,0,C2,A3,A4,1000,0.05236729607715708
21003,0,C2,A3,A5,1000,0.3179263863663263
21003,0,C2,A3,A6,1000,0.08483620231535735
21003,0,C2,A4,A5,1000,0.2661467082294755
21003,0,C2,A4,A6,1000,0.03248781875947601
21003,0,C2,A5,A6,1000,0.23393082004821159
21003,0,C3,A1,A2,1000,0.039989750717114504
21003,0,C3,A1,A3,1000,0.02407232801669577
21003,0,C3,A1,A4,1000,0.10806056257554661
21003,0,C3,A1,A6,1000,0.24116988259267844
21003,0,C3,A2,A3,1000,0.015919419491554853
21003,0,C3,A2,A4,1000,0.0681087534873237
21003,0,C3,A2,A6,1000,0.20142881746848607
21003,0,C3,A3,A4,1000,0.08401645563242736
21003,0,C3,A3,A6,1000,0.21725906107219814
21003,0,C3,A4,A6,1000,0.133555253998973
21003,0,C4,A1,A2,1000,0.08796266435417978
21003,0,C4,A1,A3,1000,0.15273000130892936
21003,0,C4,A1,A4,1000,0.23586345753238838
21003,0,C4,A1,A5,1000,0.2102920523469608
21003,0,C4,A1,A6,1000,0.2270496159102365
21003,0,C4,A2,A3,1000,0.06489084507096939
21003,0,C4,A2,A4,1000,0.14832874351017505
21003,0,C4,A2,A5,1000,0.1226465012716074
21003,0,C4,A2,A6,1000,0.1394749837220193
21003,0,C4,A3,A4,1000,0.0835473272527433
21003,0,C4,A3,A5,1000,0.05781841367790609
21003,0,C4,A3,A6,1000,0.07467617578944398
21003,0,C4,A4,A5,1000,0.025745760931739196
21003,0,C4,A4,A6,1000,0.008878657141334916
21003,0,C4,A5,A6,1000,0.016867627400466177
21003,0,C5,A1,A3,1000,0.4077180040420966
21003,0,C5,A1,A4,1000,0.45333738678485114
21003,0,C5,A1,A5,1000,0.545054673622382
21003,0,C5,A1,A6,1000,0.5252434617981405
21003,0,C5,A3,A4,1000,0.04651492979210304
21003,0,C5,A3,A5,1000,0.1405462392639334
21003,0,C5,A3,A6,1000,0.12017714521411395
21003,0,C5,A4,A5,1000,0.0940942976526562
21003,0,C5,A4,A6,1000,0.07370434930041335
21003,0,C5,A5,A6,1000,0.02040460959507511
21003,0,C6,A1,A2,1000,0.024227830502509977
21003,0,C6,A1,A3,1000,0.09269307075030796
21003,0,C6,A1,A4,1000,0.20335140343096264
21003,0,C6,A1,A5,1000,0.2168650023601474
21003,0,C6,A1,A6,1000,0.27588728315256394
21003,0,C6,A2,A3,1000,0.06848770463471601
21003,0,C6,A2,A4,1000,0.1792489395693868
21003,0,C6,A2,A5,1000,0.19278056828014392
21003,0,C6,A2,A6,1000,0.25189539296244556
21003,0,C6,A3,A4,1000,0.11095131121376615
21003,0,C6,A3,A5,1000,0.12452188951184243
21003,0,C6,A3,A6,1000,0.18384690317858102
21003,0,C6,A4,A5,1000,0.013596458177506408
21003,0,C6,A4,A6,1000,0.07310146532619895
21003,0,C6,A5,A6,1000,0.05951327637923034
21003,0,C7,A1,A2,1000,0.16118854441821664
21003,0,C7,A1,A3,1000,0.169932736190714
21003,0,C7,A1,A4,1000,0.21029993087724666
21003,0,C7,A1,A5,1000,0.3369919541106026
21003,0,C7,A1,A6,1000,0.7689426887211751
21003,0,C7,A2,A3,1000,0.008775229417075033
21003,0,C7,A2,A4,1000,0.049325458905236
21003,0,C7,A2,A5,1000,0.17701169247716644
21003,0,C7,A2,A6,1000,0.6177782621943066
21003,0,C7,A3,A4,1000,0.04055242358993828
21003,0,C7,A3,A5,1000,0.16826902895892146
21003,0,C7,A3,A6,1000,0.609457140433167
21003,0,C7,A4,A5,1000,0.12782545671451623
21003,0,C7,A4,A6,1000,0.5708802248225773
21003,0,C7,A5,A6,1000,0.4480051798481262
21003,1,C1,A1,A2,1000,0.03911102938576457
21003,1,C1,A1,A3,1000,0.15678782032462754
21003,1,C1,A1,A4,1000,0.2027228184747313
21003,1,C1,A1,A5,1000,0.2344832054175019
21003,1,C1,A1,A6,1000,0.010641199631031712
21003,1,C1,A2,A3,1000,0.1957808304270386
21003,1,C1,A2,A4,1000,0.24164648343296088
21003,1,C1,A2,A5,1000,0.273349854645413
21003,1,C1,A2,A6,1000,0.028471024801711264
21003,1,C1,A3,A4,1000,0.04607670313321127
21003,1,C1,A3,A5,1000,0.0779726302647868
21003,1,C1,A3,A6,1000,0.1674016464057892
21003,1,C1,A4,A5,1000,0.03190711557021326
21003,1,C1,A4,A6,1000,0.21331912613249782
21003,1,C1,A5,A6,1000,0.24506491702937008
21003,1,C2,A1,A2,1000,0.03421064531950317
21003,1,C2,A1,A3,1000,0.07381901582782507
21003,1,C2,A1,A4,1000,0.1407266721525765
21003,1,C2,A1,A5,1000,0.6600652274224179
21003,1,C2,A1,A6,1000,0.010701179545606206
21003,1,C2,A2,A3,1000,0.039621609753662426
21003,1,C2,A2,A4,1000,0.1065834682399831
21003,1,C2,A2,A5,1000,0.6279061754588116
21003,1,C2,A2,A6,1000,0.04490962007286352
21003,1,C2,A3,A4,1000,0.0669989020605673
21003,1,C2,A3,A5,1000,0.5904731772720423
21003,1,C2,A3,A6,1000,0.08451130426501255
21003,1,C2,A4,A5,1000,0.5267415557553518
21003,1,C2,A4,A6,1000,0.15139775515070028
21003,1,C2,A5,A6,1000,0.6700920506738494
21003,1,C3,A1,A2,1000,0.03399108315677074
21003,1,C3,A1,A3,1000,0.10055207410207767
21003,1,C3,A1,A4,1000,0.1377903943708084
21003,1,C3,A1,A6,1000,0.1160179530266114
21003,1,C3,A2,A3,1000,0.06659016234202651
21003,1,C3,A2,A4,1000,0.10386158791884949
21003,1,C3,A2,A6,1000,0.14993124843046043
21003,1,C3,A3,A4,1000,0.037304499014885126
21003,1,C3,A3,A6,1000,0.21624186649296573
21003,1,C3,A4,A6,1000,0.253284217826924
21003,1,C4,A1,A2,1000,0.0722514823422013
21003,1,C4,A1,A3,1000,0.11045060376226015
21003,1,C4,A1,A4,1000,0.3196051603559499
21003,1,C4,A1,A5,1000,0.17368415555356112
21003,1,C4,A1,A6,1000,0.03616136831303318
21003,1,C4,A2,A3,1000,0.038241084360387395
21003,1,C4,A2,A4,1000,0.2481303739264965
21003,1,C4,A2,A5,1000,0.10160665468416055
21003,1,C4,A2,A6,1000,0.03610325442755086
21003,1,C4,A3,A4,1000,0.21016080707363313
21003,1,C4,A3,A5,1000,0.06339895090651201
21003,1,C4,A3,A6,1000,0.07433029740632696
21003,1,C4,A4,A5,1000,0.14703176243109892
21003,1,C4,A4,A6,1000,0.2838887380488353
21003,1,C4,A5,A6,1000,0.13764124049414117
21003,1,C5,A1,A3,1000,0.2679909231278367
21003,1,C5,A1,A4,1000,0.29290348970800073
21003,1,C5,A1,A5,1000,0.4271297171363042
21003,1,C5,A1,A6,1000,0.14815856091354362
21003,1,C5,A3,A4,1000,0.025112929794958144
21003,1,C5,A3,A5,1000,0.16100889791475279
21003,1,C5,A3,A6,1000,0.12032230457532404
21003,1,C5,A4,A5,1000,0.13595327809083865
21003,1,C5,A4,A6,1000,0.14539050710911816
21003,1,C5,A5,A6,1000,0.2807737355508444
21003,1,C6,A1,A2,1000,0.045214274432668906
21003,1,C6,A1,A3,1000,0.13229438760647047
21003,1,C6,A1,A4,1000,0.2762947627521935
21003,1,C6,A1,A5,1000,0.2115349771139663
21003,1,C6,A1,A6,1000,0.05129626442856353
21003,1,C6,A2,A3,1000,0.08715256774108962
21003,1,C6,A2,A4,1000,0.23147923563625442
21003,1,C6,A2,A5,1000,0.16654066816479143
21003,1,C6,A2,A6,1000,0.0964783226684039
21003,1,C6,A3,A4,1000,0.14473155939558632
21003,1,C6,A3,A5,1000,0.07954740170782668
21003,1,C6,A3,A6,1000,0.18341494489603677
21003,1,C6,A4,A5,1000,0.06529118769841749
21003,1,C6,A4,A6,1000,0.3269489744147769
21003,1,C6,A5,A6,1000,0.26243418824870685
21003,1,C7,A1,A2,1000,0.10439366258322741
21003,1,C7,A1,A3,1000,0.14494740767508216
21003,1,C7,A1,A4,1000,0.15358770903728416
21003,1,C7,A1,A5,1000,0.3565807288742798
21003,1,C7,A1,A6,1000,0.44954764857103835
21003,1,C7,A2,A3,1000,0.04063095118898639
21003,1,C7,A2,A4,1000,0.04929320795024703
21003,1,C7,A2,A5,1000,0.25336465937118896
21003,1,C7,A2,A6,1000,0.5497902584526563
21003,1,C7,A3,A4,1000,0.00866441770897326
21003,1,C7,A3,A5,1000,0.21301111097408507
21003,1,C7,A3,A6,1000,0.5884748022737636
21003,1,C7,A4,A5,1000,0.2043947923724105
21003,1,C7,A4,A6,1000,0.5966992720369281
21003,1,C7,A5,A6,1000,0.7882205405191776
21003,2,C1,A1,A2,1000,0.132052454824408
21003,2,C1,A1,A3,1000,0.29859908569788113
21003,2,C1,A1,A4,1000,0.25104594799492147
21003,2,C1,A1,A5,1000,0.14114974305541134
21003,2,C1,A1,A6,1000,0.024836086168379182
21003,2,C1,A2,A3,1000,0.16718821463806227
21003,2,C1,A2,A4,1000,0.11937754462544194
21003,2,C1,A2,A5,1000,0.27270342027401784
21003,2,C1,A2,A6,1000,0.1568385379022656
21003,2,C1,A3,A4,1000,0.0479069923487558
21003,2,C1,A3,A5,1000,0.43796342511260294
21003,2,C1,A3,A6,1000,0.32320355696181513
21003,2,C1,A4,A5,1000,0.3908520485280354
21003,2,C1,A4,A6,1000,0.2757158215644028
21003,2,C1,A5,A6,1000,0.11635461716812215
21003,2,C2,A1,A2,1000,0.033900545495675366
21003,2,C2,A1,A3,1000,0.0856911447642709
21003,2,C2,A1,A4,1000,0.16880351438775562
21003,2,C2,A1,A5,1000,0.5566799993287678
21003,2,C2,A1,A6,1000,0.020011220863820116
21003,2,C2,A2,A3,1000,0.05181032151796927
21003,2,C2,A2,A4,1000,0.13500412354733973
21003,2,C2,A2,A5,1000,0.5886782448295109
21003,2,C2,A2,A6,1000,0.05390693267031716
21003,2,C2,A3,A4,1000,0.08327037701551132
21003,2,C2,A3,A5,1000,0.6373326087074455
21003,2,C2,A3,A6,1000,0.10567853691548908
21003,2,C2,A4,A5,1000,0.7148535318758811
21003,2,C2,A4,A6,1000,0.1887312421910301
21003,2,C2,A5,A6,1000,0.5377337458480055
21003,2,C3,A1,A2,1000,0.02816801216400583
21003,2,C3,A1,A3,1000,0.1809090486530905
21003,2,C3,A1,A4,1000,0.16962044541285232
21003,2,C3,A1,A6,1000,0.08081158580964233
21003,2,C3,A2,A3,1000,0.15284105193138117
21003,2,C3,A2,A4,1000,0.14153921153251073
21003,2,C3,A2,A6,1000,0.10894758220175438
21003,2,C3,A3,A4,1000,0.011333979984665711
21003,2,C3,A3,A6,1000,0.2612317468198215
21003,2,C3,A4,A6,1000,0.2499933305164382
21003,2,C4,A1,A2,1000,0.05831645398158521
21003,2,C4,A1,A3,1000,0.07010704839038291
21003,2,C4,A1,A4,1000,0.4413704417561185
21003,2,C4,A1,A5,1000,0.042850129618216375
21003,2,C4,A1,A6,1000,0.0045456786572155424
21003,2,C4,A2,A3,1000,0.011797136655393912
21003,2,C4,A2,A4,1000,0.3844466418560673
21003,2,C4,A2,A5,1000,0.10113197369046754
21003,2,C4,A2,A6,1000,0.06285986044488931
21003,2,C4,A3,A4,1000,0.3728917466888596
21003,2,C4,A3,A5,1000,0.11291078981698481
21003,2,C4,A3,A6,1000,0.07464948663720818
21003,2,C4,A4,A5,1000,0.4829592910429812
21003,2,C4,A4,A6,1000,0.44579183883593926
21003,2,C4,A5,A6,1000,0.03830548233437804
21003,2,C5,A1,A3,1000,0.16305481633642407
21003,2,C5,A1,A4,1000,0.16668059060556153
21003,2,C5,A1,A5,1000,0.11343103911154402
21003,2,C5,A1,A6,1000,0.022150703694001714
21003,2,C5,A3,A4,1000,0.0036358881407799705
21003,2,C5,A3,A5,1000,0.2759663996709436
21003,2,C5,A3,A6,1000,0.1409558945042262
21003,2,C5,A4,A5,1000,0.27957377466687044
21003,2,C5,A4,A6,1000,0.1445841844615018
21003,2,C5,A5,A6,1000,0.13554672679971483
21003,2,C6,A1,A2,1000,0.06646255159694273
21003,2,C6,A1,A3,1000,0.175972668161068
21003,2,C6,A1,A4,1000,0.3713263571027948
21003,2,C6,A1,A5,1000,0.09983024435458797
21003,2,C6,A1,A6,1000,0.052483018509269834
21003,2,C6,A2,A3,1000,0.1096873294055063
21003,2,C6,A2,A4,1000,0.3059391006923385
21003,2,C6,A2,A5,1000,0.16613866476799505
21003,2,C6,A2,A6,1000,0.11888796642254178
21003,2,C6,A3,A4,1000,0.19724347528125155
21003,2,C6,A3,A5,1000,0.2751346249432926
21003,2,C6,A3,A6,1000,0.2281650869609454
21003,2,C6,A4,A5,1000,0.4687418947916906
21003,2,C6,A4,A6,1000,0.42265941844286586
21003,2,C6,A5,A6,1000,0.047382766079282476
21003,2,C7,A1,A2,1000,0.0509514552182597
21003,2,C7,A1,A3,1000,0.12399711898891788
21003,2,C7,A1,A4,1000,0.10033152418473397
21003,2,C7,A1,A5,1000,0.19974859664189937
21003,2,C7,A1,A6,1000,0.24730000603993477
21003,2,C7,A2,A3,1000,0.07310318488450888
21003,2,C7,A2,A4,1000,0.049411528187638984
21003,2,C7,A2,A5,1000,0.25037064974867007
21003,2,C7,A2,A6,1000,0.2977600351406064
21003,2,C7,A3,A4,1000,0.023702362853136885
21003,2,C7,A3,A5,1000,0.32272720972986235
21003,2,C7,A3,A6,1000,0.3698368771247979
21003,2,C7,A4,A5,1000,0.2993125546308303
21003,2,C7,A4,A6,1000,0.34651882930870653
21003,2,C7,A5,A6,1000,0.04789188411368998
21003,3,C1,A1,A2,1000,0.3310354878566822
21003,3,C1,A1,A3,1000,0.4973516201185504
21003,3,C1,A1,A4,1000,0.24890028306591588
21003,3,C1,A1,A5,1000,0.12055989009684746
21003,3,C1,A1,A6,1000,0.03907609313154856
21003,3,C1,A2,A3,1000,0.16937109082282428
21003,3,C1,A2,A4,1000,0.5753655152672135
21003,3,C1,A2,A5,1000,0.44985887040770295
21003,3,C1,A2,A6,1000,0.36964653797335106
21003,3,C1,A3,A4,1000,0.7374245786229162
21003,3,C1,A3,A5,1000,0.614301128029064
21003,3,C1,A3,A6,1000,0.5353951735225334
21003,3,C1,A4,A5,1000,0.12873297044723206
21003,3,C1,A4,A6,1000,0.21002863295553345
21003,3,C1,A5,A6,1000,0.08152156492273395
21003,3,C2,A1,A2,1000,0.03379109958124238
21003,3,C2,A1,A3,1000,0.09851998999303135
21003,3,C2,A1,A4,1000,0.16658794471995392
21003,3,C2,A1,A5,1000,0.3036912505088773
21003,3,C2,A1,A6,1000,0.029389518162893015
21003,3,C2,A2,A3,1000,0.06475713694835543
21003,3,C2,A2,A4,1000,0.20022902688880553
21003,3,C2,A2,A5,1000,0.33700680898303986
21003,3,C2,A2,A6,1000,0.0631723919933374
21003,3,C2,A3,A4,1000,0.2645348139947722
21003,3,C2,A3,A5,1000,0.40058813706387536
21003,3,C2,A3,A6,1000,0.12786105153094807
21003,3,C2,A4,A5,1000,0.13813511262048797
21003,3,C2,A4,A6,1000,0.13728889617227516
21003,3,C2,A5,A6,1000,0.2746450171948038
21003,3,C3,A1,A2,1000,0.02244839444392544
21003,3,C3,A1,A3,1000,0.2732746237133007
21003,3,C3,A1,A4,1000,0.16862095500422028
21003,3,C3,A1,A6,1000,0.04747304876343139
21003,3,C3,A2,A3,1000,0.25102860027701684
21003,3,C3,A2,A4,1000,0.19097599160391082
21003,3,C3,A2,A6,1000,0.06991190313890669
21003,3,C3,A3,A4,1000,0.4392957997241568
21003,3,C3,A3,A6,1000,0.3202078941538277
21003,3,C3,A4,A6,1000,0.12127444791563846
21003,3,C4,A1,A2,1000,0.04533194175466302
21003,3,C4,A1,A3,1000,0.030252755578636086
21003,3,C4,A1,A4,1000,0.42469043903543496
21003,3,C4,A1,A5,1000,0.07774779626774557
21003,3,C4,A1,A6,1000,0.04497686847421689
21003,3,C4,A2,A3,1000,0.015081994210861701
21003,3,C4,A2,A4,1000,0.4687177408920971
21003,3,C4,A2,A5,1000,0.12302098623637175
21003,3,C4,A2,A6,1000,0.09028387467299365
21003,3,C4,A3,A4,1000,0.45409579435634617
21003,3,C4,A3,A5,1000,0.10796612913345423
21003,3,C4,A3,A6,1000,0.0752157601932116
21003,3,C4,A4,A5,1000,0.34868191091990425
21003,3,C4,A4,A6,1000,0.38079804038920717
21003,3,C4,A5,A6,1000,0.032786534651194306
21003,3,C5,A1,A3,1000,0.06822095714692832
21003,3,C5,A1,A4,1000,0.16672209398445106
21003,3,C5,A1,A5,1000,0.1888731567525227
21003,3,C5,A1,A6,1000,0.09505766931547589
21003,3,C5,A3,A4,1000,0.23466927608834973
21003,3,C5,A3,A5,1000,0.2567554595736073
21003,3,C5,A3,A6,1000,0.16316925590703396
21003,3,C5,A4,A5,1000,0.022222219596107158
21003,3,C5,A4,A6,1000,0.07178016924388089
21003,3,C5,A5,A6,1000,0.09398708545976717
21003,3,C6,A1,A2,1000,0.08950266723100968
21003,3,C6,A1,A3,1000,0.22882603230325282
21003,3,C6,A1,A4,1000,0.36827982082348487
21003,3,C6,A1,A5,1000,0.1037400559291349
21003,3,C6,A1,A6,1000,0.05447833441093866
21003,3,C6,A2,A3,1000,0.13973433150907494
21003,3,C6,A2,A4,1000,0.4556355162185964
21003,3,C6,A2,A5,1000,0.19299579133179148
21003,3,C6,A2,A6,1000,0.1438842855624088
21003,3,C6,A3,A4,1000,0.5901497261904768
21003,3,C6,A3,A5,1000,0.33147329380782636
21003,3,C6,A3,A6,1000,0.28281197778001
21003,3,C6,A4,A5,1000,0.2660812038049934
21003,3,C6,A4,A6,1000,0.31474149660868617
21003,3,C6,A5,A6,1000,0.04930044556184898
21003,3,C7,A1,A2,1000,0.0015862016016784668
21003,3,C7,A1,A3,1000,0.10550782502473727
21003,3,C7,A1,A4,1000,0.10021608157269275
21003,3,C7,A1,A5,1000,0.17767368354663415
21003,3,C7,A1,A6,1000,0.12896683251123228
21003,3,C7,A2,A3,1000,0.10709177200748977
21003,3,C7,A2,A4,1000,0.09863183351172684
21003,3,C7,A2,A5,1000,0.1760936934914415
21003,3,C7,A2,A6,1000,0.12738388144190052
21003,3,C7,A3,A4,1000,0.20545281623322842
21003,3,C7,A3,A5,1000,0.28252144964277076
21003,3,C7,A3,A6,1000,0.2340775883157524
21003,3,C7,A4,A5,1000,0.07763261404959702
21003,3,C7,A4,A6,1000,0.0287975528874036
21003,3,C7,A5,A6,1000,0.04884924653359075
21003,4,C1,A1,A2,1000,0.7055116827623042
21003,4,C1,A1,A3,1000,0.5764714306177242
21003,4,C1,A1,A4,1000,0.2021794451307699
21003,4,C1,A1,A5,1000,0.10194011645174143
21003,4,C1,A1,A6,1000,0.05364856158405141
21003,4,C1,A2,A3,1000,1.2331947803825474
21003,4,C1,A2,A4,1000,0.8943461789805712
21003,4,C1,A2,A5,1000,0.8012308956043249
21003,4,C1,A2,A6,1000,0.7560177882972753
21003,4,C1,A3,A4,1000,0.3791276813085707
21003,4,C1,A3,A5,1000,0.4775060561789446
21003,4,C1,A3,A6,1000,0.5245191527689814
21003,4,C1,A4,A5,1000,0.10044295872725931
21003,4,C1,A4,A6,1000,0.148688696640502
21003,4,C1,A5,A6,1000,0.04831722607638969
21003,4,C2,A1,A2,1000,0.0338841918519092
21003,4,C2,A1,A3,1000,0.1654336644558096
21003,4,C2,A1,A4,1000,0.14020013386793775
21003,4,C2,A1,A5,1000,0.14212344847344333
21003,4,C2,A1,A6,1000,0.03896330487604083
21003,4,C2,A2,A3,1000,0.1991710730550706
21003,4,C2,A2,A4,1000,0.17397587335579556
21003,4,C2,A2,A5,1000,0.17589647244652434
21003,4,C2,A2,A6,1000,0.07283491049954544
21003,4,C2,A3,A4,1000,0.025312661823688368
21003,4,C2,A3,A5,1000,0.023384352647037854
21003,4,C2,A3,A6,1000,0.12657843174075706
21003,4,C2,A4,A5,1000,0.0019284688807920506
21003,4,C2,A4,A6,1000,0.10130989528861964
21003,4,C2,A5,A6,1000,0.10323563747220549
21003,4,C3,A1,A2,1000,0.016763097444440284
21003,4,C3,A1,A3,1000,0.33114307470070115
21003,4,C3,A1,A4,1000,0.1375309925407779
21003,4,C3,A1,A6,1000,0.014736246767262361
21003,4,C3,A2,A3,1000,0.3476538305258912
21003,4,C3,A2,A4,1000,0.15424854736027296
21003,4,C3,A2,A6,1000,0.03149834633312722
21003,4,C3,A3,A4,1000,0.19481287690352006
21003,4,C3,A3,A6,1000,0.31660997094010973
21003,4,C3,A4,A6,1000,0.12282666437926366
21003,4,C4,A1,A2,1000,0.032603201475702885
21003,4,C4,A1,A3,1000,0.16123937583536369
21003,4,C4,A1,A4,1000,0.3158297201901388
21003,4,C4,A1,A5,1000,0.11389937642777753
21003,4,C4,A1,A6,1000,0.08651921259863907
21003,4,C4,A2,A3,1000,0.19370434417971202
21003,4,C4,A2,A4,1000,0.34794569387487634
21003,4,C4,A2,A5,1000,0.146428529582236
21003,4,C4,A2,A6,1000,0.11907655604475562
21003,4,C4,A3,A4,1000,0.15569641215072724
21003,4,C4,A3,A5,1000,0.04745829419740229
21003,4,C4,A3,A6,1000,0.07486174529256828
21003,4,C4,A4,A5,1000,0.20293961995282733
21003,4,C4,A4,A6,1000,0.23017628434647544
21003,4,C4,A5,A6,1000,0.027416763435372547
21003,4,C5,A1,A3,1000,0.38252900141599416
21003,4,C5,A1,A4,1000,0.2918969530973827
21003,4,C5,A1,A5,1000,0.2753275873135023
21003,4,C5,A1,A6,1000,0.22037523347845434
21003,4,C5,A3,A4,1000,0.09167357288116085
21003,4,C5,A3,A5,1000,0.1083637826515608
21003,4,C5,A3,A6,1000,0.1635634756218757
21003,4,C5,A4,A5,1000,0.016707165233462568
21003,4,C5,A4,A6,1000,0.07199987612211524
21003,4,C5,A5,A6,1000,0.05529947826934297
21003,4,C6,A1,A2,1000,0.11624799196676841
21003,4,C6,A1,A3,1000,0.3376643295242159
21003,4,C6,A1,A4,1000,0.27548048990561574
21003,4,C6,A1,A5,1000,0.1091926937080882
21003,4,C6,A1,A6,1000,0.05735182309987108
21003,4,C6,A2,A3,1000,0.45146006060986155
21003,4,C6,A2,A4,1000,0.39000407273966575
21003,4,C6,A2,A5,1000,0.2250419570619234
21003,4,C6,A2,A6,1000,0.17343711281346616
21003,4,C6,A3,A4,1000,0.06306216507859966
21003,4,C6,A3,A5,1000,0.22967671298208261
21003,4,C6,A3,A6,1000,0.2810791906152963
21003,4,C6,A4,A5,1000,0.16699284846586918
21003,4,C6,A4,A6,1000,0.21860981319440517
21003,4,C6,A5,A6,1000,0.05188563084626606
21003,4,C7,A1,A2,1000,0.055467215117616084
21003,4,C7,A1,A3,1000,0.2599303314597134
21003,4,C7,A1,A4,1000,0.15420994419614248
21003,4,C7,A1,A5,1000,0.16314406404699397
21003,4,C7,A1,A6,1000,0.026687896062160196
21003,4,C7,A2,A3,1000,0.20483117176434987
21003,4,C7,A2,A4,1000,0.09884835019455848
21003,4,C7,A2,A5,1000,0.10779864345373648
21003,4,C7,A2,A6,1000,0.028784715475767306
21003,4,C7,A3,A4,1000,0.10625359235313814
21003,4,C7,A3,A5,1000,0.09730324569510046
21003,4,C7,A3,A6,1000,0.2334442719316365
21003,4,C7,A4,A5,1000,0.008962208211438429
21003,4,C7,A4,A6,1000,0.12758778540636703
21003,4,C7,A5,A6,1000,0.1365305363856207
21003,5,C1,A1,A2,1000,0.8577048602011581
21003,5,C1,A1,A3,1000,0.3881566282033822
21003,5,C1,A1,A4,1000,0.16061715562591442
21003,5,C1,A1,A5,1000,0.08448476719152881
21003,5,C1,A1,A6,1000,0.06885891795126417
21003,5,C1,A2,A3,1000,0.4905601779505884
21003,5,C1,A2,A4,1000,0.7083363575058236
21003,5,C1,A2,A5,1000,0.7795376325934931
21003,5,C1,A2,A6,1000,0.7940603532758846
21003,5,C1,A3,A4,1000,0.22896230464250591
21003,5,C1,A3,A5,1000,0.3046564518637141
21003,5,C1,A3,A6,1000,0.3201392503173545
21003,5,C1,A4,A5,1000,0.07623262468830026
21003,5,C1,A4,A6,1000,0.09185663032297267
21003,5,C1,A5,A6,1000,0.015634652370869112
21003,5,C2,A1,A2,1000,0.17032482550572697
21003,5,C2,A1,A3,1000,0.1541179377197503
21003,5,C2,A1,A4,1000,0.11553990524927124
21003,5,C2,A1,A5,1000,0.005706160135767963
21003,5,C2,A1,A6,1000,0.04886767824134531
21003,5,C2,A2,A3,1000,0.016263565835641678
21003,5,C2,A2,A4,1000,0.05492769430181767
21003,5,C2,A2,A5,1000,0.17600858052408344
21003,5,C2,A2,A6,1000,0.12159001645588204
21003,5,C2,A3,A4,1000,0.03866881302555588
21003,5,C2,A3,A5,1000,0.15980569835324518
21003,5,C2,A3,A6,1000,0.10535432317131786
21003,5,C2,A4,A5,1000,0.1212356021168088
21003,5,C2,A4,A6,1000,0.06672155278137987
21003,5,C2,A5,A6,1000,0.05457184139658152
21003,5,C3,A1,A2,1000,0.14136793904122685
21003,5,C3,A1,A3,1000,0.2420309452247535
21003,5,C3,A1,A4,1000,0.10827970725440093
21003,5,C3,A1,A6,1000,0.018580797080922036
21003,5,C3,A2,A3,1000,0.10111272873866832
21003,5,C3,A2,A4,1000,0.03315331180801089
21003,5,C3,A2,A6,1000,0.1598949377361733
21003,5,C3,A3,A4,1000,0.13420640670752831
21003,5,C3,A3,A6,1000,0.26046163808200024
21003,5,C3,A4,A6,1000,0.12682777396321232
21003,5,C4,A1,A2,1000,0.2967497965907268
21003,5,C4,A1,A3,1000,0.20510888125129426
21003,5,C4,A1,A4,1000,0.23803417281679373
21003,5,C4,A1,A5,1000,0.1528050088810771
21003,5,C4,A1,A6,1000,0.13073389678654698
21003,5,C4,A2,A3,1000,0.09240567010906277
21003,5,C4,A2,A4,1000,0.05928660665856345
21003,5,C4,A2,A5,1000,0.1448354697858721
21003,5,C4,A2,A6,1000,0.16689356860970336
21003,5,C4,A3,A4,1000,0.03314466380770963
21003,5,C4,A3,A5,1000,0.05252713656341431
21003,5,C4,A3,A6,1000,0.07464670178629076
21003,5,C4,A4,A5,1000,0.08565134999965572
21003,5,C4,A4,A6,1000,0.10775490326996426
21003,5,C4,A5,A6,1000,0.02213134525406247
21003,5,C5,A1,A3,1000,0.5169951954007458
21003,5,C5,A1,A4,1000,0.4501903128539857
21003,5,C5,A1,A5,1000,0.396305206129291
21003,5,C5,A1,A6,1000,0.3788897482846142
21003,5,C5,A3,A4,1000,0.06847494361201847
21003,5,C5,A3,A5,1000,0.12336607418010419
21003,5,C5,A3,A6,1000,0.14104093404252663
21003,5,C5,A4,A5,1000,0.0549383370787542
21003,5,C5,A4,A6,1000,0.07263735469143838
21003,5,C5,A5,A6,1000,0.01770624149272074
21003,5,C6,A1,A2,1000,0.339213463513367
21003,5,C6,A1,A3,1000,0.2884696111840472
21003,5,C6,A1,A4,1000,0.20378734120508418
21003,5,C6,A1,A5,1000,0.11645482911342261
21003,5,C6,A1,A6,1000,0.06127832084324995
21003,5,C6,A2,A3,1000,0.051461918168655245
21003,5,C6,A2,A4,1000,0.13675106675963197
21003,5,C6,A2,A5,1000,0.22398544120505537
21003,5,C6,A2,A6,1000,0.2787357004889944
21003,5,C6,A3,A4,1000,0.085380288537736
21003,5,C6,A3,A5,1000,0.1728164029415593
21003,5,C6,A3,A6,1000,0.2277464871000339
21003,5,C6,A4,A5,1000,0.08761913736923596
21003,5,C6,A4,A6,1000,0.14275532774587926
21003,5,C6,A5,A6,1000,0.055231406964513605
21003,5,C7,A1,A2,1000,0.2614984044166165
21003,5,C7,A1,A3,1000,0.2845776340262999
21003,5,C7,A1,A4,1000,0.21233361117437569
21003,5,C7,A1,A5,1000,0.15433107885419842
21003,5,C7,A1,A6,1000,0.09056751284287964
21003,5,C7,A2,A3,1000,0.023295311012566048
21003,5,C7,A2,A4,1000,0.04950803513440712
21003,5,C7,A2,A5,1000,0.10771240013743907
21003,5,C7,A2,A6,1000,0.35097509055543386
21003,5,C7,A3,A4,1000,0.07279272616880832
21003,5,C7,A3,A5,1000,0.13096644549061312
21003,5,C7,A3,A6,1000,0.3738878832650518
21003,5,C7,A4,A5,1000,0.05824313006111187
21003,5,C7,A4,A6,1000,0.30212815654450703
21003,5,C7,A5,A6,1000,0.2444356131541288
21004,0,C1,A1,A2,1000,0.028013934707805423
21004,0,C1,A1,A3,1000,0.059998963408364185
21004,0,C1,A1,A4,1000,0.16394908204605185
21004,0,C1,A1,A5,1000,0.2810795000075781
21004,0,C1,A1,A6,1000,0.2512871601516477
21004,0,C1,A2,A3,1000,0.0319901535111834
21004,0,C1,A2,A4,1000,0.13599399912952992
21004,0,C1,A2,A5,1000,0.2532517332016542
21004,0,C1,A2,A6,1000,0.22342034513011247
21004,0,C1,A3,A4,1000,0.10404630950594343
21004,0,C1,A3,A5,1000,0.2214287630501007
21004,0,C1,A3,A6,1000,0.1915579508679176
21004,0,C1,A4,A5,1000,0.11763510577968903
21004,0,C1,A4,A6,1000,0.08767450260420223
21004,0,C1,A5,A6,1000,0.029989770872721692
21004,0,C2,A1,A2,1000,0.047596730091266394
21004,0,C2,A1,A3,1000,0.07636668240100655
21004,0,C2,A1,A4,1000,0.13425872974012948
21004,0,C2,A1,A5,1000,0.2023529367557013
21004,0,C2,A1,A6,1000,0.1824962280792108
21004,0,C2,A2,A3,1000,0.028783800421661114
21004,0,C2,A2,A4,1000,0.08673513291466496
21004,0,C2,A2,A5,1000,0.1549528281414612
21004,0,C2,A2,A6,1000,0.13505408461015508
21004,0,C2,A3,A4,1000,0.05797040900318382
21004,0,C2,A3,A5,1000,0.12624334451552918
21004,0,C2,A3,A6,1000,0.10632480364559066
21004,0,C2,A4,A5,1000,0.0683393210522478
21004,0,C2,A4,A6,1000,0.0483939268340145
21004,0,C2,A5,A6,1000,0.019954260882716377
21004,0,C3,A1,A2,1000,0.051808414381664204
21004,0,C3,A1,A3,1000,0.0703315812729543
21004,0,C3,A1,A4,1000,0.1814663735810674
21004,0,C3,A1,A6,1000,0.2748932889859701
21004,0,C3,A2,A3,1000,0.01853172694051732
21004,0,C3,A2,A4,1000,0.12981073764954196
21004,0,C3,A2,A6,1000,0.22348183455267367
21004,0,C3,A3,A4,1000,0.11131240495315049
21004,0,C3,A3,A6,1000,0.2050560991808457
21004,0,C3,A4,A6,1000,0.09401435338201802
21004,0,C4,A1,A2,1000,0.08644410584125642
21004,0,C4,A1,A3,1000,0.13624935559951826
21004,0,C4,A1,A4,1000,0.21268524111681364
21004,0,C4,A1,A5,1000,0.20112788423183198
21004,0,C4,A1,A6,1000,0.2665008378412033
21004,0,C4,A2,A3,1000,0.04988765210062634
21004,0,C4,A2,A4,1000,0.12656519984860812
21004,0,C4,A2,A5,1000,0.11496237620030032
21004,0,C4,A2,A6,1000,0.18063449502191553
21004,0,C4,A3,A4,1000,0.07674480558731922
21004,0,C4,A3,A5,1000,0.0651265649377334
21004,0,C4,A3,A6,1000,0.13091075693465046
21004,0,C4,A4,A5,1000,0.011626345467725747
21004,0,C4,A4,A6,1000,0.05424237807337335
21004,0,C4,A5,A6,1000,0.06586285190536861
21004,0,C5,A1,A3,1000,0.6391974713941206
21004,0,C5,A1,A4,1000,0.6718553380353834
21004,0,C5,A1,A5,1000,0.7616128489941568
21004,0,C5,A1,A6,1000,0.75369668050298
21004,0,C5,A3,A4,1000,0.034221789907226366
21004,0,C5,A3,A5,1000,0.12896832386731796
21004,0,C5,A3,A6,1000,0.12057140407317328
21004,0,C5,A4,A5,1000,0.09478976034886397
21004,0,C5,A4,A6,1000,0.086386413047231
21004,0,C5,A5,A6,1000,0.008410575923631695
21004,0,C6,A1,A2,1000,0.03008823146503742
21004,0,C6,A1,A3,1000,0.12092211807981043
21004,0,C6,A1,A4,1000,0.19700498870031558
21004,0,C6,A1,A5,1000,0.3860669834007291
21004,0,C6,A1,A6,1000,0.45391495483919675
21004,0,C6,A2,A3,1000,0.09087616591422709
21004,0,C6,A2,A4,1000,0.1670417436017665
21004,0,C6,A2,A5,1000,0.35649312022982543
21004,0,C6,A2,A6,1000,0.4245473134436788
21004,0,C6,A3,A4,1000,0.07630988198845158
21004,0,C6,A3,A5,1000,0.2666916774626596
21004,0,C6,A3,A6,1000,0.3352902810965294
21004,0,C6,A4,A5,1000,0.19087364742522564
21004,0,C6,A4,A6,1000,0.2598344974237597
21004,0,C6,A5,A6,1000,0.06944336648165517
21004,0,C7,A1,A2,1000,0.09801779094504937
21004,0,C7,A1,A3,1000,0.10240441989348464
21004,0,C7,A1,A4,1000,0.15617201645607534
21004,0,C7,A1,A5,1000,0.354646997500894
21004,0,C7,A1,A6,1000,0.2649717855586983
21004,0,C7,A2,A3,1000,0.0043926783753397754
21004,0,C7,A2,A4,1000,0.058275406030472654
21004,0,C7,A2,A5,1000,0.2578242880243798
21004,0,C7,A2,A6,1000,0.16753706466944215
21004,0,C7,A3,A4,1000,0.053884576158679975
21004,0,C7,A3,A5,1000,0.25346990954932824
21004,0,C7,A3,A6,1000,0.16316038357718451
21004,0,C7,A4,A5,1000,0.1999510339280181
21004,0,C7,A4,A6,1000,0.10940396497580408
21004,0,C7,A5,A6,1000,0.09081919900654685
21004,1,C1,A1,A2,1000,0.04362731824779015
21004,1,C1,A1,A3,1000,0.14730080628329068
21004,1,C1,A1,A4,1000,0.18026084122854977
21004,1,C1,A1,A5,1000,0.3371899652271386
21004,1,C1,A1,A6,1000,0.04431549286694897
21004,1,C1,A2,A3,1000,0.10373572357647805
21004,1,C1,A2,A4,1000,0.13673379397583957
21004,1,C1,A2,A5,1000,0.29396548632480685
21004,1,C1,A2,A6,1000,0.08792673355677383
21004,1,C1,A3,A4,1000,0.03304181399601792
21004,1,C1,A3,A5,1000,0.19077710751755866
21004,1,C1,A3,A6,1000,0.19149914593385345
21004,1,C1,A4,A5,1000,0.157830442189884
21004,1,C1,A4,A6,1000,0.2244087065414623
21004,1,C1,A5,A6,1000,0.3809764517055817
21004,1,C2,A1,A2,1000,0.04116078597743078
21004,1,C2,A1,A3,1000,0.07662029257417252
21004,1,C2,A1,A4,1000,0.1738846527872781
21004,1,C2,A1,A5,1000,0.238129021067783
21004,1,C2,A1,A6,1000,0.029670282207326412
21004,1,C2,A2,A3,1000,0.03547425382871225
21004,1,C2,A2,A4,1000,0.13284937765351187
21004,1,C2,A2,A5,1000,0.19722428811045875
21004,1,C2,A2,A6,1000,0.07081962295047553
21004,1,C2,A3,A4,1000,0.09743604279458201
21004,1,C2,A3,A5,1000,0.16190122635639898
21004,1,C2,A3,A6,1000,0.10625867408331557
21004,1,C2,A4,A5,1000,0.064604003539734
21004,1,C2,A4,A6,1000,0.20341667163204602
21004,1,C2,A5,A6,1000,0.26755001353155555
21004,1,C3,A1,A2,1000,0.04280067880488143
21004,1,C3,A1,A3,1000,0.08404599744887348
21004,1,C3,A1,A4,1000,0.3258698717600313
21004,1,C3,A1,A6,1000,0.12048582975301314
21004,1,C3,A2,A3,1000,0.04126388232383353
21004,1,C3,A2,A4,1000,0.2835662186113095
21004,1,C3,A2,A6,1000,0.16317813663786887
21004,1,C3,A3,A4,1000,0.24266298089869912
21004,1,C3,A3,A6,1000,0.2042675850838382
21004,1,C3,A4,A6,1000,0.44417747075448766
21004,1,C4,A1,A2,1000,0.07027310914407423
21004,1,C4,A1,A3,1000,0.11861860134120737
21004,1,C4,A1,A4,1000,0.2559446766269062
21004,1,C4,A1,A5,1000,0.1634980612289048
21004,1,C4,A1,A6,1000,0.012254076219040054
21004,1,C4,A2,A3,1000,0.04840150066356898
21004,1,C4,A2,A4,1000,0.18613720425516614
21004,1,C4,A2,A5,1000,0.09337382802545244
21004,1,C4,A2,A6,1000,0.0825172519405245
21004,1,C4,A3,A4,1000,0.13791037385462063
21004,1,C4,A3,A5,1000,0.045000688600177696
21004,1,C4,A3,A6,1000,0.13084619137317854
21004,1,C4,A4,A5,1000,0.09299190033000852
21004,1,C4,A4,A6,1000,0.2680821724878548
21004,1,C4,A5,A6,1000,0.17570323442288602
21004,1,C5,A1,A3,1000,0.33626958405718316
21004,1,C5,A1,A4,1000,0.3786568056181505
21004,1,C5,A1,A5,1000,0.5112204887708613
21004,1,C5,A1,A6,1000,0.21602635080539148
21004,1,C5,A3,A4,1000,0.0429435629919569
21004,1,C5,A3,A5,1000,0.17805497037071485
21004,1,C5,A3,A6,1000,0.12114991978730172
21004,1,C5,A4,A5,1000,0.13522035758917986
21004,1,C5,A4,A6,1000,0.1640063450465164
21004,1,C5,A5,A6,1000,0.29854146336480847
21004,1,C6,A1,A2,1000,0.04926825935387588
21004,1,C6,A1,A3,1000,0.11703951202820465
21004,1,C6,A1,A4,1000,0.23473344017252884
21004,1,C6,A1,A5,1000,0.5285923276399187
21004,1,C6,A1,A6,1000,0.2138013559978398
21004,1,C6,A2,A3,1000,0.06781996941177501
21004,1,C6,A2,A4,1000,0.1857316998854341
21004,1,C6,A2,A5,1000,0.48093973637210014
21004,1,C6,A2,A6,1000,0.2627039728358077
21004,1,C6,A3,A4,1000,0.1180971791631577
21004,1,C6,A3,A5,1000,0.41491972102098845
21004,1,C6,A3,A6,1000,0.3297694695171436
21004,1,C6,A4,A5,1000,0.2989140748735328
21004,1,C6,A4,A6,1000,0.44569805642371424
21004,1,C6,A5,A6,1000,0.7320591752421124
21004,1,C7,A1,A2,1000,0.06891452709423937
21004,1,C7,A1,A3,1000,0.11894876390481805
21004,1,C7,A1,A4,1000,0.1349117576596868
21004,1,C7,A1,A5,1000,0.4753256650067729
21004,1,C7,A1,A6,1000,0.043771196421882014
21004,1,C7,A2,A3,1000,0.05008926496052078
21004,1,C7,A2,A4,1000,0.06607945456936949
21004,1,C7,A2,A5,1000,0.40822758474476334
21004,1,C7,A2,A6,1000,0.11263904540299756
21004,1,C7,A3,A4,1000,0.015997241178874466
21004,1,C7,A3,A5,1000,0.3591594800202713
21004,1,C7,A3,A6,1000,0.16260475183568923
21004,1,C7,A4,A5,1000,0.3434413881467576
21004,1,C7,A4,A6,1000,0.178539857185006
21004,1,C7,A5,A6,1000,0.5176526544990012
21004,2,C1,A1,A2,1000,0.05948078419518123
21004,2,C1,A1,A3,1000,0.24153501799162036
21004,2,C1,A1,A4,1000,0.19960100711333661
21004,2,C1,A1,A5,1000,0.23446837911664964
21004,2,C1,A1,A6,1000,0.046843574973996174
21004,2,C1,A2,A3,1000,0.18229942271001207
21004,2,C1,A2,A4,1000,0.14027585039398918
21004,2,C1,A2,A5,1000,0.2935618911234412
21004,2,C1,A2,A6,1000,0.10629667855762098
21004,2,C1,A3,A4,1000,0.04212646776519286
21004,2,C1,A3,A5,1000,0.4735076864426872
21004,2,C1,A3,A6,1000,0.2880750130863915
21004,2,C1,A4,A5,1000,0.432181569590739
21004,2,C1,A4,A6,1000,0.24623017146368273
21004,2,C1,A5,A6,1000,0.18782268597446092
21004,2,C2,A1,A2,1000,0.03507029728987983
21004,2,C2,A1,A3,1000,0.07746197110416105
21004,2,C2,A1,A4,1000,0.21782829499876702
21004,2,C2,A1,A5,1000,0.16197103762422363
21004,2,C2,A1,A6,1000,0.03289318430726099
21004,2,C2,A2,A3,1000,0.04240689480443499
21004,2,C2,A2,A4,1000,0.18294477119493863
21004,2,C2,A2,A5,1000,0.19689308772352257
21004,2,C2,A2,A6,1000,0.06795314840420204
21004,2,C2,A3,A4,1000,0.14068539345208506
21004,2,C2,A3,A5,1000,0.23903670789734907
21004,2,C2,A3,A6,1000,0.11031810145862021
21004,2,C2,A4,A5,1000,0.378043319216587
21004,2,C2,A4,A6,1000,0.25048339218066146
21004,2,C2,A5,A6,1000,0.1291697171700542
21004,2,C3,A1,A2,1000,0.03414428922380279
21004,2,C3,A1,A3,1000,0.09859088383226977
21004,2,C3,A1,A4,1000,0.5354740290846459
21004,2,C3,A1,A6,1000,0.08602744976390438
21004,2,C3,A2,A3,1000,0.06447364838774626
21004,2,C3,A2,A4,1000,0.5025880777234605
21004,2,C3,A2,A6,1000,0.12012735101505156
21004,2,C3,A3,A4,1000,0.4401461870279636
21004,2,C3,A3,A6,1000,0.1844226832594984
21004,2,C3,A4,A6,1000,0.6177462704503655
21004,2,C4,A1,A2,1000,0.055871139464808796
21004,2,C4,A1,A3,1000,0.10335866685275374
21004,2,C4,A1,A4,1000,0.3126788034474258
21004,2,C4,A1,A5,1000,0.03750652141915095
21004,2,C4,A1,A6,1000,0.032435303294173864
21004,2,C4,A2,A3,1000,0.047525790198116966
21004,2,C4,A2,A4,1000,0.2574499431627959
21004,2,C4,A2,A5,1000,0.09335050879256412
21004,2,C4,A2,A6,1000,0.08828423638329276
21004,2,C4,A3,A4,1000,0.21029961266279115
21004,2,C4,A3,A5,1000,0.1407894200991908
21004,2,C4,A3,A6,1000,0.13573079298076957
21004,2,C4,A4,A5,1000,0.34960839259398657
21004,2,C4,A4,A6,1000,0.34462195561446124
21004,2,C4,A5,A6,1000,0.005072076855517873
21004,2,C5,A1,A3,1000,0.14483898112976787
21004,2,C5,A1,A4,1000,0.196649862821691
21004,2,C5,A1,A5,1000,0.09504528854100373
21004,2,C5,A1,A6,1000,0.03674666896366702
21004,2,C5,A3,A4,1000,0.051962680778717844
21004,2,C5,A3,A5,1000,0.2395480123936945
21004,2,C5,A3,A6,1000,0.10815095460356096
21004,2,C5,A4,A5,1000,0.2911413941804257
21004,2,C5,A4,A6,1000,0.16002109441630225
21004,2,C5,A5,A6,1000,0.1317447051014325
21004,2,C6,A1,A2,1000,0.06894058076576842
21004,2,C6,A1,A3,1000,0.11519307431572075
21004,2,C6,A1,A4,1000,0.282042999445996
21004,2,C6,A1,A5,1000,0.4008005130797907
21004,2,C6,A1,A6,1000,0.14401871178435122
21004,2,C6,A2,A3,1000,0.046298204961559
21004,2,C6,A2,A4,1000,0.2136289078218264
21004,2,C6,A2,A5,1000,0.4680299828505612
21004,2,C6,A2,A6,1000,0.2126946760296246
21004,2,C6,A3,A4,1000,0.16754582654625394
21004,2,C6,A3,A5,1000,0.5128988151313895
21004,2,C6,A3,A6,1000,0.25867643908322174
21004,2,C6,A4,A5,1000,0.6732165171546689
21004,2,C6,A4,A6,1000,0.4239226490178543
21004,2,C6,A5,A6,1000,0.25891649296514896
21004,2,C7,A1,A2,1000,0.040999803045520054
21004,2,C7,A1,A3,1000,0.13794436166318505
21004,2,C7,A1,A4,1000,0.1152451811575343
21004,2,C7,A1,A5,1000,0.36234125670779666
21004,2,C7,A1,A6,1000,0.04778352547837639
21004,2,C7,A2,A3,1000,0.09701764986347232
21004,2,C7,A2,A4,1000,0.07429212945102338
21004,2,C7,A2,A5,1000,0.40246990775407293
21004,2,C7,A2,A6,1000,0.08875995388491022
21004,2,C7,A3,A4,1000,0.02274749602290464
21004,2,C7,A3,A5,1000,0.49677665839172713
21004,2,C7,A3,A6,1000,0.1855647122103325
21004,2,C7,A4,A5,1000,0.4747665412753732
21004,2,C7,A4,A6,1000,0.16290888501384126
21004,2,C7,A5,A6,1000,0.31538153772436334
21004,3,C1,A1,A2,1000,0.076295601195748
21004,3,C1,A1,A3,1000,0.3585033242636262
21004,3,C1,A1,A4,1000,0.1994250514005617
21004,3,C1,A1,A5,1000,0.17719988680528798
21004,3,C1,A1,A6,1000,0.04981654216704391
21004,3,C1,A2,A3,1000,0.2829559027127099
21004,3,C1,A2,A4,1000,0.27532997798053216
21004,3,C1,A2,A5,1000,0.253176412367753
21004,3,C1,A2,A6,1000,0.12606745527007643
21004,3,C1,A3,A4,1000,0.5542329686649379
21004,3,C1,A3,A5,1000,0.5325418528304237
21004,3,C1,A3,A6,1000,0.4076296860121107
21004,3,C1,A4,A5,1000,0.022300187828985935
21004,3,C1,A4,A6,1000,0.1497483529268104
21004,3,C1,A5,A6,1000,0.12748897934708545
21004,3,C2,A1,A2,1000,0.02920444841388238
21004,3,C2,A1,A3,1000,0.07891427263789254
21004,3,C2,A1,A4,1000,0.21742007524366433
21004,3,C2,A1,A5,1000,0.12573780431559087
21004,3,C2,A1,A6,1000,0.03629995445182387
21004,3,C2,A2,A3,1000,0.0497250947430627
21004,3,C2,A2,A4,1000,0.24641789567320382
21004,3,C2,A2,A5,1000,0.1548673119178945
21004,3,C2,A2,A6,1000,0.0654952313983982
21004,3,C2,A3,A4,1000,0.29566586701604813
21004,3,C2,A3,A5,1000,0.20438471401568106
21004,3,C2,A3,A6,1000,0.1151705249787544
21004,3,C2,A4,A5,1000,0.09201966320942295
21004,3,C2,A4,A6,1000,0.18131000669572375
21004,3,C2,A5,A6,1000,0.08949174620356325
21004,3,C3,A1,A2,1000,0.025681693669704766
21004,3,C3,A1,A3,1000,0.11445066131918355
21004,3,C3,A1,A4,1000,0.5289480761785802
21004,3,C3,A1,A6,1000,0.05404162564756985
21004,3,C3,A2,A3,1000,0.08880173060092628
21004,3,C3,A2,A4,1000,0.5535787700887638
21004,3,C3,A2,A6,1000,0.07970952911613648
21004,3,C3,A3,A4,1000,0.6381670140712016
21004,3,C3,A3,A6,1000,0.1683623023758512
21004,3,C3,A4,A6,1000,0.476878293811769
21004,3,C4,A1,A2,1000,0.04244308711688092
21004,3,C4,A1,A3,1000,0.08966301269714615
21004,3,C4,A1,A4,1000,0.31196650019136296
21004,3,C4,A1,A5,1000,0.07259001222934686
21004,3,C4,A1,A6,1000,0.05258286419418179
21004,3,C4,A2,A3,1000,0.04724543105770886
21004,3,C4,A2,A4,1000,0.3537575867859381
21004,3,C4,A2,A5,1000,0.11498371623804125
21004,3,C4,A2,A6,1000,0.09499635248915969
21004,3,C4,A3,A4,1000,0.4000762820569203
21004,3,C4,A3,A5,1000,0.16210543381727
21004,3,C4,A3,A6,1000,0.14215193601890966
21004,3,C4,A4,A5,1000,0.240142760131059
21004,3,C4,A4,A6,1000,0.25998295368964075
21004,3,C4,A5,A6,1000,0.02001775720825137
21004,3,C5,A1,A3,1000,0.024697037157431226
21004,3,C5,A1,A4,1000,0.1966210858298924
21004,3,C5,A1,A5,1000,0.21402050794029245
21004,3,C5,A1,A6,1000,0.12055391451852322
21004,3,C5,A3,A4,1000,0.17200996295950752
21004,3,C5,A3,A5,1000,0.18942628505703443
21004,3,C5,A3,A6,1000,0.0958864917367654
21004,3,C5,A4,A5,1000,0.017474293244449025
21004,3,C5,A4,A6,1000,0.0762518482118239
21004,3,C5,A5,A6,1000,0.09371340436267041
21004,3,C6,A1,A2,1000,0.09053561212676012
21004,3,C6,A1,A3,1000,0.11530499621637125
21004,3,C6,A1,A4,1000,0.2784402865910116
21004,3,C6,A1,A5,1000,0.2645838449495945
21004,3,C6,A1,A6,1000,0.0862366242639693
21004,3,C6,A2,A3,1000,0.024802345516493657
21004,3,C6,A2,A4,1000,0.3678204489236885
21004,3,C6,A2,A5,1000,0.354063620802576
21004,3,C6,A2,A6,1000,0.1766008306402983
21004,3,C6,A3,A4,1000,0.39217867282231694
21004,3,C6,A3,A5,1000,0.37845340169579916
21004,3,C6,A3,A6,1000,0.20129242084533652
21004,3,C6,A4,A5,1000,0.013993697225988429
21004,3,C6,A4,A6,1000,0.19279362602969996
21004,3,C6,A5,A6,1000,0.17886599364056682
21004,3,C7,A1,A2,1000,0.01347601632288845
21004,3,C7,A1,A3,1000,0.16077445090326956
21004,3,C7,A1,A4,1000,0.11498245891313126
21004,3,C7,A1,A5,1000,0.24274793006760603
21004,3,C7,A1,A6,1000,0.0523919071438957
21004,3,C7,A2,A3,1000,0.1473414319754117
21004,3,C7,A2,A4,1000,0.12843188852127196
21004,3,C7,A2,A5,1000,0.25611031343703977
21004,3,C7,A2,A6,1000,0.06586172854504277
21004,3,C7,A3,A4,1000,0.2750788096026647
21004,3,C7,A3,A5,1000,0.4014292072115043
21004,3,C7,A3,A6,1000,0.21292636601714307
21004,3,C7,A4,A5,1000,0.12826395661081544
21004,3,C7,A4,A6,1000,0.06264125783742083
21004,3,C7,A5,A6,1000,0.1906888759467557
21004,4,C1,A1,A2,1000,0.094906226252023
21004,4,C1,A1,A3,1000,0.4590869467235636
21004,4,C1,A1,A4,1000,0.18023353279736828
21004,4,C1,A1,A5,1000,0.1272210981642393
21004,4,C1,A1,A6,1000,0.053321082889102936
21004,4,C1,A2,A3,1000,0.5517533464814216
21004,4,C1,A2,A4,1000,0.27470159862040905
21004,4,C1,A2,A5,1000,0.22187680534692167
21004,4,C1,A2,A6,1000,0.1481568197565628
21004,4,C1,A3,A4,1000,0.2810959294143711
21004,4,C1,A3,A5,1000,0.3337294145824458
21004,4,C1,A3,A6,1000,0.4067080029043331
21004,4,C1,A4,A5,1000,0.05312628196322663
21004,4,C1,A4,A6,1000,0.1270262694918463
21004,4,C1,A5,A6,1000,0.07394677826397054
21004,4,C2,A1,A2,1000,0.023452433957286394
21004,4,C2,A1,A3,1000,0.15494945451332495
21004,4,C2,A1,A4,1000,0.17378591884745237
21004,4,C2,A1,A5,1000,0.09250556427374437
21004,4,C2,A1,A6,1000,0.03995912140298034
21004,4,C2,A2,A3,1000,0.178316369559051
21004,4,C2,A2,A4,1000,0.19713240052827233
21004,4,C2,A2,A5,1000,0.11592467731368515
21004,4,C2,A2,A6,1000,0.06340364570662563
21004,4,C2,A3,A4,1000,0.018903800464246574
21004,4,C2,A3,A5,1000,0.06256210829847603
21004,4,C2,A3,A6,1000,0.11508423988894999
21004,4,C2,A4,A5,1000,0.08145305368108757
21004,4,C2,A4,A6,1000,0.1339493685482888
21004,4,C2,A5,A6,1000,0.052572098414297164
21004,4,C3,A1,A2,1000,0.01726427672147813
21004,4,C3,A1,A3,1000,0.19080983646258168
21004,4,C3,A1,A4,1000,0.3241264673902883
21004,4,C3,A1,A6,1000,0.022958316372443843
21004,4,C3,A2,A3,1000,0.20798860182673262
21004,4,C3,A2,A4,1000,0.3411493781289707
21004,4,C3,A2,A6,1000,0.040220597590503615
21004,4,C3,A3,A4,1000,0.13441471027399748
21004,4,C3,A3,A6,1000,0.16794352476817243
21004,4,C3,A4,A6,1000,0.30145343405004477
21004,4,C4,A1,A2,1000,0.029317587689480874
21004,4,C4,A1,A3,1000,0.21536547880673296
21004,4,C4,A1,A4,1000,0.25582650143679225
21004,4,C4,A1,A5,1000,0.10850381827649372
21004,4,C4,A1,A6,1000,0.07361246944836977
21004,4,C4,A2,A3,1000,0.24446754922537564
21004,4,C4,A2,A4,1000,0.28484679866872054
21004,4,C4,A2,A5,1000,0.1377594398841058
21004,4,C4,A2,A6,1000,0.10289849019048146
21004,4,C4,A3,A4,1000,0.040773952234075005
21004,4,C4,A3,A5,1000,0.10720926084365123
21004,4,C4,A3,A6,1000,0.14206573945321324
21004,4,C4,A4,A5,1000,0.14789211263823804
21004,4,C4,A4,A6,1000,0.18269122720747152
21004,4,C4,A5,A6,1000,0.03493035540812291
21004,4,C5,A1,A3,1000,0.39031571672201876
21004,4,C5,A1,A4,1000,0.37346278474074496
21004,4,C5,A1,A5,1000,0.3535344025737993
21004,4,C5,A1,A6,1000,0.29532189311125173
21004,4,C5,A3,A4,1000,0.017111953690589234
21004,4,C5,A3,A5,1000,0.03731761656103804
21004,4,C5,A3,A6,1000,0.0961591036125149
21004,4,C5,A4,A5,1000,0.020206977800802186
21004,4,C5,A4,A6,1000,0.07906040774504633
21004,4,C5,A5,A6,1000,0.058863022409284024
21004,4,C6,A1,A2,1000,0.11590679889270243
21004,4,C6,A1,A3,1000,0.23231576743025886
21004,4,C6,A1,A4,1000,0.23398944153244952
21004,4,C6,A1,A5,1000,0.16476083747418938
21004,4,C6,A1,A6,1000,0.03218117502336203
21004,4,C6,A2,A3,1000,0.3470553572511203
21004,4,C6,A2,A4,1000,0.3487151728968601
21004,4,C6,A2,A5,1000,0.2799947916213433
21004,4,C6,A2,A6,1000,0.1480168287877482
21004,4,C6,A3,A4,1000,0.0016852048866275156
21004,4,C6,A3,A5,1000,0.06787941204011969
21004,4,C6,A3,A6,1000,0.20032041730432912
21004,4,C6,A4,A5,1000,0.06956358442862355
21004,4,C6,A4,A6,1000,0.20199699937995017
21004,4,C6,A5,A6,1000,0.13266702206453965
21004,4,C7,A1,A2,1000,0.014411514719140275
21004,4,C7,A1,A3,1000,0.2689575689231095
21004,4,C7,A1,A4,1000,0.1350660643608074
21004,4,C7,A1,A5,1000,0.1522767688547446
21004,4,C7,A1,A6,1000,0.05778110562989746
21004,4,C7,A2,A3,1000,0.25467817677536314
21004,4,C7,A2,A4,1000,0.12068584359270172
21004,4,C7,A2,A5,1000,0.13790556396827394
21004,4,C7,A2,A6,1000,0.04337441782393284
21004,4,C7,A3,A4,1000,0.13455529942326844
21004,4,C7,A3,A5,1000,0.11733534704533351
21004,4,C7,A3,A6,1000,0.2116183853284165
21004,4,C7,A4,A5,1000,0.01725819647635515
21004,4,C7,A4,A6,1000,0.0773653842764753
21004,4,C7,A5,A6,1000,0.09460658464140978
21004,5,C1,A1,A2,1000,0.30141211565397685
21004,5,C1,A1,A3,1000,0.34477765933902976
21004,5,C1,A1,A4,1000,0.1640421152291169
21004,5,C1,A1,A5,1000,0.08019606382453058
21004,5,C1,A1,A6,1000,0.057482604766974754
21004,5,C1,A2,A3,1000,0.04379593931910507
21004,5,C1,A2,A4,1000,0.13800698392748922
21004,5,C1,A2,A5,1000,0.221714991044114
21004,5,C1,A2,A6,1000,0.24432345966465288
21004,5,C1,A3,A4,1000,0.18169649119800704
21004,5,C1,A3,A5,1000,0.2652646539964984
21004,5,C1,A3,A6,1000,0.2878259001010934
21004,5,C1,A4,A5,1000,0.08394913804461143
21004,5,C1,A4,A6,1000,0.1066534608843932
21004,5,C1,A5,A6,1000,0.02272329477020399
21004,5,C2,A1,A2,1000,0.17628965173312214
21004,5,C2,A1,A3,1000,0.1541645432859615
21004,5,C2,A1,A4,1000,0.13433038292256708
21004,5,C2,A1,A5,1000,0.06057675498679846
21004,5,C2,A1,A6,1000,0.0439519301692589
21004,5,C2,A2,A3,1000,0.02220462206587743
21004,5,C2,A2,A4,1000,0.04209061343931404
21004,5,C2,A2,A5,1000,0.11587629592521556
21004,5,C2,A2,A6,1000,0.13247337035581908
21004,5,C2,A3,A4,1000,0.019888454273342834
21004,5,C2,A3,A5,1000,0.0937034850492081
21004,5,C2,A3,A6,1000,0.11031153767666822
21004,5,C2,A4,A5,1000,0.07383316884254097
21004,5,C2,A4,A6,1000,0.09044923721818542
21004,5,C2,A5,A6,1000,0.016630736907995564
21004,5,C3,A1,A2,1000,0.17163136593816467
21004,5,C3,A1,A3,1000,0.1759362018968689
21004,5,C3,A1,A4,1000,0.18152054105666704
21004,5,C3,A1,A6,1000,0.008642938598688876
21004,5,C3,A2,A3,1000,0.004321172376494803
21004,5,C3,A2,A4,1000,0.009927917233062316
21004,5,C3,A2,A6,1000,0.18024091233458642
21004,5,C3,A3,A4,1000,0.005606775739979635
21004,5,C3,A3,A6,1000,0.18454410035309002
21004,5,C3,A4,A6,1000,0.1901262424332414
21004,5,C4,A1,A2,1000,0.28344308361798665
21004,5,C4,A1,A3,1000,0.23186349646380805
21004,5,C4,A1,A4,1000,0.21283724944706292
21004,5,C4,A1,A5,1000,0.1465721973173996
21004,5,C4,A1,A6,1000,0.09656578241760984
21004,5,C4,A2,A3,1000,0.052053952395221655
21004,5,C4,A2,A4,1000,0.07120170117343562
21004,5,C4,A2,A5,1000,0.13766658512154936
21004,5,C4,A2,A6,1000,0.1875942051250329
21004,5,C4,A3,A4,1000,0.019157696919537334
21004,5,C4,A3,A5,1000,0.08569818097858935
21004,5,C4,A3,A6,1000,0.13572436844116625
21004,5,C4,A4,A5,1000,0.06655565878235122
21004,5,C4,A4,A6,1000,0.11660874770802904
21004,5,C4,A5,A6,1000,0.05010717704480213
21004,5,C5,A1,A3,1000,0.6748950871132454
21004,5,C5,A1,A4,1000,0.6505155251421335
21004,5,C5,A1,A5,1000,0.5960305921771661
21004,5,C5,A1,A6,1000,0.5717095945281369
21004,5,C5,A3,A4,1000,0.025656267362205436
21004,5,C5,A3,A5,1000,0.08270899965925518
21004,5,C5,A3,A6,1000,0.10804664876902498
21004,5,C5,A4,A5,1000,0.0570651079856277
21004,5,C5,A4,A6,1000,0.08241375905480271
21004,5,C5,A5,A6,1000,0.025360932731681822
21004,5,C6,A1,A2,1000,0.3515275311115775
21004,5,C6,A1,A3,1000,0.23547558144214698
21004,5,C6,A1,A4,1000,0.19812266292934252
21004,5,C6,A1,A5,1000,0.07445962717093947
21004,5,C6,A1,A6,1000,0.024684268737955983
21004,5,C6,A2,A3,1000,0.11726524226250874
21004,5,C6,A2,A4,1000,0.1547477530889621
21004,5,C6,A2,A5,1000,0.2779708993991825
21004,5,C6,A2,A6,1000,0.3758053184270802
21004,5,C6,A3,A4,1000,0.0375704034065807
21004,5,C6,A3,A5,1000,0.16136887865459423
21004,5,C6,A3,A6,1000,0.25996909195190476
21004,5,C6,A4,A5,1000,0.1238918135203162
21004,5,C6,A4,A6,1000,0.2226686333184285
21004,5,C6,A5,A6,1000,0.0991201251618231
21004,5,C7,A1,A2,1000,0.20743158289030691
21004,5,C7,A1,A3,1000,0.24914300878595283
21004,5,C7,A1,A4,1000,0.15689342035810344
21004,5,C7,A1,A5,1000,0.06978477853563762
21004,5,C7,A1,A6,1000,0.064220262684895
21004,5,C7,A2,A3,1000,0.04200193834884478
21004,5,C7,A2,A4,1000,0.050758237699199946
21004,5,C7,A2,A5,1000,0.13791311886505372
21004,5,C7,A2,A6,1000,0.14346633469004053
21004,5,C7,A3,A4,1000,0.0927331629063632
21004,5,C7,A3,A5,1000,0.17977470462617426
21004,5,C7,A3,A6,1000,0.18531787032035835
21004,5,C7,A4,A5,1000,0.0872364466658339
21004,5,C7,A4,A6,1000,0.09279832688882468
21004,5,C7,A5,A6,1000,0.005567888956687186
21005,0,C1,A1,A2,1000,0.024917226078312767
21005,0,C1,A1,A3,1000,0.05215003682022503
21005,0,C1,A1,A4,1000,0.1853645332378874
21005,0,C1,A1,A5,1000,0.2748574404246466
21005,0,C1,A1,A6,1000,0.22451850357817887
21005,0,C1,A2,A3,1000,0.07705651730890847
21005,0,C1,A2,A4,1000,0.2101786095176632
21005,0,C1,A2,A5,1000,0.2995573810192349
21005,0,C1,A2,A6,1000,0.24928780626979896
21005,0,C1,A3,A4,1000,0.13335123503829271
21005,0,C1,A3,A5,1000,0.22304642725138915
21005,0,C1,A3,A6,1000,0.17258270645840956
21005,0,C1,A4,A5,1000,0.08998248131694557
21005,0,C1,A4,A6,1000,0.0393282156893575
21005,0,C1,A5,A6,1000,0.05067398577287312
21005,0,C2,A1,A2,1000,0.029194013177135627
21005,0,C2,A1,A3,1000,0.057897957547646595
21005,0,C2,A1,A4,1000,0.1169171984607793
21005,0,C2,A1,A5,1000,0.18523634966126556
21005,0,C2,A1,A6,1000,0.151038931230098
21005,0,C2,A2,A3,1000,0.02871090440315225
21005,0,C2,A2,A4,1000,0.08776595949193824
21005,0,C2,A2,A5,1000,0.15616276932525672
21005,0,C2,A2,A6,1000,0.12192159329412401
21005,0,C2,A3,A4,1000,0.05907627151308634
21005,0,C2,A3,A5,1000,0.1275335220310095
21005,0,C2,A3,A6,1000,0.0932572371946742
21005,0,C2,A4,A5,1000,0.06853154141244518
21005,0,C2,A4,A6,1000,0.034207976830344516
21005,0,C2,A5,A6,1000,0.03433531877278731
21005,0,C3,A1,A2,1000,0.037834787441231664
21005,0,C3,A1,A3,1000,0.04002347274755795
21005,0,C3,A1,A4,1000,0.15830658286255228
21005,0,C3,A1,A6,1000,0.24137218952160824
21005,0,C3,A2,A3,1000,0.0021891581012032893
21005,0,C3,A2,A4,1000,0.12057390038812787
21005,0,C3,A2,A6,1000,0.20380069140924434
21005,0,C3,A3,A4,1000,0.11838915726673442
21005,0,C3,A3,A6,1000,0.2016242815000219
21005,0,C3,A4,A6,1000,0.08352140772617006
21005,0,C4,A1,A2,1000,0.3068344922008369
21005,0,C4,A1,A3,1000,0.38317174073237864
21005,0,C4,A1,A4,1000,0.43694589292621183
21005,0,C4,A1,A5,1000,0.4513511553648002
21005,0,C4,A1,A6,1000,0.5102144072121483
21005,0,C4,A2,A3,1000,0.07789824724048548
21005,0,C4,A2,A4,1000,0.13307252857292412
21005,0,C4,A2,A5,1000,0.14789365161754628
21005,0,C4,A2,A6,1000,0.20863261525861432
21005,0,C4,A3,A4,1000,0.055258290808846984
21005,0,C4,A3,A5,1000,0.07011368655319208
21005,0,C4,A3,A6,1000,0.13104491164242502
21005,0,C4,A4,A5,1000,0.014863773369816908
21005,0,C4,A4,A6,1000,0.07586674451515978
21005,0,C4,A5,A6,1000,0.06101306948951944
21005,0,C5,A1,A3,1000,0.2432260329302757
21005,0,C5,A1,A4,1000,0.27263644558182104
21005,0,C5,A1,A5,1000,0.36096216318412055
21005,0,C5,A1,A6,1000,0.33885289961481774
21005,0,C5,A3,A4,1000,0.029620802025111928
21005,0,C5,A3,A5,1000,0.11884208316403354
21005,0,C5,A3,A6,1000,0.0964716633409677
21005,0,C5,A4,A5,1000,0.08925432008761598
21005,0,C5,A4,A6,1000,0.0668709540934012
21005,0,C5,A5,A6,1000,0.022397466298149045
21005,0,C6,A1,A2,1000,0.03198801411186253
21005,0,C6,A1,A3,1000,0.10270471082896926
21005,0,C6,A1,A4,1000,0.20559302349284586
21005,0,C6,A1,A5,1000,0.25851974302085096
21005,0,C6,A1,A6,1000,0.4646895842008697
21005,0,C6,A2,A3,1000,0.07075004567020367
21005,0,C6,A2,A4,1000,0.17376715333007492
21005,0,C6,A2,A5,1000,0.22679735234440004
21005,0,C6,A2,A6,1000,0.43363441480146786
21005,0,C6,A3,A4,1000,0.1031965379323519
21005,0,C6,A3,A5,1000,0.1564032520643084
21005,0,C6,A3,A6,1000,0.36453681895651374
21005,0,C6,A4,A5,1000,0.053331789370414315
21005,0,C6,A4,A6,1000,0.2628880499509859
21005,0,C6,A5,A6,1000,0.21005354369743795
21005,0,C7,A1,A2,1000,0.19009887182029991
21005,0,C7,A1,A3,1000,0.19381396898202563
21005,0,C7,A1,A4,1000,0.24902733172457667
21005,0,C7,A1,A5,1000,0.3532373104303298
21005,0,C7,A1,A6,1000,0.4719657785891466
21005,0,C7,A2,A3,1000,0.003735940024257437
21005,0,C7,A2,A4,1000,0.0593487701063731
21005,0,C7,A2,A5,1000,0.16476581397866613
21005,0,C7,A2,A6,1000,0.2855993120097136
21005,0,C7,A3,A4,1000,0.05561462792626481
21005,0,C7,A3,A5,1000,0.16104428660021616
21005,0,C7,A3,A6,1000,0.2819073940263074
21005,0,C7,A4,A5,1000,0.1055673619271802
21005,0,C7,A4,A6,1000,0.22681677173356027
21005,0,C7,A5,A6,1000,0.12169247902090485
21005,1,C1,A1,A2,1000,0.027469255520495596
21005,1,C1,A1,A3,1000,0.15997722351858912
21005,1,C1,A1,A4,1000,0.23778162129843028
21005,1,C1,A1,A5,1000,0.3215603769321559
21005,1,C1,A1,A6,1000,0.012727026610328481
21005,1,C1,A2,A3,1000,0.13256984885222792
21005,1,C1,A2,A4,1000,0.21045884263438097
21005,1,C1,A2,A5,1000,0.2943698487073595
21005,1,C1,A2,A6,1000,0.04019478837845101
21005,1,C1,A3,A4,1000,0.07812502586086617
21005,1,C1,A3,A5,1000,0.16249490811303036
21005,1,C1,A3,A6,1000,0.17266695119685502
21005,1,C1,A4,A5,1000,0.08449287042279763
21005,1,C1,A4,A6,1000,0.25042809631650176
21005,1,C1,A5,A6,1000,0.334141399105144
21005,1,C2,A1,A2,1000,0.02854301165721323
21005,1,C2,A1,A3,1000,0.05556517573145813
21005,1,C2,A1,A4,1000,0.18183017661848316
21005,1,C2,A1,A5,1000,0.23646508915416603
21005,1,C2,A1,A6,1000,0.03810550435729088
21005,1,C2,A2,A3,1000,0.02702827698964747
21005,1,C2,A2,A4,1000,0.15340104682580322
21005,1,C2,A2,A5,1000,0.20812414716053138
21005,1,C2,A2,A6,1000,0.06663810841254153
21005,1,C2,A3,A4,1000,0.1264481402398968
21005,1,C2,A3,A5,1000,0.18124362464674387
21005,1,C2,A3,A6,1000,0.09364228500467492
21005,1,C2,A4,A5,1000,0.05498438697594915
21005,1,C2,A4,A6,1000,0.21971848169922895
21005,1,C2,A5,A6,1000,0.27421710908191205
21005,1,C3,A1,A2,1000,0.033197502985032545
21005,1,C3,A1,A3,1000,0.08425034290685757
21005,1,C3,A1,A4,1000,0.2982924764198572
21005,1,C3,A1,A6,1000,0.11936815386800705
21005,1,C3,A2,A3,1000,0.05107302399205278
21005,1,C3,A2,A4,1000,0.2654721746142931
21005,1,C3,A2,A6,1000,0.15247855281108896
21005,1,C3,A3,A4,1000,0.21482339263202058
21005,1,C3,A3,A6,1000,0.20332599602529908
21005,1,C3,A4,A6,1000,0.41556412831149186
21005,1,C4,A1,A2,1000,0.18669174138348996
21005,1,C4,A1,A3,1000,0.23979051378828897
21005,1,C4,A1,A4,1000,0.3218212226387687
21005,1,C4,A1,A5,1000,0.3006006660964113
21005,1,C4,A1,A6,1000,0.1085815670262241
21005,1,C4,A2,A3,1000,0.05345978027302414
21005,1,C4,A2,A4,1000,0.13634493442473228
21005,1,C4,A2,A5,1000,0.11486891769143164
21005,1,C4,A2,A6,1000,0.07835953618749131
21005,1,C4,A3,A4,1000,0.08297322289265002
21005,1,C4,A3,A5,1000,0.0614640614941202
21005,1,C4,A3,A6,1000,0.13173797328134448
21005,1,C4,A4,A5,1000,0.021525301385410502
21005,1,C4,A4,A6,1000,0.21436983635911397
21005,1,C4,A5,A6,1000,0.19297424308653846
21005,1,C5,A1,A3,1000,0.16482643735373553
21005,1,C5,A1,A4,1000,0.19425306024918956
21005,1,C5,A1,A5,1000,0.32490705914013085
21005,1,C5,A1,A6,1000,0.06841319732367492
21005,1,C5,A3,A4,1000,0.029526443337135853
21005,1,C5,A3,A5,1000,0.16098540807311518
21005,1,C5,A3,A6,1000,0.09652943364427212
21005,1,C5,A4,A5,1000,0.13152500627644884
21005,1,C5,A4,A6,1000,0.1260180543717002
21005,1,C5,A5,A6,1000,0.2570951670824048
21005,1,C6,A1,A2,1000,0.04871105061844755
21005,1,C6,A1,A3,1000,0.12851842727929916
21005,1,C6,A1,A4,1000,0.2717143013698903
21005,1,C6,A1,A5,1000,0.27891762189500174
21005,1,C6,A1,A6,1000,0.24129491046626764
21005,1,C6,A2,A3,1000,0.079878099720202
21005,1,C6,A2,A4,1000,0.22342812910210488
21005,1,C6,A2,A5,1000,0.23065744417693493
21005,1,C6,A2,A6,1000,0.28949982268331514
21005,1,C6,A3,A4,1000,0.14392929982847444
21005,1,C6,A3,A5,1000,0.1511915552885321
21005,1,C6,A3,A6,1000,0.3681477961645926
21005,1,C6,A4,A5,1000,0.007287858109683205
21005,1,C6,A4,A6,1000,0.5082435947274578
21005,1,C6,A5,A6,1000,0.5152553977944885
21005,1,C7,A1,A2,1000,0.12097156808757202
21005,1,C7,A1,A3,1000,0.17461577379404306
21005,1,C7,A1,A4,1000,0.18352547633539054
21005,1,C7,A1,A5,1000,0.34117595925726046
21005,1,C7,A1,A6,1000,0.11122545623091472
21005,1,C7,A2,A3,1000,0.053810501054668315
21005,1,C7,A2,A4,1000,0.06275758690489192
21005,1,C7,A2,A5,1000,0.22153440450833053
21005,1,C7,A2,A6,1000,0.2317144584859328
21005,1,C7,A3,A4,1000,0.00895148386771968
21005,1,C7,A3,A5,1000,0.16801947655346547
21005,1,C7,A3,A6,1000,0.28499711406918443
21005,1,C7,A4,A5,1000,0.15910367406864934
21005,1,C7,A4,A6,1000,0.29383828757346603
21005,1,C7,A5,A6,1000,0.44988217476930364
21005,2,C1,A1,A2,1000,0.07788533048996932
21005,2,C1,A1,A3,1000,0.27778643429400485
21005,2,C1,A1,A4,1000,0.29963996617834027
21005,2,C1,A1,A5,1000,0.21963472678764118
21005,2,C1,A1,A6,1000,0.028633762243906426
21005,2,C1,A2,A3,1000,0.20037660979352379
21005,2,C1,A2,A4,1000,0.22232578581267579
21005,2,C1,A2,A5,1000,0.29698111067032057
21005,2,C1,A2,A6,1000,0.10649383834436785
21005,2,C1,A3,A4,1000,0.02206479726349994
21005,2,C1,A3,A5,1000,0.494227005065063
21005,2,C1,A3,A6,1000,0.3061573720827832
21005,2,C1,A4,A5,1000,0.5156769953858447
21005,2,C1,A4,A6,1000,0.32796924948279943
21005,2,C1,A5,A6,1000,0.19112932566665883
21005,2,C2,A1,A2,1000,0.02802175722375226
21005,2,C2,A1,A3,1000,0.05347491589662611
21005,2,C2,A1,A4,1000,0.253374230515419
21005,2,C2,A1,A5,1000,0.1826595778088699
21005,2,C2,A1,A6,1000,0.033989377791085976
21005,2,C2,A2,A3,1000,0.025458599276445455
21005,2,C2,A2,A4,1000,0.22558662904280846
21005,2,C2,A2,A5,1000,0.21052505129798918
21005,2,C2,A2,A6,1000,0.062002712103054705
21005,2,C2,A3,A4,1000,0.20029813918157888
21005,2,C2,A3,A5,1000,0.23580171583879989
21005,2,C2,A3,A6,1000,0.08744163892716492
21005,2,C2,A4,A5,1000,0.4331647443014206
21005,2,C2,A4,A6,1000,0.28700598111815634
21005,2,C2,A5,A6,1000,0.14880579345754655
21005,2,C3,A1,A2,1000,0.028770046128990017
21005,2,C3,A1,A3,1000,0.12954653886418438
21005,2,C3,A1,A4,1000,0.4910994002286361
21005,2,C3,A1,A6,1000,0.08230853137452472
21005,2,C3,A2,A3,1000,0.10082982436888897
21005,2,C3,A2,A4,1000,0.4633594750839716
21005,2,C3,A2,A6,1000,0.1110412783129105
21005,2,C3,A3,A4,1000,0.36538381375474294
21005,2,C3,A3,A6,1000,0.21153630255934128
21005,2,C3,A4,A6,1000,0.5699219752415761
21005,2,C4,A1,A2,1000,0.10260704710271265
21005,2,C4,A1,A3,1000,0.13268731993054775
21005,2,C4,A1,A4,1000,0.24530175514400626
21005,2,C4,A1,A5,1000,0.012619124228551003
21005,2,C4,A1,A6,1000,0.0040791302208701904
21005,2,C4,A2,A3,1000,0.030139997510754836
21005,2,C4,A2,A4,1000,0.14322150125538458
21005,2,C4,A2,A5,1000,0.11520419346164233
21005,2,C4,A2,A6,1000,0.09853397857167567
21005,2,C4,A3,A4,1000,0.11315410208703562
21005,2,C4,A3,A5,1000,0.14527074281038233
21005,2,C4,A3,A6,1000,0.12861838698245906
21005,2,C4,A4,A5,1000,0.2578045544732771
21005,2,C4,A4,A6,1000,0.24125779936514705
21005,2,C4,A5,A6,1000,0.016698125446722827
21005,2,C5,A1,A3,1000,0.09384019269442875
21005,2,C5,A1,A4,1000,0.12335393159796657
21005,2,C5,A1,A5,1000,0.12692033241068387
21005,2,C5,A1,A6,1000,0.00041328767660658443
21005,2,C5,A3,A4,1000,0.02954969965465635
21005,2,C5,A3,A5,1000,0.2204813538734864
21005,2,C5,A3,A6,1000,0.09342728711197146
21005,2,C5,A4,A5,1000,0.24985959763998272
21005,2,C5,A4,A6,1000,0.12294130392710308
21005,2,C5,A5,A6,1000,0.12733290219304697
21005,2,C6,A1,A2,1000,0.06577742493764473
21005,2,C6,A1,A3,1000,0.15745204312713054
21005,2,C6,A1,A4,1000,0.35760059825136165
21005,2,C6,A1,A5,1000,0.1666141820628799
21005,2,C6,A1,A6,1000,0.15576461757704393
21005,2,C6,A2,A3,1000,0.09181297184397284
21005,2,C6,A2,A4,1000,0.29290074223001233
21005,2,C6,A2,A5,1000,0.2320310199557619
21005,2,C6,A2,A6,1000,0.22122088292719053
21005,2,C6,A3,A4,1000,0.2020052978396599
21005,2,C6,A3,A5,1000,0.32286605881615743
21005,2,C6,A3,A6,1000,0.3121318461489024
21005,2,C6,A4,A5,1000,0.5196948614618088
21005,2,C6,A4,A6,1000,0.5092163655507755
21005,2,C6,A5,A6,1000,0.010891046743884284
21005,2,C7,A1,A2,1000,0.05874558090329445
21005,2,C7,A1,A3,1000,0.16361226853924415
21005,2,C7,A1,A4,1000,0.1251742733345495
21005,2,C7,A1,A5,1000,0.16536892168135173
21005,2,C7,A1,A6,1000,0.09801619957416538
21005,2,C7,A2,A3,1000,0.10501362688554054
21005,2,C7,A2,A4,1000,0.0664997976670903
21005,2,C7,A2,A5,1000,0.22379062240096992
21005,2,C7,A2,A6,1000,0.1566289000646415
21005,2,C7,A3,A4,1000,0.03855344903399776
21005,2,C7,A3,A5,1000,0.3276804642150639
21005,2,C7,A3,A6,1000,0.26101809023818134
21005,2,C7,A4,A5,1000,0.2896593520380986
21005,2,C7,A4,A6,1000,0.2227907158339026
21005,2,C7,A5,A6,1000,0.06752204316325579
21005,3,C1,A1,A2,1000,0.1308192168556021
21005,3,C1,A1,A3,1000,0.43687894726993987
21005,3,C1,A1,A4,1000,0.3030820499512559
21005,3,C1,A1,A5,1000,0.16923950026526122
21005,3,C1,A1,A6,1000,0.04447999340321249
21005,3,C1,A2,A3,1000,0.30817296722992993
21005,3,C1,A2,A4,1000,0.432089341936384
21005,3,C1,A2,A5,1000,0.29935221438412823
21005,3,C1,A2,A6,1000,0.1751891241617313
21005,3,C1,A3,A4,1000,0.7295429303170974
21005,3,C1,A3,A5,1000,0.6012007554300863
21005,3,C1,A3,A6,1000,0.4802953335533224
21005,3,C1,A4,A5,1000,0.13458357285386408
21005,3,C1,A4,A6,1000,0.2589731139706881
21005,3,C1,A5,A6,1000,0.1248592023674255
21005,3,C2,A1,A2,1000,0.027621713918555793
21005,3,C2,A1,A3,1000,0.05160022296214781
21005,3,C2,A1,A4,1000,0.25711277480976547
21005,3,C2,A1,A5,1000,0.1293269252394481
21005,3,C2,A1,A6,1000,0.030098541975971442
21005,3,C2,A2,A3,1000,0.023983411974638623
21005,3,C2,A2,A4,1000,0.28444153284216084
21005,3,C2,A2,A5,1000,0.1568686323566506
21005,3,C2,A2,A6,1000,0.05771341276835927
21005,3,C2,A3,A4,1000,0.30812218008030023
21005,3,C2,A3,A5,1000,0.18075506188813545
21005,3,C2,A3,A6,1000,0.08168065142807825
21005,3,C2,A4,A5,1000,0.1284279433278025
21005,3,C2,A4,A6,1000,0.22727197154524156
21005,3,C2,A5,A6,1000,0.09928378132464569
21005,3,C3,A1,A2,1000,0.024489589711702626
21005,3,C3,A1,A3,1000,0.17829940043893405
21005,3,C3,A1,A4,1000,0.5107452423866603
21005,3,C3,A1,A6,1000,0.04772773506097165
21005,3,C3,A2,A3,1000,0.1539070322962822
21005,3,C3,A2,A4,1000,0.5341989160229937
21005,3,C3,A2,A6,1000,0.07220540126278605
21005,3,C3,A3,A4,1000,0.6798692164222909
21005,3,C3,A3,A6,1000,0.22575239053259114
21005,3,C3,A4,A6,1000,0.46482474882289837
21005,3,C4,A1,A2,1000,0.02840721863708768
21005,3,C4,A1,A3,1000,0.035209686474835446
21005,3,C4,A1,A4,1000,0.24689457507529244
21005,3,C4,A1,A5,1000,0.11913306905183883
21005,3,C4,A1,A6,1000,0.09169149344789584
21005,3,C4,A2,A3,1000,0.006803479073438264
21005,3,C4,A2,A4,1000,0.2750202128659784
21005,3,C4,A2,A5,1000,0.1474675131610634
21005,3,C4,A2,A6,1000,0.12005303270838329
21005,3,C4,A3,A4,1000,0.28174681446483785
21005,3,C4,A3,A5,1000,0.15424836325580052
21005,3,C4,A3,A6,1000,0.1268413238601375
21005,3,C4,A4,A5,1000,0.12832172087268479
21005,3,C4,A4,A6,1000,0.1557239005940952
21005,3,C4,A5,A6,1000,0.02748530850381446
21005,3,C5,A1,A3,1000,0.025253406819140272
21005,3,C5,A1,A4,1000,0.12338143927198648
21005,3,C5,A1,A5,1000,0.15327965243341107
21005,3,C5,A1,A6,1000,0.06550531700787303
21005,3,C5,A3,A4,1000,0.14858617859012818
21005,3,C5,A3,A5,1000,0.17846043140497647
21005,3,C5,A3,A6,1000,0.09074293608119784
21005,3,C5,A4,A5,1000,0.02995821342452261
21005,3,C5,A4,A6,1000,0.057925459914223446
21005,3,C5,A5,A6,1000,0.08786742696559345
21005,3,C6,A1,A2,1000,0.08440503125070277
21005,3,C6,A1,A3,1000,0.1923739504290823
21005,3,C6,A1,A4,1000,0.36137313292897016
21005,3,C6,A1,A5,1000,0.14279201685641826
21005,3,C6,A1,A6,1000,0.08813078673057279
21005,3,C6,A2,A3,1000,0.10824478053905652
21005,3,C6,A2,A4,1000,0.4438495401271979
21005,3,C6,A2,A5,1000,0.22680677263134016
21005,3,C6,A2,A6,1000,0.17235136577905394
21005,3,C6,A3,A4,1000,0.5483129769833558
21005,3,C6,A3,A5,1000,0.33382838830268663
21005,3,C6,A3,A6,1000,0.2798038107827839
21005,3,C6,A4,A5,1000,0.220259225576234
21005,3,C6,A4,A6,1000,0.2745164680036345
21005,3,C6,A5,A6,1000,0.05475868676167733
21005,3,C7,A1,A2,1000,0.0011289528137204883
21005,3,C7,A1,A3,1000,0.15909954092612782
21005,3,C7,A1,A4,1000,0.12540537773648958
21005,3,C7,A1,A5,1000,0.16654983212187327
21005,3,C7,A1,A6,1000,0.0908451650676315
21005,3,C7,A2,A3,1000,0.1602242062717414
21005,3,C7,A2,A4,1000,0.12427898319169378
21005,3,C7,A2,A5,1000,0.1654254069854053
21005,3,C7,A2,A6,1000,0.08971755003778047
21005,3,C7,A3,A4,1000,0.2836762773020291
21005,3,C7,A3,A5,1000,0.32439514808981595
21005,3,C7,A3,A6,1000,0.24941494265473352
21005,3,C7,A4,A5,1000,0.0412712444239273
21005,3,C7,A4,A6,1000,0.034617779724876827
21005,3,C7,A5,A6,1000,0.07587285064057324
21005,4,C1,A1,A2,1000,0.19163660890703677
21005,4,C1,A1,A3,1000,0.5493406930357307
21005,4,C1,A1,A4,1000,0.23865675710583717
21005,4,C1,A1,A5,1000,0.12584610141006136
21005,4,C1,A1,A6,1000,0.06070198200261323
21005,4,C1,A2,A3,1000,0.7328774290821191
21005,4,C1,A2,A4,1000,0.4281771619590033
21005,4,C1,A2,A5,1000,0.31664170206086223
21005,4,C1,A2,A6,1000,0.2520114853322613
21005,4,C1,A3,A4,1000,0.315196536013177
21005,4,C1,A3,A5,1000,0.4266621269023444
21005,4,C1,A3,A6,1000,0.49038139456091473
21005,4,C1,A4,A5,1000,0.11317100010743704
21005,4,C1,A4,A6,1000,0.17822875444350791
21005,4,C1,A5,A6,1000,0.06519731999044627
21005,4,C2,A1,A2,1000,0.02733818691623615
21005,4,C2,A1,A3,1000,0.1082684796938475
21005,4,C2,A1,A4,1000,0.1829370274373961
21005,4,C2,A1,A5,1000,0.08026930194181148
21005,4,C2,A1,A6,1000,0.026371674216661544
21005,4,C2,A2,A3,1000,0.13554941432250803
21005,4,C2,A2,A4,1000,0.21012525963926962
21005,4,C2,A2,A5,1000,0.10757375834489552
21005,4,C2,A2,A6,1000,0.05370430393247982
21005,4,C2,A3,A4,1000,0.07488243343330085
21005,4,C2,A3,A5,1000,0.028033953735923586
21005,4,C2,A3,A6,1000,0.08193014881131432
21005,4,C2,A4,A5,1000,0.10288481738215666
21005,4,C2,A4,A6,1000,0.1566734429989494
21005,4,C2,A5,A6,1000,0.05391389670888864
21005,4,C3,A1,A2,1000,0.020298635575838442
21005,4,C3,A1,A3,1000,0.2422695561632065
21005,4,C3,A1,A4,1000,0.3025800632672651
21005,4,C3,A1,A6,1000,0.01416115556078375
21005,4,C3,A2,A3,1000,0.2623852135228563
21005,4,C3,A2,A4,1000,0.32259596822075487
21005,4,C3,A2,A6,1000,0.03445838130567738
21005,4,C3,A3,A4,1000,0.06098607739763144
21005,4,C3,A3,A6,1000,0.22821972336193025
21005,4,C3,A4,A6,1000,0.28859611129316487
21005,4,C4,A1,A2,1000,0.05058153023061878
21005,4,C4,A1,A3,1000,0.3207206812080154
21005,4,C4,A1,A4,1000,0.3195440500445084
21005,4,C4,A1,A5,1000,0.23245273785401704
21005,4,C4,A1,A6,1000,0.19441884418401528
21005,4,C4,A2,A3,1000,0.27079448387831945
21005,4,C4,A2,A4,1000,0.26961273877470543
21005,4,C4,A2,A5,1000,0.18219713233636514
21005,4,C4,A2,A6,1000,0.14405516249754247
21005,4,C4,A3,A4,1000,0.0011945068747317115
21005,4,C4,A3,A5,1000,0.08923882196155208
21005,4,C4,A3,A6,1000,0.12746402321243377
21005,4,C4,A4,A5,1000,0.08804572671588261
21005,4,C4,A4,A6,1000,0.1262723840412004
21005,4,C4,A5,A6,1000,0.03828919380989761
21005,4,C5,A1,A3,1000,0.22409447146052516
21005,4,C5,A1,A4,1000,0.19406495087100667
21005,4,C5,A1,A5,1000,0.18416653535239158
21005,4,C5,A1,A6,1000,0.13358979194671242
21005,4,C5,A3,A4,1000,0.030167362875152218
21005,4,C5,A3,A5,1000,0.04010180995555412
21005,4,C5,A3,A6,1000,0.09079023308958542
21005,4,C5,A4,A5,1000,0.009935723153437402
21005,4,C5,A4,A6,1000,0.060640433853130525
21005,4,C5,A5,A6,1000,0.05070793440083035
21005,4,C6,A1,A2,1000,0.10615247697828314
21005,4,C6,A1,A3,1000,0.3074044103174137
21005,4,C6,A1,A4,1000,0.27275851896620845
21005,4,C6,A1,A5,1000,0.12340197887490433
21005,4,C6,A1,A6,1000,0.026218832346562713
21005,4,C6,A2,A3,1000,0.4116238649719298
21005,4,C6,A2,A4,1000,0.37733066003062016
21005,4,C6,A2,A5,1000,0.22910479191369473
21005,4,C6,A2,A6,1000,0.13231418655908012
21005,4,C6,A3,A4,1000,0.03507056396238721
21005,4,C6,A3,A5,1000,0.1849978313595632
21005,4,C6,A3,A6,1000,0.2815073002604629
21005,4,C6,A4,A5,1000,0.15007174339634186
21005,4,C6,A4,A6,1000,0.24679022442477885
21005,4,C6,A5,A6,1000,0.09722860870700119
21005,4,C7,A1,A2,1000,0.062411052606863276
21005,4,C7,A1,A3,1000,0.33837736081204745
21005,4,C7,A1,A4,1000,0.1827204021973782
21005,4,C7,A1,A5,1000,0.17451086787988684
21005,4,C7,A1,A6,1000,0.08799210495929319
21005,4,C7,A2,A3,1000,0.27681655512748055
21005,4,C7,A2,A4,1000,0.12051034205444833
21005,4,C7,A2,A5,1000,0.11227880188516118
21005,4,C7,A2,A6,1000,0.02560185651027073
21005,4,C7,A3,A4,1000,0.15707955415289596
21005,4,C7,A3,A5,1000,0.16529507306661018
21005,4,C7,A3,A6,1000,0.25147497518054357
21005,4,C7,A4,A5,1000,0.00824777409060964
21005,4,C7,A4,A6,1000,0.09495110244450562
21005,4,C7,A5,A6,1000,0.08671321618293024
21005,5,C1,A1,A2,1000,0.40440265017243493
21005,5,C1,A1,A3,1000,0.38573810132937414
21005,5,C1,A1,A4,1000,0.1846848770477769
21005,5,C1,A1,A5,1000,0.08564864263109132
21005,5,C1,A1,A6,1000,0.07776419985082283
21005,5,C1,A2,A3,1000,0.018981729880545126
21005,5,C1,A2,A4,1000,0.2214688036739071
21005,5,C1,A2,A5,1000,0.31992629546561135
21005,5,C1,A2,A6,1000,0.327728888798862
21005,5,C1,A3,A4,1000,0.20258091241228643
21005,5,C1,A3,A5,1000,0.30114276045101057
21005,5,C1,A3,A6,1000,0.30895520916609037
21005,5,C1,A4,A5,1000,0.09920496301300803
21005,5,C1,A4,A6,1000,0.10708618340623557
21005,5,C1,A5,A6,1000,0.00789017362398449
21005,5,C2,A1,A2,1000,0.14057906989458652
21005,5,C2,A1,A3,1000,0.1101181163155471
21005,5,C2,A1,A4,1000,0.116739290589943
21005,5,C2,A1,A5,1000,0.03286577584190581
21005,5,C2,A1,A6,1000,0.022753895338967833
21005,5,C2,A2,A3,1000,0.030528361982609612
21005,5,C2,A2,A4,1000,0.023895728139496426
21005,5,C2,A2,A5,1000,0.10778433852986807
21005,5,C2,A2,A6,1000,0.11787898946791593
21005,5,C2,A3,A4,1000,0.0066333302249199635
21005,5,C2,A3,A5,1000,0.07729229856548243
21005,5,C2,A3,A6,1000,0.08739552187063052
21005,5,C2,A4,A5,1000,0.08391949150612929
21005,5,C2,A4,A6,1000,0.09402107949732685
21005,5,C2,A5,A6,1000,0.010112969646217376
21005,5,C3,A1,A2,1000,0.1443127701177104
21005,5,C3,A1,A3,1000,0.19219548417885124
21005,5,C3,A1,A4,1000,0.15833898298959412
21005,5,C3,A1,A6,1000,0.01969208749074584
21005,5,C3,A2,A3,1000,0.04807197594785314
21005,5,C3,A2,A4,1000,0.014071742212957438
21005,5,C3,A2,A6,1000,0.1639387538158436
21005,5,C3,A3,A4,1000,0.03400357187267441
21005,5,C3,A3,A6,1000,0.21177415044972464
21005,5,C3,A4,A6,1000,0.1779524185514129
21005,5,C4,A1,A2,1000,0.5537246394334226
21005,5,C4,A1,A3,1000,0.45281993207253496
21005,5,C4,A1,A4,1000,0.42517996907135647
21005,5,C4,A1,A5,1000,0.3755795379147238
21005,5,C4,A1,A6,1000,0.3271701824485867
21005,5,C4,A2,A3,1000,0.10478547656310806
21005,5,C4,A2,A4,1000,0.13319052891222596
21005,5,C4,A2,A5,1000,0.1838523826015324
21005,5,C4,A2,A6,1000,0.232914217986789
21005,5,C4,A3,A4,1000,0.028465427921533865
21005,5,C4,A3,A5,1000,0.07929617020681883
21005,5,C4,A3,A6,1000,0.12859513943024553
21005,5,C4,A4,A5,1000,0.05084756198180542
21005,5,C4,A4,A6,1000,0.10018322471854679
21005,5,C4,A5,A6,1000,0.04937225176591584
21005,5,C5,A1,A3,1000,0.30156098082407534
21005,5,C5,A1,A4,1000,0.2719852851785687
21005,5,C5,A1,A5,1000,0.2230852505656103
21005,5,C5,A1,A6,1000,0.208758827462515
21005,5,C5,A3,A4,1000,0.029833227270998963
21005,5,C5,A3,A5,1000,0.0790370913962818
21005,5,C5,A3,A6,1000,0.0934237454480387
21005,5,C5,A4,A5,1000,0.04921608860090763
21005,5,C5,A4,A6,1000,0.06360918342998412
21005,5,C5,A5,A6,1000,0.014397834780149131
21005,5,C6,A1,A2,1000,0.3361345144950466
21005,5,C6,A1,A3,1000,0.2733848961009487
21005,5,C6,A1,A4,1000,0.20493025065584472
21005,5,C6,A1,A5,1000,0.1068632660214727
21005,5,C6,A1,A6,1000,0.038595017747469214
21005,5,C6,A2,A3,1000,0.06357920825145691
21005,5,C6,A2,A4,1000,0.13249765574220432
21005,5,C6,A2,A5,1000,0.23045027276019436
21005,5,C6,A2,A6,1000,0.3740206270514361
21005,5,C6,A3,A4,1000,0.06900322278662907
21005,5,C6,A3,A5,1000,0.1672221113712886
21005,5,C6,A3,A6,1000,0.31149264285912326
21005,5,C6,A4,A5,1000,0.09837949527804482
21005,5,C6,A4,A6,1000,0.2432341974724525
21005,5,C6,A5,A6,1000,0.14536414118546653
21005,5,C7,A1,A2,1000,0.3018188018467659
21005,5,C7,A1,A3,1000,0.3488987977841022
21005,5,C7,A1,A4,1000,0.24620789174488947
21005,5,C7,A1,A5,1000,0.19030876720946277
21005,5,C7,A1,A6,1000,0.08938132903928832
21005,5,C7,A2,A3,1000,0.04781222227489813
21005,5,C7,A2,A4,1000,0.05622132088028306
21005,5,C7,A2,A5,1000,0.11245920619436071
21005,5,C7,A2,A6,1000,0.21329677366437405
21005,5,C7,A3,A4,1000,0.10399213809017559
21005,5,C7,A3,A5,1000,0.16014488546788053
21005,5,C7,A3,A6,1000,0.26072164314043633
21005,5,C7,A4,A5,1000,0.05628972122426926
21005,5,C7,A4,A6,1000,0.15734984710086408
21005,5,C7,A5,A6,1000,0.10119129609251816
