ctx,policy,seed,n,time,co2,dist,p95,ins,bg_t,bg_co2,net_co2,stopped,dflt,wape,bias,demand,bg,restr,signal,mass,speed_ratio
D001,SP,8101,375,336.71733333333333,906.0946823370504,3203.72,356,0.0986666666666666,236.98677248677248,578.6863631529501,558528.951148209,78535,0,0.0466653661994221,0.0150335875234159,720,200,None,Balanced,0.00145154017704,1
D001,SP,8102,392,337.4872448979592,910.7497573812284,3203.7200000000007,357,0.125,238.77777777777777,583.9838383188488,583015.6503228361,78516,0,0.0429209820352331,0.0041563172575406,720,200,None,Balanced,0.0014535983643061,1
D001,SP,8103,361,336.7091412742382,906.86264443067,3203.7200000000003,356,0.1412742382271468,237.02756892230576,579.2319598187086,558490.9666071367,75179,0,0.0432906112738029,0.005316134053717,720,200,None,Balanced,0.0014707610363548,1
D001,DTT,8101,375,368.41333333333336,979.3578975086932,3635.129306666666,426,0.0986666666666666,236.98677248677248,578.6863631529501,586002.6568375751,73009,0.7597105864432597,0.1829427488805199,0.1571359829143324,720,200,None,Balanced,0.0013760459859916,1
D001,DTT,8102,392,373.07142857142856,990.2563258401664,3629.605918367347,441.45,0.125,238.77777777777777,583.9838383188488,614182.2251587396,73747,0.7839506172839507,0.1770347940509947,0.1364892669340288,720,200,None,Balanced,0.0013839282265652,1
D001,DTT,8103,361,360.9335180055402,958.8046202068426,3634.414515235457,412,0.1412742382271468,237.02756892230576,579.2319598187086,577242.019862335,67872,0.7612176319430718,0.1701534459251232,0.1478919535218152,720,200,None,Balanced,0.0014196906790323,1
D001,ECO,8101,375,336.71733333333333,906.0946823370504,3203.72,356,0.0986666666666666,236.98677248677248,578.6863631529501,558528.951148209,78535,0,0.0466653661994221,0.0150335875234159,720,200,None,Balanced,0.00145154017704,1
D001,ECO,8102,392,337.4872448979592,910.7497573812284,3203.7200000000007,357,0.125,238.77777777777777,583.9838383188488,583015.6503228361,78516,0,0.0429209820352331,0.0041563172575406,720,200,None,Balanced,0.0014535983643061,1
D001,ECO,8103,361,336.7091412742382,906.86264443067,3203.7200000000003,356,0.1412742382271468,237.02756892230576,579.2319598187086,558490.9666071367,75179,0,0.0432906112738029,0.005316134053717,720,200,None,Balanced,0.0014707610363548,1
D001,TECO05,8101,375,360.816,971.2491782438292,3594.5122933333328,410.3,0.0986666666666666,237.01322751322752,578.7358063138372,582980.5766280664,73371,0.6332551778038297,0.175517349568235,0.1277376110667414,720,200,None,Balanced,0.0013588955404701,1
D001,TECO05,8102,392,362.82142857142856,976.514741402902,3585.058392857143,425.45,0.125,238.77777777777777,583.9838383188488,608795.5240593321,73510,0.6712815715622077,0.1579937178425626,0.1001267395247392,720,200,None,Balanced,0.0013743567041559,1
D001,TECO05,8103,361,358.09972299168976,965.1757705362973,3590.824099722992,400,0.1412742382271468,237.04260651629076,579.2678937219974,579556.3427586802,69669,0.6590123958545011,0.1474995526531965,0.1038462788479785,720,200,None,Balanced,0.0013881113447412,1
D001,TECO10,8101,375,361,979.5014282864436,3521.6026666666667,426,0.0986666666666666,236.98677248677248,578.6863631529501,586056.4808792315,76449,0.5007164790174002,0.1439646867915362,0.0674765171237205,720,200,None,Balanced,0.0013488913184683,1
D001,TECO10,8102,392,354.7551020408163,966.1918992861029,3522.2215306122453,397.9,0.125,238.77777777777777,583.9838383188488,604748.9699495469,74220,0.5225137039937353,0.1136421284480469,0.0591352799869206,720,200,None,Balanced,0.0013621395070981,1
D001,TECO10,8103,361,352.224376731302,956.5820187012664,3526.9787257617736,393,0.1412742382271468,237.02756892230576,579.2319598187086,576439.6607188219,70616,0.5310710498409332,0.1105159979929592,0.0689755842167357,720,200,None,Balanced,0.0013812854949772,1
D001,TECO15,8101,375,351.192,951.3733206610382,3523.200533333333,396.6,0.0986666666666666,237.031746031746,578.8108605022281,575555.5005177315,73684,0.3503366659865333,0.097246226054615,0.0504456217478531,720,200,None,Balanced,0.0013583707999037,1
D001,TECO15,8102,392,352.7525510204082,956.9976592588944,3512.0932908163268,395.45,0.125,238.8682170542636,584.1728688893688,601217.9826896724,74050,0.4880187025131502,0.1160711908915883,0.0510741633421171,720,200,None,Balanced,0.0013823749444576,1
D001,TECO15,8103,361,350.584487534626,951.716745714918,3568.689529085873,390,0.1412742382271468,237.02756892230576,579.2319598187086,574683.2971707501,69198,0.33236333402619,0.0977515509107164,0.0435377957081948,720,200,None,Balanced,0.0013737931211869,1
D002,SP,8101,375,274.2746666666667,709.7937179168531,3203.72,299,0.0986666666666666,246.98677248677248,607.6499770611385,495864.3355479303,54441,0,0.0645459001489055,0.0114954221864662,720,200,None,Arterial,0.0016761287980159,1
D002,SP,8102,392,276.8673469387755,720.2960581426837,3203.7200000000007,301.45,0.125,249.01808785529715,613.1871982528231,519659.5005157745,55379,0,0.067413137222541,-0.0015222509752427,720,200,None,Arterial,0.0016815670961003,1
D002,SP,8103,361,273.6426592797784,708.4537871369897,3203.7200000000003,298,0.1412742382271468,247.02756892230576,607.6764235974201,498214.7101718239,53006,0,0.0718757320903836,-0.0005152495181328,720,200,None,Arterial,0.0016944688611323,1
D002,DTT,8101,375,286.504,743.7028120461907,3301.860453333333,371.6,0.0986666666666666,246.98677248677248,607.6499770611385,508580.245846432,55632,0.1812356979405034,0.1199728949186733,0.0673899916254981,720,200,None,Arterial,0.0016286869535795,1
D002,DTT,8102,392,281.38520408163265,733.567706600765,3261.33836734694,342.9,0.125,249.01808785529715,613.1871982528231,524861.9867113424,55402,0.0933572710951526,0.0990941169129265,0.0205576153753082,720,200,None,Arterial,0.0016508978017588,1
D002,DTT,8103,361,284.1745152354571,737.0915076303316,3268.906121883657,374,0.1412742382271468,247.02756892230576,607.6764235974201,508552.9272699204,54278,0.1322533849129593,0.1026671470341774,0.0328176583755343,720,200,None,Arterial,0.001659035756957,1
D002,ECO,8101,375,274.2746666666667,709.7937179168531,3203.72,299,0.0986666666666666,246.98677248677248,607.6499770611385,495864.3355479303,54441,0,0.0645459001489055,0.0114954221864662,720,200,None,Arterial,0.0016761287980159,1
D002,ECO,8102,392,276.8673469387755,720.2960581426837,3203.7200000000007,301.45,0.125,249.01808785529715,613.1871982528231,519659.5005157745,55379,0,0.067413137222541,-0.0015222509752427,720,200,None,Arterial,0.0016815670961003,1
D002,ECO,8103,361,273.6426592797784,708.4537871369897,3203.7200000000003,298,0.1412742382271468,247.02756892230576,607.6764235974201,498214.7101718239,53006,0,0.0718757320903836,-0.0005152495181328,720,200,None,Arterial,0.0016944688611323,1
D002,TECO05,8101,375,274.2746666666667,709.7937179168531,3203.72,299,0.0986666666666666,246.98677248677248,607.6499770611385,495864.3355479303,54441,0,0.0645459001489055,0.0114954221864662,720,200,None,Arterial,0.0016761287980159,1
D002,TECO05,8102,392,276.8673469387755,720.2960581426837,3203.7200000000007,301.45,0.125,249.01808785529715,613.1871982528231,519659.5005157745,55379,0,0.067413137222541,-0.0015222509752427,720,200,None,Arterial,0.0016815670961003,1
D002,TECO05,8103,361,273.6426592797784,708.4537871369897,3203.7200000000003,298,0.1412742382271468,247.02756892230576,607.6764235974201,498214.7101718239,53006,0,0.0718757320903836,-0.0005152495181328,720,200,None,Arterial,0.0016944688611323,1
D002,TECO10,8101,375,274.2746666666667,709.7937179168531,3203.72,299,0.0986666666666666,246.98677248677248,607.6499770611385,495864.3355479303,54441,0,0.0645459001489055,0.0114954221864662,720,200,None,Arterial,0.0016761287980159,1
D002,TECO10,8102,392,276.8673469387755,720.2960581426837,3203.7200000000007,301.45,0.125,249.01808785529715,613.1871982528231,519659.5005157745,55379,0,0.067413137222541,-0.0015222509752427,720,200,None,Arterial,0.0016815670961003,1
D002,TECO10,8103,361,273.6426592797784,708.4537871369897,3203.7200000000003,298,0.1412742382271468,247.02756892230576,607.6764235974201,498214.7101718239,53006,0,0.0718757320903836,-0.0005152495181328,720,200,None,Arterial,0.0016944688611323,1
D002,TECO15,8101,375,274.2746666666667,709.7937179168531,3203.72,299,0.0986666666666666,246.98677248677248,607.6499770611385,495864.3355479303,54441,0,0.0645459001489055,0.0114954221864662,720,200,None,Arterial,0.0016761287980159,1
D002,TECO15,8102,392,276.8673469387755,720.2960581426837,3203.7200000000007,301.45,0.125,249.01808785529715,613.1871982528231,519659.5005157745,55379,0,0.067413137222541,-0.0015222509752427,720,200,None,Arterial,0.0016815670961003,1
D002,TECO15,8103,361,273.6426592797784,708.4537871369897,3203.7200000000003,298,0.1412742382271468,247.02756892230576,607.6764235974201,498214.7101718239,53006,0,0.0718757320903836,-0.0005152495181328,720,200,None,Arterial,0.0016944688611323,1
D003,SP,8101,375,336.71733333333333,906.0946823370504,3203.72,356,0.0986666666666666,236.98677248677248,578.6863631529501,558528.951148209,78535,0,0.0466653661994221,0.0150335875234159,720,200,U,Balanced,0.00145154017704,0.35
D003,SP,8102,392,337.4872448979592,910.7497573812284,3203.7200000000007,357,0.125,238.77777777777777,583.9838383188488,583015.6503228361,78516,0,0.0429209820352331,0.0041563172575406,720,200,U,Balanced,0.0014535983643061,0.35
D003,SP,8103,361,336.7091412742382,906.86264443067,3203.7200000000003,356,0.1412742382271468,237.02756892230576,579.2319598187086,558490.9666071367,75179,0,0.0432906112738029,0.005316134053717,720,200,U,Balanced,0.0014707610363548,0.35
D003,DTT,8101,375,363.392,979.1406258181232,3584.9258666666674,421.3,0.0986666666666666,236.98677248677248,578.6863631529501,585921.1799536113,74607,0.6362384418650403,0.1635841625633886,0.1057981893679926,720,200,U,Balanced,0.001356628196548,0.35
D003,DTT,8102,392,370.5969387755102,992.2405429771482,3615.797908163266,442,0.125,238.77777777777777,583.9838383188488,614960.0382764366,74377,0.6946593001841621,0.1466387524691626,0.1085134874156561,720,200,U,Balanced,0.001370177752643,0.35
D003,DTT,8103,361,356.3268698060942,957.8055804091128,3590.4750415512467,398,0.1412742382271468,237.02756892230576,579.2319598187086,576881.3664953545,69141,0.6739218877135883,0.1611196691448148,0.1324866068573722,720,200,U,Balanced,0.0013988205483813,0.35
D003,ECO,8101,375,336.71733333333333,906.0946823370504,3203.72,356,0.0986666666666666,236.98677248677248,578.6863631529501,558528.951148209,78535,0,0.0466653661994221,0.0150335875234159,720,200,U,Balanced,0.00145154017704,0.35
D003,ECO,8102,392,337.4872448979592,910.7497573812284,3203.7200000000007,357,0.125,238.77777777777777,583.9838383188488,583015.6503228361,78516,0,0.0429209820352331,0.0041563172575406,720,200,U,Balanced,0.0014535983643061,0.35
D003,ECO,8103,361,336.7091412742382,906.86264443067,3203.7200000000003,356,0.1412742382271468,237.02756892230576,579.2319598187086,558490.9666071367,75179,0,0.0432906112738029,0.005316134053717,720,200,U,Balanced,0.0014707610363548,0.35
D003,TECO05,8101,375,358.368,969.5121076013525,3544.328346666667,416,0.0986666666666666,236.98677248677248,578.6863631529501,582310.4856223222,74777,0.5589660743134087,0.1669516994729956,0.1029252635965035,720,200,U,Balanced,0.0013502019526599,0.35
D003,TECO05,8102,392,356.5688775510204,966.3843577244436,3556.049515306123,400.45,0.125,238.78036175710596,583.9909913148641,604827.1818668342,73299,0.5818841964456335,0.1363876807209543,0.09039536270265,720,200,U,Balanced,0.0013645219055734,0.35
D003,TECO05,8103,361,355.46537396121886,960.3307759455706,3569.0189750692525,400,0.1412742382271468,237.02756892230576,579.2319598187086,577792.9620840157,69802,0.6167491749174917,0.1290734355140443,0.0972401147661261,720,200,U,Balanced,0.001388314644307,0.35
D003,TECO10,8101,375,361,979.5014282864436,3521.6026666666667,426,0.0986666666666666,236.98677248677248,578.6863631529501,586056.4808792315,76449,0.5007164790174002,0.1439646867915362,0.0674765171237205,720,200,U,Balanced,0.0013488913184683,0.35
D003,TECO10,8102,392,354.7551020408163,966.1918992861029,3522.2215306122453,397.9,0.125,238.77777777777777,583.9838383188488,604748.9699495469,74220,0.5225137039937353,0.1136421284480469,0.0591352799869206,720,200,U,Balanced,0.0013621395070981,0.35
D003,TECO10,8103,361,352.224376731302,956.5820187012664,3526.9787257617736,393,0.1412742382271468,237.02756892230576,579.2319598187086,576439.6607188219,70616,0.5310710498409332,0.1105159979929592,0.0689755842167357,720,200,U,Balanced,0.0013812854949772,0.35
D003,TECO15,8101,375,351.192,951.3733206610382,3523.200533333333,396.6,0.0986666666666666,237.031746031746,578.8108605022281,575555.5005177315,73684,0.3503366659865333,0.097246226054615,0.0504456217478531,720,200,U,Balanced,0.0013583707999037,0.35
D003,TECO15,8102,392,352.7525510204082,956.9976592588944,3512.0932908163268,395.45,0.125,238.8682170542636,584.1728688893688,601217.9826896724,74050,0.4880187025131502,0.1160711908915883,0.0510741633421171,720,200,U,Balanced,0.0013823749444576,0.35
D003,TECO15,8103,361,350.584487534626,951.716745714918,3568.689529085873,390,0.1412742382271468,237.02756892230576,579.2319598187086,574683.2971707501,69198,0.33236333402619,0.0977515509107164,0.0435377957081948,720,200,U,Balanced,0.0013737931211869,0.35
D004,SP,8101,375,274.2746666666667,709.7937179168531,3203.72,299,0.0986666666666666,246.98677248677248,607.6499770611385,495864.3355479303,54441,0,0.0645459001489055,0.0114954221864662,720,200,U,Arterial,0.0016761287980159,0.35
D004,SP,8102,392,276.8673469387755,720.2960581426837,3203.7200000000007,301.45,0.125,249.01808785529715,613.1871982528231,519659.5005157745,55379,0,0.067413137222541,-0.0015222509752427,720,200,U,Arterial,0.0016815670961003,0.35
D004,SP,8103,361,273.6426592797784,708.4537871369897,3203.7200000000003,298,0.1412742382271468,247.02756892230576,607.6764235974201,498214.7101718239,53006,0,0.0718757320903836,-0.0005152495181328,720,200,U,Arterial,0.0016944688611323,0.35
D004,DTT,8101,375,288.2986666666667,750.5726840603553,3302.374533333333,377.0000000000001,0.0986666666666666,251.52910052910053,620.0021270991977,515825.5605661299,58133,0.1585812356979405,0.1160231969963312,0.0458960326865108,720,200,U,Arterial,0.0016086188160942,0.35
D004,DTT,8102,392,281.38520408163265,733.567706600765,3261.33836734694,342.9,0.125,249.01808785529715,613.1871982528231,524861.9867113424,55402,0.0933572710951526,0.0990941169129265,0.0205576153753082,720,200,U,Arterial,0.0016508978017588,0.35
D004,DTT,8103,361,284.1745152354571,737.0915076303316,3268.906121883657,374,0.1412742382271468,247.02756892230576,607.6764235974201,508552.9272699204,54278,0.1322533849129593,0.1026671470341774,0.0328176583755343,720,200,U,Arterial,0.001659035756957,0.35
D004,ECO,8101,375,274.2746666666667,709.7937179168531,3203.72,299,0.0986666666666666,246.98677248677248,607.6499770611385,495864.3355479303,54441,0,0.0645459001489055,0.0114954221864662,720,200,U,Arterial,0.0016761287980159,0.35
D004,ECO,8102,392,276.8673469387755,720.2960581426837,3203.7200000000007,301.45,0.125,249.01808785529715,613.1871982528231,519659.5005157745,55379,0,0.067413137222541,-0.0015222509752427,720,200,U,Arterial,0.0016815670961003,0.35
D004,ECO,8103,361,273.6426592797784,708.4537871369897,3203.7200000000003,298,0.1412742382271468,247.02756892230576,607.6764235974201,498214.7101718239,53006,0,0.0718757320903836,-0.0005152495181328,720,200,U,Arterial,0.0016944688611323,0.35
D004,TECO05,8101,375,274.2746666666667,709.7937179168531,3203.72,299,0.0986666666666666,246.98677248677248,607.6499770611385,495864.3355479303,54441,0,0.0645459001489055,0.0114954221864662,720,200,U,Arterial,0.0016761287980159,0.35
D004,TECO05,8102,392,276.8673469387755,720.2960581426837,3203.7200000000007,301.45,0.125,249.01808785529715,613.1871982528231,519659.5005157745,55379,0,0.067413137222541,-0.0015222509752427,720,200,U,Arterial,0.0016815670961003,0.35
D004,TECO05,8103,361,273.6426592797784,708.4537871369897,3203.7200000000003,298,0.1412742382271468,247.02756892230576,607.6764235974201,498214.7101718239,53006,0,0.0718757320903836,-0.0005152495181328,720,200,U,Arterial,0.0016944688611323,0.35
D004,TECO10,8101,375,274.2746666666667,709.7937179168531,3203.72,299,0.0986666666666666,246.98677248677248,607.6499770611385,495864.3355479303,54441,0,0.0645459001489055,0.0114954221864662,720,200,U,Arterial,0.0016761287980159,0.35
D004,TECO10,8102,392,276.8673469387755,720.2960581426837,3203.7200000000007,301.45,0.125,249.01808785529715,613.1871982528231,519659.5005157745,55379,0,0.067413137222541,-0.0015222509752427,720,200,U,Arterial,0.0016815670961003,0.35
D004,TECO10,8103,361,273.6426592797784,708.4537871369897,3203.7200000000003,298,0.1412742382271468,247.02756892230576,607.6764235974201,498214.7101718239,53006,0,0.0718757320903836,-0.0005152495181328,720,200,U,Arterial,0.0016944688611323,0.35
D004,TECO15,8101,375,274.2746666666667,709.7937179168531,3203.72,299,0.0986666666666666,246.98677248677248,607.6499770611385,495864.3355479303,54441,0,0.0645459001489055,0.0114954221864662,720,200,U,Arterial,0.0016761287980159,0.35
D004,TECO15,8102,392,276.8673469387755,720.2960581426837,3203.7200000000007,301.45,0.125,249.01808785529715,613.1871982528231,519659.5005157745,55379,0,0.067413137222541,-0.0015222509752427,720,200,U,Arterial,0.0016815670961003,0.35
D004,TECO15,8103,361,273.6426592797784,708.4537871369897,3203.7200000000003,298,0.1412742382271468,247.02756892230576,607.6764235974201,498214.7101718239,53006,0,0.0718757320903836,-0.0005152495181328,720,200,U,Arterial,0.0016944688611323,0.35
D005,SP,8101,375,373.06666666666666,1003.0963389282792,3203.72,482,0.0986666666666666,236.98677248677248,578.6863631529501,594904.5723699199,88076,0,0.0945194297634321,0.0242912303006202,720,200,C,Balanced,0.0013849995966191,0.35
D005,SP,8102,392,340.1122448979592,913.9420909778142,3203.7200000000007,361,0.125,238.77777777777777,583.9838383188488,584267.0450926977,76961,0,0.0485971354171607,0.0042329017209201,720,200,C,Balanced,0.00145762124323,0.35
D005,SP,8103,361,345.3795013850416,926.6294472712418,3203.7200000000003,384,0.1412742382271468,237.02756892230576,579.2319598187086,565626.782432583,75100,0,0.0607166716042447,0.0035410438892261,720,200,C,Balanced,0.0014635554458517,0.35
D005,DTT,8101,375,363.3253333333333,970.4460590582024,3617.876426666666,411,0.0986666666666666,236.98677248677248,578.6863631529501,582660.7174186411,73007,0.7161824129305369,0.1574952304600217,0.1338626986143432,720,200,C,Balanced,0.0013697271114554,0.35
D005,DTT,8102,392,369.08673469387753,981.101953448848,3614.031428571428,430.45,0.125,238.77777777777777,583.9838383188488,610593.7111813428,72367,0.7481644640234949,0.1839220118192263,0.1420907994571074,720,200,C,Balanced,0.0013833611392272,0.35
D005,DTT,8103,361,360.9335180055402,958.819474497978,3634.414515235457,412,0.1412742382271468,237.02756892230576,579.2319598187086,577247.3822614348,67146,0.7612176319430718,0.1736708696427519,0.1524202875186684,720,200,C,Balanced,0.0014193955723967,0.35
D005,ECO,8101,375,360.144,963.2389471282248,3332.5790400000005,462.3,0.0986666666666666,238.14550264550263,581.8011070238584,581135.4236281029,80210,0.1419712070874861,0.0673901967925646,-0.0105974476602017,720,200,C,Balanced,0.0014077294129449,0.35
D005,ECO,8102,392,340.1122448979592,913.9420909778142,3203.7200000000007,361,0.125,238.77777777777777,583.9838383188488,584267.0450926977,76961,0,0.0485971354171607,0.0042329017209201,720,200,C,Balanced,0.00145762124323,0.35
D005,ECO,8103,361,345.3795013850416,926.6294472712418,3203.7200000000003,384,0.1412742382271468,237.02756892230576,579.2319598187086,565626.782432583,75100,0,0.0607166716042447,0.0035410438892261,720,200,C,Balanced,0.0014635554458517,0.35
D005,TECO05,8101,375,359.8,967.1249827822307,3597.5111733333333,404,0.0986666666666666,236.98677248677248,578.6863631529501,581415.3138151516,73194,0.6186473807662236,0.184953474766801,0.1364473364932154,720,200,C,Balanced,0.0013543870988681,0.35
D005,TECO05,8102,392,361.2959183673469,973.7932381814888,3569.4839030612243,418,0.125,238.77777777777777,583.9838383188488,607728.6947965381,72883,0.6274361400189215,0.1580907562211114,0.0992434504763069,720,200,C,Balanced,0.0013690759463756,0.35
D005,TECO05,8103,361,358.09972299168976,965.1906248274324,3590.824099722992,400,0.1412742382271468,237.04260651629076,579.2678937219974,579561.7051577801,68943,0.6590123958545011,0.1485362001471269,0.1083453995178102,720,200,C,Balanced,0.0013878140501035,0.35
D005,TECO10,8101,375,363.3093333333333,983.568035113881,3554.3667466666675,426.3,0.0986666666666666,236.98677248677248,578.6863631529501,587581.4584395206,76214,0.5202974276527331,0.1649945318096025,0.0843622465472751,720,200,C,Balanced,0.001337343442787,0.35
D005,TECO10,8102,392,354.7551020408163,966.1132861194895,3522.2215306122453,397.9,0.125,238.77777777777777,583.9838383188488,604718.1535882344,73597,0.5225137039937353,0.1146530007511523,0.0629362521500415,720,200,C,Balanced,0.0013599277248231,0.35
D005,TECO10,8103,361,352.224376731302,956.5968729924018,3526.9787257617736,393,0.1412742382271468,237.02756892230576,579.2319598187086,576445.0231179218,69890,0.5310710498409332,0.1149904837833269,0.0735461404968934,720,200,C,Balanced,0.0013809862942706,0.35
D005,TECO15,8101,375,359.49333333333334,972.5209970240974,3532.9532266666665,412.3,0.0986666666666666,237.03968253968253,578.825110074165,583491.2654920709,75750,0.4303618354558318,0.1096322064343141,0.0425234619748744,720,200,C,Balanced,0.001343499603975,0.35
D005,TECO15,8102,392,352.7525510204082,956.919046092281,3512.0932908163268,395.45,0.125,238.8682170542636,584.1728688893688,601187.16632836,73427,0.4880187025131502,0.1170919753799731,0.0549109936487651,720,200,C,Balanced,0.0013801513973207,0.35
D005,TECO15,8103,361,350.584487534626,951.7316000060532,3568.689529085873,390,0.1412742382271468,237.02756892230576,579.2319598187086,574688.65956985,68472,0.33236333402619,0.1022491095943836,0.0481321137971636,720,200,C,Balanced,0.0013734924798116,0.35
D006,SP,8101,375,280.992,725.5270943139828,3203.72,309,0.0986666666666666,246.98677248677248,607.6499770611385,501764.35169685393,54514,0,0.0700164233610255,0.0223011503524027,720,200,C,Arterial,0.0016562735718016,0.35
D006,SP,8102,392,282.5178571428572,734.6016724072263,3203.7200000000007,307,0.125,249.01808785529715,613.1871982528231,525267.3013074752,55623,0,0.0616660721356598,0.013591717981443,720,200,C,Arterial,0.0016691173629806,0.35
D006,SP,8103,361,279.77839335180056,723.3402381640799,3203.7200000000003,310,0.1412742382271468,247.02756892230576,607.6764235974201,503588.7189926035,53105,0,0.0684991390349334,0.0103665809433778,720,200,C,Arterial,0.0016750897095932,0.35
D006,DTT,8101,375,300.0133333333333,782.2380863958329,3326.956453333333,446.4000000000002,0.0986666666666666,246.98677248677248,607.6499770611385,523030.9737275477,58715,0.2519187358916478,0.1148886551791914,0.0489176136796516,720,200,C,Arterial,0.0015741703475166,0.35
D006,DTT,8102,392,302.01275510204084,794.7407701327141,3354.167959183674,423,0.125,249.01808785529715,613.1871982528231,548841.8276158664,59502,0.3246587030716723,0.1418380093283837,0.0721350394795486,720,200,C,Arterial,0.0015690926579033,0.35
D006,DTT,8103,361,301.7313019390582,786.4440544580344,3350.392243767313,433,0.1412742382271468,247.02756892230576,607.6764235974201,526369.1966747211,57210,0.3096833834065172,0.1174671715764973,0.0747364077868619,720,200,C,Arterial,0.0015897681175545,0.35
D006,ECO,8101,375,280.992,725.5270943139828,3203.72,309,0.0986666666666666,246.98677248677248,607.6499770611385,501764.35169685393,54514,0,0.0700164233610255,0.0223011503524027,720,200,C,Arterial,0.0016562735718016,0.35
D006,ECO,8102,392,282.5178571428572,734.6016724072263,3203.7200000000007,307,0.125,249.01808785529715,613.1871982528231,525267.3013074752,55623,0,0.0616660721356598,0.013591717981443,720,200,C,Arterial,0.0016691173629806,0.35
D006,ECO,8103,361,279.77839335180056,723.3402381640799,3203.7200000000003,310,0.1412742382271468,247.02756892230576,607.6764235974201,503588.7189926035,53105,0,0.0684991390349334,0.0103665809433778,720,200,C,Arterial,0.0016750897095932,0.35
D006,TECO05,8101,375,301.04,786.6210553187802,3309.0668,463.6,0.0986666666666666,251.52910052910053,620.0021270991977,529343.6997880392,61444,0.2033743730050159,0.1007868994847182,0.0197236163077295,720,200,C,Arterial,0.0015637223121737,0.35
D006,TECO05,8102,392,287.9030612244898,749.6119536820386,3273.711836734694,351,0.125,249.0904392764858,613.3702216211105,531222.1616107288,56059,0.1315439219165927,0.0974055011520273,0.0457864623211348,720,200,C,Arterial,0.0016339473943699,0.35
D006,TECO05,8103,361,281.5457063711912,729.0659720082876,3240.216952908588,319,0.1412742382271468,247.02756892230576,607.6764235974201,505655.7089103625,52970,0.0673242909987669,0.0880227850667383,0.0296636991988192,720,200,C,Arterial,0.0016548128390278,0.35
D006,TECO10,8101,375,301.04,786.6210553187802,3309.0668,463.6,0.0986666666666666,251.52910052910053,620.0021270991977,529343.6997880392,61444,0.2033743730050159,0.1007868994847182,0.0197236163077295,720,200,C,Arterial,0.0015637223121737,0.35
D006,TECO10,8102,392,282.5178571428572,734.6016724072263,3203.7200000000007,307,0.125,249.01808785529715,613.1871982528231,525267.3013074752,55623,0,0.0616660721356598,0.013591717981443,720,200,C,Arterial,0.0016691173629806,0.35
D006,TECO10,8103,361,279.77839335180056,723.3402381640799,3203.7200000000003,310,0.1412742382271468,247.02756892230576,607.6764235974201,503588.7189926035,53105,0,0.0684991390349334,0.0103665809433778,720,200,C,Arterial,0.0016750897095932,0.35
D006,TECO15,8101,375,287.8773333333333,748.1937455773505,3268.826746666666,374,0.0986666666666666,246.98677248677248,607.6454409015624,510262.63125229697,55986,0.1174277726001863,0.0822974833375558,0.0370364782221501,720,200,C,Arterial,0.0016177492999993,0.35
D006,TECO15,8102,392,282.5178571428572,734.6016724072263,3203.7200000000007,307,0.125,249.01808785529715,613.1871982528231,525267.3013074752,55623,0,0.0616660721356598,0.013591717981443,720,200,C,Arterial,0.0016691173629806,0.35
D006,TECO15,8103,361,279.77839335180056,723.3402381640799,3203.7200000000003,310,0.1412742382271468,247.02756892230576,607.6764235974201,503588.7189926035,53105,0,0.0684991390349334,0.0103665809433778,720,200,C,Arterial,0.0016750897095932,0.35
D007,SP,8101,375,336.71733333333333,906.0946823370504,3203.72,356,0.0986666666666666,236.98677248677248,578.6863631529501,558528.951148209,78535,0,0.0466653661994221,0.0150335875234159,720,200,L,Balanced,0.00145154017704,0.35
D007,SP,8102,392,337.4872448979592,910.7497573812284,3203.7200000000007,357,0.125,238.77777777777777,583.9838383188488,583015.6503228361,78516,0,0.0429209820352331,0.0041563172575406,720,200,L,Balanced,0.0014535983643061,0.35
D007,SP,8103,361,336.7091412742382,906.86264443067,3203.7200000000003,356,0.1412742382271468,237.02756892230576,579.2319598187086,558490.9666071367,75179,0,0.0432906112738029,0.005316134053717,720,200,L,Balanced,0.0014707610363548,0.35
D007,DTT,8101,375,366.0533333333333,978.8225559315874,3626.485413333333,416,0.0986666666666666,236.98677248677248,578.6863631529501,585801.9037461604,72225,0.7137917787168652,0.1679903972631142,0.130088418937268,720,200,L,Balanced,0.0013640656023248,0.35
D007,DTT,8102,392,374.0841836734694,993.4099273669656,3629.605918367347,441.45,0.125,238.77777777777777,583.9838383188488,615418.436957245,73377,0.7839506172839507,0.1748931947296737,0.1346846392172591,720,200,L,Balanced,0.0013817550534635,0.35
D007,DTT,8103,361,362.5263157894737,964.1334523475002,3634.414515235457,412,0.1412742382271468,237.02756892230576,579.2319598187086,579165.7282651123,67530,0.7612176319430718,0.1656254588257952,0.1436140226910689,720,200,L,Balanced,0.0014161459957551,0.35
D007,ECO,8101,375,336.71733333333333,906.0946823370504,3203.72,356,0.0986666666666666,236.98677248677248,578.6863631529501,558528.951148209,78535,0,0.0466653661994221,0.0150335875234159,720,200,L,Balanced,0.00145154017704,0.35
D007,ECO,8102,392,337.4872448979592,910.7497573812284,3203.7200000000007,357,0.125,238.77777777777777,583.9838383188488,583015.6503228361,78516,0,0.0429209820352331,0.0041563172575406,720,200,L,Balanced,0.0014535983643061,0.35
D007,ECO,8103,361,336.7091412742382,906.86264443067,3203.7200000000003,356,0.1412742382271468,237.02756892230576,579.2319598187086,558490.9666071367,75179,0,0.0432906112738029,0.005316134053717,720,200,L,Balanced,0.0014707610363548,0.35
D007,TECO05,8101,375,361.6933333333333,972.7898663951304,3594.5122933333328,409.3,0.0986666666666666,237.01322751322752,578.7358063138372,583558.3346848043,72571,0.6375537319265338,0.16971925956525,0.1317161113219786,720,200,L,Balanced,0.0013583861984465,0.35
D007,TECO05,8102,392,363.8341836734694,979.0617599446832,3585.058392857143,425.45,0.125,238.77777777777777,583.9838383188488,609793.9553277104,72946,0.6761459307764266,0.1545077128902119,0.1029207536784137,720,200,L,Balanced,0.0013723150822311,0.35
D007,TECO05,8103,361,358.8254847645429,965.4853035256388,3588.6929916897507,398,0.1412742382271468,237.04260651629076,579.2678937219974,579668.0841678326,68843,0.693227899432279,0.1488670358920407,0.1241598971275882,720,200,L,Balanced,0.0013942841078094,0.35
D007,TECO10,8101,375,354.704,961.1568436248546,3491.487466666667,418.3,0.0986666666666666,236.98677248677248,578.6863631529501,579177.2616311356,75161,0.4159567837107833,0.1224925168631744,0.0758427234552375,720,200,L,Balanced,0.0013580685368547,0.35
D007,TECO10,8102,392,355.5994897959184,966.0293294610184,3455.0001020408163,426.45,0.125,238.77777777777777,583.9838383188488,604685.2425781138,76405,0.388663967611336,0.1234903550158237,0.0559051579464155,720,200,L,Balanced,0.0013636331732248,0.35
D007,TECO10,8103,361,350.0720221606648,950.970932639712,3490.481772853186,387,0.1412742382271468,237.02756892230576,579.2319598187086,574414.0586506007,70767,0.4096307492982077,0.1077198498668714,0.0624878225876311,720,200,L,Balanced,0.0013898255382661,0.35
D007,TECO15,8101,375,353.1546666666667,955.4824376900108,3444.6416000000004,418.3,0.0986666666666666,236.98677248677248,578.6863631529501,577049.3594055693,76458,0.3611997447351627,0.1114214223004485,0.0626168520740713,720,200,L,Balanced,0.0013731084974083,0.35
D007,TECO15,8102,392,342.4923469387755,923.451331858312,3401.3136224489795,381,0.125,238.77777777777777,583.9538391352721,587983.0578338086,74100,0.1529315293152931,0.0782120135158684,0.0330450042191996,720,200,L,Balanced,0.0014234395500316,0.35
D007,TECO15,8103,361,344.2770083102493,931.5886270352972,3424.291274238227,380,0.1412742382271468,237.02756892230576,579.2319598187086,567417.0463274071,71207,0.3634743875278396,0.1008758235692762,0.0640291005257613,720,200,L,Balanced,0.0014127815937682,0.35
D008,SP,8101,375,274.2746666666667,709.7937179168531,3203.72,299,0.0986666666666666,246.98677248677248,607.6499770611385,495864.3355479303,54441,0,0.0645459001489055,0.0114954221864662,720,200,L,Arterial,0.0016761287980159,0.35
D008,SP,8102,392,276.8673469387755,720.2960581426837,3203.7200000000007,301.45,0.125,249.01808785529715,613.1871982528231,519659.5005157745,55379,0,0.067413137222541,-0.0015222509752427,720,200,L,Arterial,0.0016815670961003,0.35
D008,SP,8103,361,273.6426592797784,708.4537871369897,3203.7200000000003,298,0.1412742382271468,247.02756892230576,607.6764235974201,498214.7101718239,53006,0,0.0718757320903836,-0.0005152495181328,720,200,L,Arterial,0.0016944688611323,0.35
D008,DTT,8101,375,275.504,713.2450406211472,3222.123733333333,304,0.0986666666666666,246.98677248677248,607.6499770611385,497158.5815620406,54372,0.0343007915567282,0.075442077432599,0.0214519670405914,720,200,L,Arterial,0.0016676785800951,0.35
D008,DTT,8102,392,281.38520408163265,733.567706600765,3261.33836734694,342.9,0.125,249.01808785529715,613.1871982528231,524861.9867113424,55402,0.0933572710951526,0.0990941169129265,0.0205576153753082,720,200,L,Arterial,0.0016508978017588,0.35
D008,DTT,8103,361,284.1745152354571,737.0915076303316,3268.906121883657,374,0.1412742382271468,247.02756892230576,607.6764235974201,508552.9272699204,54278,0.1322533849129593,0.1026671470341774,0.0328176583755343,720,200,L,Arterial,0.001659035756957,0.35
D008,ECO,8101,375,274.2746666666667,709.7937179168531,3203.72,299,0.0986666666666666,246.98677248677248,607.6499770611385,495864.3355479303,54441,0,0.0645459001489055,0.0114954221864662,720,200,L,Arterial,0.0016761287980159,0.35
D008,ECO,8102,392,276.8673469387755,720.2960581426837,3203.7200000000007,301.45,0.125,249.01808785529715,613.1871982528231,519659.5005157745,55379,0,0.067413137222541,-0.0015222509752427,720,200,L,Arterial,0.0016815670961003,0.35
D008,ECO,8103,361,273.6426592797784,708.4537871369897,3203.7200000000003,298,0.1412742382271468,247.02756892230576,607.6764235974201,498214.7101718239,53006,0,0.0718757320903836,-0.0005152495181328,720,200,L,Arterial,0.0016944688611323,0.35
D008,TECO05,8101,375,274.2746666666667,709.7937179168531,3203.72,299,0.0986666666666666,246.98677248677248,607.6499770611385,495864.3355479303,54441,0,0.0645459001489055,0.0114954221864662,720,200,L,Arterial,0.0016761287980159,0.35
D008,TECO05,8102,392,276.8673469387755,720.2960581426837,3203.7200000000007,301.45,0.125,249.01808785529715,613.1871982528231,519659.5005157745,55379,0,0.067413137222541,-0.0015222509752427,720,200,L,Arterial,0.0016815670961003,0.35
D008,TECO05,8103,361,273.6426592797784,708.4537871369897,3203.7200000000003,298,0.1412742382271468,247.02756892230576,607.6764235974201,498214.7101718239,53006,0,0.0718757320903836,-0.0005152495181328,720,200,L,Arterial,0.0016944688611323,0.35
D008,TECO10,8101,375,274.2746666666667,709.7937179168531,3203.72,299,0.0986666666666666,246.98677248677248,607.6499770611385,495864.3355479303,54441,0,0.0645459001489055,0.0114954221864662,720,200,L,Arterial,0.0016761287980159,0.35
D008,TECO10,8102,392,276.8673469387755,720.2960581426837,3203.7200000000007,301.45,0.125,249.01808785529715,613.1871982528231,519659.5005157745,55379,0,0.067413137222541,-0.0015222509752427,720,200,L,Arterial,0.0016815670961003,0.35
D008,TECO10,8103,361,273.6426592797784,708.4537871369897,3203.7200000000003,298,0.1412742382271468,247.02756892230576,607.6764235974201,498214.7101718239,53006,0,0.0718757320903836,-0.0005152495181328,720,200,L,Arterial,0.0016944688611323,0.35
D008,TECO15,8101,375,274.2746666666667,709.7937179168531,3203.72,299,0.0986666666666666,246.98677248677248,607.6499770611385,495864.3355479303,54441,0,0.0645459001489055,0.0114954221864662,720,200,L,Arterial,0.0016761287980159,0.35
D008,TECO15,8102,392,276.8673469387755,720.2960581426837,3203.7200000000007,301.45,0.125,249.01808785529715,613.1871982528231,519659.5005157745,55379,0,0.067413137222541,-0.0015222509752427,720,200,L,Arterial,0.0016815670961003,0.35
D008,TECO15,8103,361,273.6426592797784,708.4537871369897,3203.7200000000003,298,0.1412742382271468,247.02756892230576,607.6764235974201,498214.7101718239,53006,0,0.0718757320903836,-0.0005152495181328,720,200,L,Arterial,0.0016944688611323,0.35
D009,SP,8101,611,693.9803600654665,1956.0112350736035,3203.7200000000003,847,32.88216039279869,236.98677248677248,578.6863631529501,1413866.309901787,295444,0,0.0405537368019663,-0.0309304795097078,1200,200,None,Balanced,0.0008347135490192,1
D009,SP,8102,654,648.5045871559633,1832.72074825944,3203.7200000000003,886.0500000000001,26.92201834862385,238.77777777777777,583.9838383188488,1424601.1147910678,274268,0,0.065358043871369,-0.0581286491197569,1200,200,None,Balanced,0.0008827030012748,1
D009,SP,8103,597,581.8140703517588,1703.1246655742195,3203.7200000000003,706.1999999999999,0.52428810720268,237.02756892230576,579.2319598187086,1247878.9773154738,238130,0,0.0653574950155082,-0.0566849351687957,1200,200,None,Balanced,0.0009452630134992,1
D009,DTT,8101,611,473.29296235679215,1266.483031399431,3631.1558101472974,673,0.3306055646481178,238.3439153439153,582.3611470629736,993953.6457748564,163869,0.6727588201272412,0.2580365443207865,0.0524658325820398,1200,200,None,Balanced,0.0010881745228694,1
D009,DTT,8102,654,448.039755351682,1226.9022965205509,3505.859571865444,585.8000000000002,0.6100917431192661,238.77777777777777,583.9838383188488,1028395.8473538348,152190,0.6096001859600186,0.2145295385630147,0.0231119879484865,1200,200,None,Balanced,0.0011410979481673,1
D009,DTT,8103,597,427.47738693467335,1151.0541731922606,3562.8636850921266,600,0.4304857621440536,237.02756892230576,579.2319598187086,918292.8933634444,132552,0.6155857089505788,0.2452438372509436,0.1017409304272655,1200,200,None,Balanced,0.0011764592768946,1
D009,ECO,8101,611,693.9803600654665,1956.0112350736035,3203.7200000000003,847,32.88216039279869,236.98677248677248,578.6863631529501,1413866.309901787,295444,0,0.0405537368019663,-0.0309304795097078,1200,200,None,Balanced,0.0008347135490192,1
D009,ECO,8102,654,648.5045871559633,1832.72074825944,3203.7200000000003,886.0500000000001,26.92201834862385,238.77777777777777,583.9838383188488,1424601.1147910678,274268,0,0.065358043871369,-0.0581286491197569,1200,200,None,Balanced,0.0008827030012748,1
D009,ECO,8103,597,581.8140703517588,1703.1246655742195,3203.7200000000003,706.1999999999999,0.52428810720268,237.02756892230576,579.2319598187086,1247878.9773154738,238130,0,0.0653574950155082,-0.0566849351687957,1200,200,None,Balanced,0.0009452630134992,1
D009,TECO05,8101,611,402.42062193126026,1083.4320007046983,3540.5887234042552,536,0.3306055646481178,237.0873015873016,578.832435784851,880775.6131572444,135463,0.5662591687041565,0.2104252513366214,0.1152425455753927,1200,200,None,Balanced,0.0011800351066903,1
D009,TECO05,8102,654,448.039755351682,1226.9022965205509,3505.859571865444,585.8000000000002,0.6100917431192661,238.77777777777777,583.9838383188488,1028395.8473538348,152190,0.6096001859600186,0.2145295385630147,0.0231119879484865,1200,200,None,Balanced,0.0011410979481673,1
D009,TECO05,8103,597,421.92964824120605,1143.9233705488791,3512.9803517587934,579.1999999999999,0.4304857621440536,237.03508771929825,579.2403816633088,914039.1645013412,133002,0.5873440285204992,0.2275611723489098,0.075811110516014,1200,200,None,Balanced,0.0011851588786644,1
D009,TECO10,8101,611,385.33878887070375,1059.9845685489245,3437.6803927986903,461,0.3306055646481178,236.98677248677248,578.6730668716593,866388.9906608802,136423,0.269828825297269,0.1667472830119356,0.0961533554607294,1200,200,None,Balanced,0.0011713292885091,1
D009,TECO10,8102,654,477.5428134556575,1320.6221067915728,3492.47749235474,715.7,0.5886850152905199,238.77777777777777,583.9838383188488,1089688.6032710832,171467,0.3917599428435341,0.2107302480759666,0.0312411172460848,1200,200,None,Balanced,0.0010505061926537,1
D009,TECO10,8103,597,437.4572864321608,1195.5622011700543,3538.2505025125624,650.1999999999999,0.4304857621440536,237.02756892230576,579.2319598187086,944864.1860661872,141018,0.3991116751269035,0.2250943016426989,0.0638825231051993,1200,200,None,Balanced,0.0011279829991453,1
D009,TECO15,8101,611,693.9803600654665,1956.0112350736035,3203.7200000000003,847,32.88216039279869,236.98677248677248,578.6863631529501,1413866.309901787,295444,0,0.0405537368019663,-0.0309304795097078,1200,200,None,Balanced,0.0008347135490192,1
D009,TECO15,8102,654,510.282874617737,1384.9900746707249,3620.8317584097854,760.35,0.5871559633027523,238.77777777777777,583.9125899543582,1131757.6811469905,176275,0.1615546451112833,0.2398347764254209,-0.0528561111374599,1200,200,None,Balanced,0.0010086074673445,1
D009,TECO15,8103,597,581.8140703517588,1703.1246655742195,3203.7200000000003,706.1999999999999,0.52428810720268,237.02756892230576,579.2319598187086,1247878.9773154738,238130,0,0.0653574950155082,-0.0566849351687957,1200,200,None,Balanced,0.0009452630134992,1
D010,SP,8101,611,299.76432078559736,797.3701565493983,3203.7200000000003,317,0.3322422258592471,246.98677248677248,607.6499770611385,716884.8569807928,86065,0,0.0555224338877393,0.0152915337997039,1200,200,None,Arterial,0.0015196726212081,1
D010,SP,8102,654,310.23241590214064,833.6875137584362,3203.7200000000003,336.35,0.6146788990825688,249.01808785529715,613.1871982528231,782535.0797218598,88726,0,0.0611521997474209,-0.0221331498644101,1200,200,None,Arterial,0.0015117763495211,1
D010,SP,8103,597,300.214405360134,798.5743804806762,3203.7200000000003,323,0.4304857621440536,247.02756892230576,607.6764235974201,719211.7981623342,80078,0,0.0586650321025394,-0.0069894721701779,1200,200,None,Arterial,0.0015595037650729,1
D010,DTT,8101,611,370.9312602291326,982.1535501561724,3432.191653027823,632,0.3306055646481178,246.98677248677248,607.6499770611385,829787.5104745318,111661,0.5171068036945492,0.1795988087777699,0.0075233067648163,1200,200,None,Arterial,0.0013252969394142,1
D010,DTT,8102,654,364.4235474006116,977.4701898180692,3378.331896024465,607.7,0.6146788990825688,249.01808785529715,613.1871982528231,876568.9498648597,110259,0.4344818913480885,0.188336150178856,0.0054678595302152,1200,200,None,Arterial,0.001340099642715,1
D010,DTT,8103,597,368.9480737018425,980.0990601322968,3404.5014907872696,649.1999999999999,0.4304857621440536,247.02756892230576,607.6764235974201,827582.0319143519,105989,0.4494565217391304,0.210226646717303,0.0010735157434337,1200,200,None,Arterial,0.0013505471282562,1
D010,ECO,8101,611,299.76432078559736,797.3701565493983,3203.7200000000003,317,0.3322422258592471,246.98677248677248,607.6499770611385,716884.8569807928,86065,0,0.0555224338877393,0.0152915337997039,1200,200,None,Arterial,0.0015196726212081,1
D010,ECO,8102,654,310.23241590214064,833.6875137584362,3203.7200000000003,336.35,0.6146788990825688,249.01808785529715,613.1871982528231,782535.0797218598,88726,0,0.0611521997474209,-0.0221331498644101,1200,200,None,Arterial,0.0015117763495211,1
D010,ECO,8103,597,300.214405360134,798.5743804806762,3203.7200000000003,323,0.4304857621440536,247.02756892230576,607.6764235974201,719211.7981623342,80078,0,0.0586650321025394,-0.0069894721701779,1200,200,None,Arterial,0.0015595037650729,1
D010,TECO05,8101,611,319.1882160392799,851.7847871069315,3309.48464811784,450,0.3322422258592471,246.98677248677248,607.6499770611385,750132.1962514456,91723,0.1951493060423384,0.1217170247860904,0.058062574076164,1200,200,None,Arterial,0.0014355667682332,1
D010,TECO05,8102,654,331.4464831804281,887.1862476411025,3291.033119266055,512.35,0.6146788990825688,249.01808785529715,613.1871982528231,817523.2516811235,95652,0.1916183447548761,0.1029207840703065,-0.0104734073552645,1200,200,None,Arterial,0.0014428942695346,1
D010,TECO05,8103,597,313.4137353433836,835.2852588380902,3283.590016750419,428.1999999999996,0.4304857621440536,247.02756892230576,607.6764235974201,741128.1925417105,83681,0.1526706447387571,0.1119001598078019,0.0169960081526488,1200,200,None,Arterial,0.0014944611954078,1
D010,TECO10,8101,611,299.76432078559736,797.3701565493983,3203.7200000000003,317,0.3322422258592471,246.98677248677248,607.6499770611385,716884.8569807928,86065,0,0.0555224338877393,0.0152915337997039,1200,200,None,Arterial,0.0015196726212081,1
D010,TECO10,8102,654,310.23241590214064,833.6875137584362,3203.7200000000003,336.35,0.6146788990825688,249.01808785529715,613.1871982528231,782535.0797218598,88726,0,0.0611521997474209,-0.0221331498644101,1200,200,None,Arterial,0.0015117763495211,1
D010,TECO10,8103,597,300.214405360134,798.5743804806762,3203.7200000000003,323,0.4304857621440536,247.02756892230576,607.6764235974201,719211.7981623342,80078,0,0.0586650321025394,-0.0069894721701779,1200,200,None,Arterial,0.0015595037650729,1
D010,TECO15,8101,611,299.76432078559736,797.3701565493983,3203.7200000000003,317,0.3322422258592471,246.98677248677248,607.6499770611385,716884.8569807928,86065,0,0.0555224338877393,0.0152915337997039,1200,200,None,Arterial,0.0015196726212081,1
D010,TECO15,8102,654,310.23241590214064,833.6875137584362,3203.7200000000003,336.35,0.6146788990825688,249.01808785529715,613.1871982528231,782535.0797218598,88726,0,0.0611521997474209,-0.0221331498644101,1200,200,None,Arterial,0.0015117763495211,1
D010,TECO15,8103,597,300.214405360134,798.5743804806762,3203.7200000000003,323,0.4304857621440536,247.02756892230576,607.6764235974201,719211.7981623342,80078,0,0.0586650321025394,-0.0069894721701779,1200,200,None,Arterial,0.0015595037650729,1
D011,SP,8101,611,693.9803600654665,1956.0112350736035,3203.7200000000003,847,32.88216039279869,236.98677248677248,578.6863631529501,1413866.309901787,295444,0,0.0405537368019663,-0.0309304795097078,1200,200,U,Balanced,0.0008347135490192,0.35
D011,SP,8102,654,648.5045871559633,1832.72074825944,3203.7200000000003,886.0500000000001,26.92201834862385,238.77777777777777,583.9838383188488,1424601.1147910678,274268,0,0.065358043871369,-0.0581286491197569,1200,200,U,Balanced,0.0008827030012748,0.35
D011,SP,8103,597,581.8140703517588,1703.1246655742195,3203.7200000000003,706.1999999999999,0.52428810720268,237.02756892230576,579.2319598187086,1247878.9773154738,238130,0,0.0653574950155082,-0.0566849351687957,1200,200,U,Balanced,0.0009452630134992,0.35
D011,DTT,8101,611,422.2635024549918,1130.308774560164,3608.932209492635,566.5,0.3322422258592471,236.98677248677248,578.6863631529501,909362.1065280754,140801,0.586553231714522,0.2348546972627122,0.1481644729021506,1200,200,U,Balanced,0.0011528589930681,0.35
D011,DTT,8102,654,471.99847094801225,1286.2540635080295,3557.6412385321096,674.35,0.6100917431192661,238.77777777777777,583.9838383188488,1067211.9029636458,160710,0.5853575867133657,0.2259126002652754,0.0297260385905007,1200,200,U,Balanced,0.0011067059877111,0.35
D011,DTT,8103,597,429.2311557788945,1151.8008625841726,3564.9016080402007,585.1999999999999,0.4304857621440536,237.02756892230576,579.2319598187086,918738.6669304156,132102,0.6525455221107395,0.232859882432886,0.1046465645842167,1200,200,U,Balanced,0.0011876131875781,0.35
D011,ECO,8101,611,693.9803600654665,1956.0112350736035,3203.7200000000003,847,32.88216039279869,236.98677248677248,578.6863631529501,1413866.309901787,295444,0,0.0405537368019663,-0.0309304795097078,1200,200,U,Balanced,0.0008347135490192,0.35
D011,ECO,8102,654,648.5045871559633,1832.72074825944,3203.7200000000003,886.0500000000001,26.92201834862385,238.77777777777777,583.9838383188488,1424601.1147910678,274268,0,0.065358043871369,-0.0581286491197569,1200,200,U,Balanced,0.0008827030012748,0.35
D011,ECO,8103,597,581.8140703517588,1703.1246655742195,3203.7200000000003,706.1999999999999,0.52428810720268,237.02756892230576,579.2319598187086,1247878.9773154738,238130,0,0.0653574950155082,-0.0566849351687957,1200,200,U,Balanced,0.0009452630134992,0.35
D011,TECO05,8101,611,408.1783960720131,1115.3863803544718,3484.8249918166944,540,0.3289689034369885,237.0873015873016,578.8001888199682,900287.5497705302,143128,0.4163084702907711,0.207774683656428,0.0970717858939756,1200,200,U,Balanced,0.0011521935090915,0.35
D011,TECO05,8102,654,509.9556574923548,1389.5464535517924,3588.5809633027525,760.35,0.6146788990825688,238.77777777777777,583.9838383188488,1134765.1260522667,179255,0.5374179917713777,0.2317264897272162,-0.008428908089164,1200,200,U,Balanced,0.001046832267505,0.35
D011,TECO05,8103,597,416.47236180904525,1137.6371808306114,3477.6984087102173,584.1999999999996,0.4304857621440536,237.02756892230576,579.2319598187086,910282.9489235396,133166,0.4994782154969997,0.2223192131032409,0.0732976997330287,1200,200,U,Balanced,0.0011794107979524,0.35
D011,TECO10,8101,611,385.33878887070375,1059.9845685489245,3437.6803927986903,461,0.3306055646481178,236.98677248677248,578.6730668716593,866388.9906608802,136423,0.269828825297269,0.1667472830119356,0.0961533554607294,1200,200,U,Balanced,0.0011713292885091,0.35
D011,TECO10,8102,654,477.5428134556575,1320.6221067915728,3492.47749235474,715.7,0.5886850152905199,238.77777777777777,583.9838383188488,1089688.6032710832,171467,0.3917599428435341,0.2107302480759666,0.0312411172460848,1200,200,U,Balanced,0.0010505061926537,0.35
D011,TECO10,8103,597,437.4572864321608,1195.5622011700543,3538.2505025125624,650.1999999999999,0.4304857621440536,237.02756892230576,579.2319598187086,944864.1860661872,141018,0.3991116751269035,0.2250943016426989,0.0638825231051993,1200,200,U,Balanced,0.0011279829991453,0.35
D011,TECO15,8101,611,693.9803600654665,1956.0112350736035,3203.7200000000003,847,32.88216039279869,236.98677248677248,578.6863631529501,1413866.309901787,295444,0,0.0405537368019663,-0.0309304795097078,1200,200,U,Balanced,0.0008347135490192,0.35
D011,TECO15,8102,654,510.282874617737,1384.9900746707249,3620.8317584097854,760.35,0.5871559633027523,238.77777777777777,583.9125899543582,1131757.6811469905,176275,0.1615546451112833,0.2398347764254209,-0.0528561111374599,1200,200,U,Balanced,0.0010086074673445,0.35
D011,TECO15,8103,597,581.8140703517588,1703.1246655742195,3203.7200000000003,706.1999999999999,0.52428810720268,237.02756892230576,579.2319598187086,1247878.9773154738,238130,0,0.0653574950155082,-0.0566849351687957,1200,200,U,Balanced,0.0009452630134992,0.35
D012,SP,8101,611,299.76432078559736,797.3701565493983,3203.7200000000003,317,0.3322422258592471,246.98677248677248,607.6499770611385,716884.8569807928,86065,0,0.0555224338877393,0.0152915337997039,1200,200,U,Arterial,0.0015196726212081,0.35
D012,SP,8102,654,310.23241590214064,833.6875137584362,3203.7200000000003,336.35,0.6146788990825688,249.01808785529715,613.1871982528231,782535.0797218598,88726,0,0.0611521997474209,-0.0221331498644101,1200,200,U,Arterial,0.0015117763495211,0.35
D012,SP,8103,597,300.214405360134,798.5743804806762,3203.7200000000003,323,0.4304857621440536,247.02756892230576,607.6764235974201,719211.7981623342,80078,0,0.0586650321025394,-0.0069894721701779,1200,200,U,Arterial,0.0015595037650729,0.35
D012,DTT,8101,611,365.2438625204583,977.3268282935892,3386.497741407529,643.5,0.3322422258592471,246.98677248677248,607.6499770611385,826838.3834164934,113336,0.4106013722588457,0.2069925326434879,0.0038579314248743,1200,200,U,Arterial,0.0013150471606396,0.35
D012,DTT,8102,654,376.5764525993884,1004.2516845368594,3399.3644036697247,710.35,0.6100917431192661,249.01808785529715,613.1871982528231,894084.0474109486,115853,0.392066650087043,0.212579350352748,-0.0110516036506632,1200,200,U,Arterial,0.0013171095646672,0.35
D012,DTT,8103,597,368.9480737018425,980.0990601322968,3404.5014907872696,649.1999999999999,0.4304857621440536,247.02756892230576,607.6764235974201,827582.0319143519,105989,0.4494565217391304,0.210226646717303,0.0010735157434337,1200,200,U,Arterial,0.0013505471282562,0.35
D012,ECO,8101,611,299.76432078559736,797.3701565493983,3203.7200000000003,317,0.3322422258592471,246.98677248677248,607.6499770611385,716884.8569807928,86065,0,0.0555224338877393,0.0152915337997039,1200,200,U,Arterial,0.0015196726212081,0.35
D012,ECO,8102,654,310.23241590214064,833.6875137584362,3203.7200000000003,336.35,0.6146788990825688,249.01808785529715,613.1871982528231,782535.0797218598,88726,0,0.0611521997474209,-0.0221331498644101,1200,200,U,Arterial,0.0015117763495211,0.35
D012,ECO,8103,597,300.214405360134,798.5743804806762,3203.7200000000003,323,0.4304857621440536,247.02756892230576,607.6764235974201,719211.7981623342,80078,0,0.0586650321025394,-0.0069894721701779,1200,200,U,Arterial,0.0015595037650729,0.35
D012,TECO05,8101,611,319.1882160392799,851.7847871069315,3309.48464811784,450,0.3322422258592471,246.98677248677248,607.6499770611385,750132.1962514456,91723,0.1951493060423384,0.1217170247860904,0.058062574076164,1200,200,U,Arterial,0.0014355667682332,0.35
D012,TECO05,8102,654,339.4908256880734,912.1911873784198,3291.9781039755358,591.7,0.6146788990825688,249.01808785529715,613.1871982528231,833876.482269329,101424,0.1544564929912721,0.1239801310990138,-0.0375659795211864,1200,200,U,Arterial,0.0014085374424199,0.35
D012,TECO05,8103,597,313.4137353433836,835.2852588380902,3283.590016750419,428.1999999999996,0.4304857621440536,247.02756892230576,607.6764235974201,741128.1925417105,83681,0.1526706447387571,0.1119001598078019,0.0169960081526488,1200,200,U,Arterial,0.0014944611954078,0.35
D012,TECO10,8101,611,299.76432078559736,797.3701565493983,3203.7200000000003,317,0.3322422258592471,246.98677248677248,607.6499770611385,716884.8569807928,86065,0,0.0555224338877393,0.0152915337997039,1200,200,U,Arterial,0.0015196726212081,0.35
D012,TECO10,8102,654,310.23241590214064,833.6875137584362,3203.7200000000003,336.35,0.6146788990825688,249.01808785529715,613.1871982528231,782535.0797218598,88726,0,0.0611521997474209,-0.0221331498644101,1200,200,U,Arterial,0.0015117763495211,0.35
D012,TECO10,8103,597,300.214405360134,798.5743804806762,3203.7200000000003,323,0.4304857621440536,247.02756892230576,607.6764235974201,719211.7981623342,80078,0,0.0586650321025394,-0.0069894721701779,1200,200,U,Arterial,0.0015595037650729,0.35
D012,TECO15,8101,611,299.76432078559736,797.3701565493983,3203.7200000000003,317,0.3322422258592471,246.98677248677248,607.6499770611385,716884.8569807928,86065,0,0.0555224338877393,0.0152915337997039,1200,200,U,Arterial,0.0015196726212081,0.35
D012,TECO15,8102,654,310.23241590214064,833.6875137584362,3203.7200000000003,336.35,0.6146788990825688,249.01808785529715,613.1871982528231,782535.0797218598,88726,0,0.0611521997474209,-0.0221331498644101,1200,200,U,Arterial,0.0015117763495211,0.35
D012,TECO15,8103,597,300.214405360134,798.5743804806762,3203.7200000000003,323,0.4304857621440536,247.02756892230576,607.6764235974201,719211.7981623342,80078,0,0.0586650321025394,-0.0069894721701779,1200,200,U,Arterial,0.0015595037650729,0.35
D013,SP,8101,611,905.7152209492637,2351.4618714112235,3203.7200000000003,1058,119.40425531914892,236.98677248677248,578.6863631529501,1655486.6487040727,372152,0,0.1085506116467147,0.011560943362713,1200,200,C,Balanced,0.0007245872996332,0.35
D013,SP,8102,654,857.6926605504588,2253.6952250496965,3203.7200000000003,1091.35,100.7217125382263,238.77777777777777,583.9838383188488,1699918.4226118962,355254,0,0.0978196145244835,-0.0241815730374509,1200,200,C,Balanced,0.0007540323363917,0.35
D013,SP,8103,597,791.8525963149078,2243.600307946961,3203.7200000000003,923.2,37.43048576214405,237.02756892230576,579.2319598187086,1570542.935812001,331340,0,0.0922621049403429,-0.031059458142096,1200,200,C,Balanced,0.0007731665883871,0.35
D013,DTT,8101,611,433.64157119476266,1161.0794617236577,3575.4743862520454,660.5,0.3322422258592471,236.98677248677248,578.6863631529501,928162.99638497,153336,0.5866586538461539,0.2562377484450439,0.1059035011592155,1200,200,C,Balanced,0.0011170280287887,0.35
D013,DTT,8102,654,465.4189602446483,1260.8620957536446,3567.772614678899,709.35,0.6100917431192661,238.78552971576227,584.003705400562,1050613.244612901,157009,0.6218732473359506,0.2193318519635869,-0.0054808286693547,1200,200,C,Balanced,0.0011124975914488,0.35
D013,DTT,8103,597,433.6901172529313,1165.2938649721543,3591.5775544388607,589.5999999999998,0.4304857621440536,237.12781954887217,579.5052829970828,926903.045304212,135098,0.637058609392064,0.177393519500971,0.0471061557360992,1200,200,C,Balanced,0.0011673606112482,0.35
D013,ECO,8101,611,623.4991816693945,1704.3111754761735,3648.224549918167,998.5,0.3306055646481178,345.31481481481484,875.9519837460491,1372443.9780719487,291605,0.2477773929107493,0.3118433183495228,-0.1666215270155109,1200,200,C,Balanced,0.0008189089463769,0.35
D013,ECO,8102,654,722.5137614678899,1973.265222200101,3651.838394495412,1092.35,1.0229357798165135,280.76485788113695,698.4020037633684,1560797.0307752895,300680,0.1929350761585826,0.4388384913868415,-0.1086073211253016,1200,200,C,Balanced,0.0007773717779374,0.35
D013,ECO,8103,597,574.7303182579565,1577.3913659666302,3584.6175879396988,849.1999999999999,0.4304857621440536,266.42105263157896,659.8672848922208,1204989.6921540743,219424,0.2672193100085334,0.312667495843814,-0.1144771306203216,1200,200,C,Balanced,0.0009380005950016,0.35
D013,TECO05,8101,611,448.962356792144,1210.1942115892514,3578.2085924713588,660.5,0.3322422258592471,236.98677248677248,578.6473175174464,958157.3493026274,161146,0.5582372718539865,0.2536873039591081,0.0767310138757612,1200,200,C,Balanced,0.0010849997724039,0.35
D013,TECO05,8102,654,493.57339449541286,1348.0384469999526,3591.531727828746,709.35,0.6146788990825688,238.9198966408269,584.2797541070702,1107733.4091774053,171684,0.6123104173585742,0.2173515022394604,-0.045361311037371,1200,200,C,Balanced,0.0010588740344427,0.35
D013,TECO05,8103,597,430.3149078726968,1160.067154768134,3578.4331825795634,589.5999999999998,0.4304857621440536,237.13784461152883,579.487036640758,923775.4190162384,134656,0.6087328767123288,0.1935283102768577,0.0455929078256245,1200,200,C,Balanced,0.0011683742625303,0.35
D013,TECO10,8101,611,472.9067103109657,1293.6134700233315,3578.1966284779046,662.5,0.3306055646481178,236.98677248677248,578.5610294080593,1009093.899300502,175130,0.3268052384957347,0.2362999867045495,0.0062900521301748,1200,200,C,Balanced,0.001033932516374,0.35
D013,TECO10,8102,654,505.2400611620795,1392.6267081339415,3515.4187003058105,812.7,0.6146788990825688,238.77777777777777,583.9838383188488,1136779.6125489925,184514,0.3744276153575202,0.247836948003312,0.0194332267739036,1200,200,C,Balanced,0.0009986646741179,0.35
D013,TECO10,8103,597,492.6247906197655,1343.8537215978297,3635.1280234505866,760.1999999999999,0.4304857621440536,237.2255639097744,579.7824113816667,1033613.8539351894,163055,0.3391408114558472,0.2424222145418084,-0.0073421424729532,1200,200,C,Balanced,0.0010551180147305,0.35
D013,TECO15,8101,611,635.9083469721768,1752.846418757942,3641.733502454992,985.5,0.3306055646481178,236.98677248677248,578.5709196337067,1289688.9694826438,253476,0.2167556277558598,0.2350644423396312,-0.0504928307889803,1200,200,C,Balanced,0.0008486245633119,0.35
D013,TECO15,8102,654,527.3960244648318,1475.192245397526,3418.6092966360857,812.7,0.6146788990825688,238.77777777777777,583.9838383188488,1190777.4739193765,205378,0.2469715698393078,0.2279783133073038,-0.0395985437517761,1200,200,C,Balanced,0.000982620563468,0.35
D013,TECO15,8103,597,468.5778894472362,1281.4631863462196,3619.551658291457,676.1999999999999,0.4137353433835846,237.08521303258144,579.215657108623,996140.5694350336,152396,0.2164615935969418,0.1995539777174603,-0.0495008167256161,1200,200,C,Balanced,0.0010827864286526,0.35
D014,SP,8101,611,423.2945990180033,1193.5987409136178,3203.7200000000003,487,0.3322422258592471,246.98677248677248,607.6499770611385,958980.5220273308,146412,0,0.0918995404077296,0.0242097174787069,1200,200,C,Arterial,0.0012111445670263,0.35
D014,SP,8102,654,443.0978593272171,1263.3098647565082,3203.7200000000003,498,0.6146788990825688,249.01808785529715,613.1871982528231,1063508.097274599,157504,0,0.0944290244411994,-0.0207858151300768,1200,200,C,Arterial,0.0011785065732557,0.35
D014,SP,8103,597,377.857621440536,1036.329388979446,3203.7200000000003,484,0.4304857621440536,247.02756892230576,607.6764235974201,861151.5382360999,114234,0,0.1312467971703106,0.0133990657803078,1200,200,C,Arterial,0.0013487089893836,0.35
D014,DTT,8101,611,426.1865793780688,1122.7014383744122,3480.5074468085104,822,0.3322422258592471,246.98677248677248,607.6499770611385,915662.2701758762,138491,0.5393471659919028,0.2690265371151275,-0.0534700480132471,1200,200,C,Arterial,0.0012207289164111,0.35
D014,DTT,8102,654,393.5519877675841,1047.8399985230317,3419.8660703363907,708,0.6146788990825688,249.01808785529715,613.1871982528231,922590.8047579052,122751,0.5146141616729852,0.1995364684841511,-0.0242367978340357,1200,200,C,Arterial,0.0012873206077233,0.35
D014,DTT,8103,597,390.6030150753769,1031.713109074073,3458.090083752093,684.5999999999998,0.4304857621440536,247.02756892230576,607.6764235974201,858395.6191325922,112798,0.5542295081967213,0.2038365675527169,-0.012967596687715,1200,200,C,Arterial,0.0013130546046134,0.35
D014,ECO,8101,611,423.2945990180033,1193.5987409136178,3203.7200000000003,487,0.3322422258592471,246.98677248677248,607.6499770611385,958980.5220273308,146412,0,0.0918995404077296,0.0242097174787069,1200,200,C,Arterial,0.0012111445670263,0.35
D014,ECO,8102,654,443.0978593272171,1263.3098647565082,3203.7200000000003,498,0.6146788990825688,249.01808785529715,613.1871982528231,1063508.097274599,157504,0,0.0944290244411994,-0.0207858151300768,1200,200,C,Arterial,0.0011785065732557,0.35
D014,ECO,8103,597,377.857621440536,1036.329388979446,3203.7200000000003,484,0.4304857621440536,247.02756892230576,607.6764235974201,861151.5382360999,114234,0,0.1312467971703106,0.0133990657803078,1200,200,C,Arterial,0.0013487089893836,0.35
D014,TECO05,8101,611,367.7512274959083,972.0218722453044,3410.705793780688,653.5,0.3322422258592471,246.98677248677248,607.6499770611385,823597.0552709914,110472,0.3757400342060255,0.1621483027466537,-0.0094475452152253,1200,200,C,Arterial,0.0013308727791164,0.35
D014,TECO05,8102,654,376.58868501529054,999.459051891088,3408.4631804281344,680.35,0.6146788990825688,249.01808785529715,613.1871982528231,890949.6656606141,112903,0.3757076052178193,0.1740270664430961,-0.0440579264084609,1200,200,C,Arterial,0.0013222478159075,0.35
D014,TECO05,8103,597,368.4840871021776,970.3367100139772,3382.742278056952,664.3999999999999,0.4304857621440536,247.02756892230576,607.6764235974201,821753.908893715,103569,0.3768590530768181,0.157155912134696,-0.0417028956438268,1200,200,C,Arterial,0.0013798383973516,0.35
D014,TECO10,8101,611,363.5122749590834,970.938314039236,3355.4863666121114,657.5,0.3322422258592471,254.05555555555557,626.9551690978521,830232.3637969613,114035,0.2833920346789488,0.1692323316039435,-0.0176119657357207,1200,200,C,Arterial,0.0013275956996416,0.35
D014,TECO10,8102,654,373.34250764526,991.2992568879366,3353.781529051987,680.35,0.6146788990825688,249.01808785529715,613.1871982528231,885613.1597285529,113530,0.3023550265890098,0.1518470085290818,-0.0605569162459155,1200,200,C,Arterial,0.0013490949234901,0.35
D014,TECO10,8103,597,368.9028475711893,978.1328825260056,3361.732512562814,688.1999999999999,0.4304857621440536,250.5012531328321,616.9850515043596,830122.3664182648,107120,0.280022136137244,0.1551766135680135,-0.0662673756061186,1200,200,C,Arterial,0.0013582454066324,0.35
D014,TECO15,8101,611,382.5417348608838,1033.0220575510025,3411.76170212766,650.5,0.3322422258592471,265.9179894179894,659.6964015620472,880541.7169541162,125465,0.3166251148143288,0.1677492575329593,-0.0618919057621293,1200,200,C,Arterial,0.001262267877815,0.35
D014,TECO15,8102,654,395.0963302752294,1067.8763021879445,3355.462033639144,834.7,0.6146788990825688,271.64599483204137,676.0161340608418,960009.3455124612,135113,0.2325522482583913,0.2002693938879035,-0.0940095015362262,1200,200,C,Arterial,0.0012539457810225,0.35
D014,TECO15,8103,597,392.73701842546063,1054.6605582464283,3375.6351256281405,770.1999999999999,0.4304857621440536,301.64160401002505,757.9944532281327,932072.1401111424,138751,0.2575013638843426,0.1863142029213519,-0.1079674617728589,1200,200,C,Arterial,0.0012527976936874,0.35
D015,SP,8101,611,693.9803600654665,1956.0112350736035,3203.7200000000003,847,32.88216039279869,236.98677248677248,578.6863631529501,1413866.309901787,295444,0,0.0405537368019663,-0.0309304795097078,1200,200,L,Balanced,0.0008347135490192,0.35
D015,SP,8102,654,648.5045871559633,1832.72074825944,3203.7200000000003,886.0500000000001,26.92201834862385,238.77777777777777,583.9838383188488,1424601.1147910678,274268,0,0.065358043871369,-0.0581286491197569,1200,200,L,Balanced,0.0008827030012748,0.35
D015,SP,8103,597,581.8140703517588,1703.1246655742195,3203.7200000000003,706.1999999999999,0.52428810720268,237.02756892230576,579.2319598187086,1247878.9773154738,238130,0,0.0653574950155082,-0.0566849351687957,1200,200,L,Balanced,0.0009452630134992,0.35
D015,DTT,8101,611,473.834697217676,1267.150892633665,3631.1558101472974,673,0.3306055646481178,238.3439153439153,582.3611470629736,994361.7089889732,162899,0.6783111625216889,0.2543750756706211,0.0572635084110937,1200,200,L,Balanced,0.0010878331047089,0.35
D015,DTT,8102,654,448.65749235474,1227.777658228512,3505.859571865444,585.1500000000002,0.6100917431192661,238.77777777777777,583.9838383188488,1028968.3339108411,151258,0.6156438865643886,0.2079170333140641,0.0281573911593906,1200,200,L,Balanced,0.0011404660152972,0.35
D015,DTT,8103,597,428.0569514237856,1151.581775278686,3562.8636850921266,600,0.4304857621440536,237.02756892230576,579.2319598187086,918607.8718090402,131490,0.6203161956927673,0.2400424353740997,0.1064083697961201,1200,200,L,Balanced,0.0011756950633222,0.35
D015,ECO,8101,611,693.9803600654665,1956.0112350736035,3203.7200000000003,847,32.88216039279869,236.98677248677248,578.6863631529501,1413866.309901787,295444,0,0.0405537368019663,-0.0309304795097078,1200,200,L,Balanced,0.0008347135490192,0.35
D015,ECO,8102,654,648.5045871559633,1832.72074825944,3203.7200000000003,886.0500000000001,26.92201834862385,238.77777777777777,583.9838383188488,1424601.1147910678,274268,0,0.065358043871369,-0.0581286491197569,1200,200,L,Balanced,0.0008827030012748,0.35
D015,ECO,8103,597,581.8140703517588,1703.1246655742195,3203.7200000000003,706.1999999999999,0.52428810720268,237.02756892230576,579.2319598187086,1247878.9773154738,238130,0,0.0653574950155082,-0.0566849351687957,1200,200,L,Balanced,0.0009452630134992,0.35
D015,TECO05,8101,611,408.76432078559736,1105.1512190833023,3524.338036006546,574.5,0.3289689034369885,236.98677248677248,578.6254210148132,893967.8040034971,138810,0.5278495020287717,0.2336737804266906,0.1178666386272729,1200,200,L,Balanced,0.0011775099936274,0.35
D015,TECO05,8102,654,448.65749235474,1227.777658228512,3505.859571865444,585.1500000000002,0.6100917431192661,238.77777777777777,583.9838383188488,1028968.3339108411,151258,0.6156438865643886,0.2079170333140641,0.0281573911593906,1200,200,L,Balanced,0.0011404660152972,0.35
D015,TECO05,8103,597,407.2412060301508,1105.7753403896272,3478.907571189279,543,0.4137353433835846,237.04511278195488,579.2541973467743,891270.3029539704,127012,0.521756072217171,0.2062827687484597,0.0692748297024738,1200,200,L,Balanced,0.0012056360591213,0.35
D015,TECO10,8101,611,642.6513911620294,1854.7893771852496,3218.095777414075,797,13.811783960720131,236.98677248677248,578.6863631529501,1352019.754732003,277666,0.0268555407997639,0.0620526198923239,-0.029724197871889,1200,200,L,Balanced,0.0008633610872705,0.35
D015,TECO10,8102,654,415.6406727828746,1145.2792839315937,3468.209021406728,526.7,0.6100917431192661,238.77777777777777,583.9838383188488,975014.3971206566,139456,0.2369866284622731,0.1625808736585026,0.0034450964534842,1200,200,L,Balanced,0.0011680060951477,0.35
D015,TECO10,8103,597,403.0938023450586,1112.2381580351116,3432.8208375209383,498.19999999999993,0.4304857621440536,237.02756892230576,579.2319598187086,895119.7323146263,130413,0.353273289420621,0.1385394508528875,0.0644936288633173,1200,200,L,Balanced,0.0011881886293181,0.35
D015,TECO15,8101,611,693.9803600654665,1956.0112350736035,3203.7200000000003,847,32.88216039279869,236.98677248677248,578.6863631529501,1413866.309901787,295444,0,0.0405537368019663,-0.0309304795097078,1200,200,L,Balanced,0.0008347135490192,0.35
D015,TECO15,8102,654,573.2752293577981,1644.9401701646095,3225.784525993884,805,10.140672782874615,238.77777777777777,583.9838383188488,1301792.6167170492,239485,0.0410376063683777,0.0791682984859424,-0.0610252143363943,1200,200,L,Balanced,0.0009478625429774,0.35
D015,TECO15,8103,597,581.8140703517588,1703.1246655742195,3203.7200000000003,706.1999999999999,0.52428810720268,237.02756892230576,579.2319598187086,1247878.9773154738,238130,0,0.0653574950155082,-0.0566849351687957,1200,200,L,Balanced,0.0009452630134992,0.35
D016,SP,8101,611,299.76432078559736,797.3701565493983,3203.7200000000003,317,0.3322422258592471,246.98677248677248,607.6499770611385,716884.8569807928,86065,0,0.0555224338877393,0.0152915337997039,1200,200,L,Arterial,0.0015196726212081,0.35
D016,SP,8102,654,310.23241590214064,833.6875137584362,3203.7200000000003,336.35,0.6146788990825688,249.01808785529715,613.1871982528231,782535.0797218598,88726,0,0.0611521997474209,-0.0221331498644101,1200,200,L,Arterial,0.0015117763495211,0.35
D016,SP,8103,597,300.214405360134,798.5743804806762,3203.7200000000003,323,0.4304857621440536,247.02756892230576,607.6764235974201,719211.7981623342,80078,0,0.0586650321025394,-0.0069894721701779,1200,200,L,Arterial,0.0015595037650729,0.35
D016,DTT,8101,611,358.4075286415712,956.1135184075628,3403.9304909983634,606,0.3306055646481178,246.98677248677248,607.6499770611385,813877.0510761313,107312,0.4010886882634094,0.1556872746475769,0.0003020706104844,1200,200,L,Arterial,0.0013339836066069,0.35
D016,DTT,8102,654,346.9510703363914,930.7220337723264,3356.6308256880734,589.35,0.5886850152905199,249.01808785529715,613.1871982528231,845995.6558109439,101691,0.3278980891719745,0.1442987035931232,0.0035090519967233,1200,200,L,Arterial,0.0013814823804998,0.35
D016,DTT,8103,597,349.41206030150755,929.6520823848958,3410.68757118928,558.1999999999999,0.4304857621440536,247.02756892230576,607.6764235974201,797465.1861991535,95280,0.3939352917287126,0.1572430829893485,0.0337204277855421,1200,200,L,Arterial,0.0013855312444946,0.35
D016,ECO,8101,611,299.76432078559736,797.3701565493983,3203.7200000000003,317,0.3322422258592471,246.98677248677248,607.6499770611385,716884.8569807928,86065,0,0.0555224338877393,0.0152915337997039,1200,200,L,Arterial,0.0015196726212081,0.35
D016,ECO,8102,654,310.23241590214064,833.6875137584362,3203.7200000000003,336.35,0.6146788990825688,249.01808785529715,613.1871982528231,782535.0797218598,88726,0,0.0611521997474209,-0.0221331498644101,1200,200,L,Arterial,0.0015117763495211,0.35
D016,ECO,8103,597,300.214405360134,798.5743804806762,3203.7200000000003,323,0.4304857621440536,247.02756892230576,607.6764235974201,719211.7981623342,80078,0,0.0586650321025394,-0.0069894721701779,1200,200,L,Arterial,0.0015595037650729,0.35
D016,TECO05,8101,611,309.7234042553192,825.2414363284095,3281.759934533552,411,0.3322422258592471,246.98677248677248,607.6499770611385,733914.2089257686,88012,0.1289679715302491,0.1003400998948029,0.0401118776210649,1200,200,L,Arterial,0.0014681271685907,0.35
D016,TECO05,8102,654,328.3960244648318,880.8391604470222,3298.029220183487,453,0.6146788990825688,267.23514211886305,664.6525625802662,833289.3526509156,100163,0.1271464149954122,0.1002644325956783,-0.0277572396300269,1200,200,L,Arterial,0.0014166956203374,0.35
D016,TECO05,8103,597,301.7001675041876,802.4602765051839,3225.789346733669,331,0.4304857621440536,247.02756892230576,607.6764235974201,721531.6780889654,79942,0.0410464591790708,0.0737291214711462,-0.0001879254970032,1200,200,L,Arterial,0.0015490761347823,0.35
D016,TECO10,8101,611,299.76432078559736,797.3701565493983,3203.7200000000003,317,0.3322422258592471,246.98677248677248,607.6499770611385,716884.8569807928,86065,0,0.0555224338877393,0.0152915337997039,1200,200,L,Arterial,0.0015196726212081,0.35
D016,TECO10,8102,654,310.23241590214064,833.6875137584362,3203.7200000000003,336.35,0.6146788990825688,249.01808785529715,613.1871982528231,782535.0797218598,88726,0,0.0611521997474209,-0.0221331498644101,1200,200,L,Arterial,0.0015117763495211,0.35
D016,TECO10,8103,597,300.214405360134,798.5743804806762,3203.7200000000003,323,0.4304857621440536,247.02756892230576,607.6764235974201,719211.7981623342,80078,0,0.0586650321025394,-0.0069894721701779,1200,200,L,Arterial,0.0015595037650729,0.35
D016,TECO15,8101,611,299.76432078559736,797.3701565493983,3203.7200000000003,317,0.3322422258592471,246.98677248677248,607.6499770611385,716884.8569807928,86065,0,0.0555224338877393,0.0152915337997039,1200,200,L,Arterial,0.0015196726212081,0.35
D016,TECO15,8102,654,310.23241590214064,833.6875137584362,3203.7200000000003,336.35,0.6146788990825688,249.01808785529715,613.1871982528231,782535.0797218598,88726,0,0.0611521997474209,-0.0221331498644101,1200,200,L,Arterial,0.0015117763495211,0.35
D016,TECO15,8103,597,300.214405360134,798.5743804806762,3203.7200000000003,323,0.4304857621440536,247.02756892230576,607.6764235974201,719211.7981623342,80078,0,0.0586650321025394,-0.0069894721701779,1200,200,L,Arterial,0.0015595037650729,0.35
D017,SP,8101,876,1409.590182648402,2155.4945881346025,3203.7200000000007,2003.5,684.5856164383562,236.98677248677248,578.6863631529501,2106956.7044777265,481832,0,0.0145060347342963,0.0017784039108109,1680,200,None,Balanced,0.0006897155304283,1
D017,SP,8102,906,1386.0827814569536,2153.771022081836,3203.7200000000003,2027,661.8520971302428,238.77777777777777,583.9838383188488,2177318.291435537,474374,0,0.0225603535823422,-0.0072890209881627,1680,200,None,Balanced,0.0007034392265704,1
D017,SP,8103,862,1318.3178654292344,2155.62009480528,3203.7200000000007,1931,593.4106728538283,237.02756892230576,579.2319598187086,2089258.0736898163,466746,0,0.0155482916094154,0.0003530684847753,1680,200,None,Balanced,0.0007038621077499,1
D017,DTT,8101,876,539.4246575342465,1478.3928792911236,3553.7017694063925,779.25,3.1746575342465757,236.98677248677248,578.6863631529501,1513815.6075308395,304625,0.4292521058453161,0.3107334804868811,0.0841064247092459,1680,200,None,Balanced,0.0008664292105235,1
D017,DTT,8102,906,587.4547461368653,1592.670526558367,3568.5534105960264,842.75,10.81456953642384,238.77777777777777,583.9838383188488,1668961.2424912748,318220,0.5002034008624197,0.3020345737441199,0.0827554485977222,1680,200,None,Balanced,0.0008586529005377,1
D017,DTT,8103,862,525.4408352668213,1436.82532014266,3581.645707656613,795.9499999999999,1.836426914153132,237.02756892230576,579.2319598187086,1469656.9779306375,279153,0.4354866200784046,0.3175839141547772,0.0783375437272513,1680,200,None,Balanced,0.0009033460006852,1
D017,ECO,8101,876,1409.590182648402,2155.4945881346025,3203.7200000000007,2003.5,684.5856164383562,236.98677248677248,578.6863631529501,2106956.7044777265,481832,0,0.0145060347342963,0.0017784039108109,1680,200,None,Balanced,0.0006897155304283,1
D017,ECO,8102,906,1386.0827814569536,2153.771022081836,3203.7200000000003,2027,661.8520971302428,238.77777777777777,583.9838383188488,2177318.291435537,474374,0,0.0225603535823422,-0.0072890209881627,1680,200,None,Balanced,0.0007034392265704,1
D017,ECO,8103,862,1318.3178654292344,2155.62009480528,3203.7200000000007,1931,593.4106728538283,237.02756892230576,579.2319598187086,2089258.0736898163,466746,0,0.0155482916094154,0.0003530684847753,1680,200,None,Balanced,0.0007038621077499,1
D017,TECO05,8101,876,814.6723744292237,1912.571488074314,3370.5969406392696,1214.25,158.63584474885846,236.98677248677248,578.6863631529501,1894156.068824914,418488,0.2658024224072672,0.1425662731771739,0.0631646116965996,1680,200,None,Balanced,0.0007274839275363,1
D017,TECO05,8102,906,767.5927152317881,1882.104033159112,3378.92110375276,1149,122.43708609271523,238.77777777777777,583.9838383188488,1931187.9994715496,400484,0.2744580069229367,0.1310610895406796,0.0438730716469454,1680,200,None,Balanced,0.0007524067217866,1
D017,TECO05,8103,862,749.0649651972158,1878.814831280993,3363.117447795824,1167,106.85962877030164,237.02756892230576,579.2319598187086,1850651.9365318809,395878,0.2543927399111798,0.1405849919508699,0.0551433408110029,1680,200,None,Balanced,0.0007545431959531,1
D017,TECO10,8101,876,1409.590182648402,2155.4945881346025,3203.7200000000007,2003.5,684.5856164383562,236.98677248677248,578.6863631529501,2106956.7044777265,481832,0,0.0145060347342963,0.0017784039108109,1680,200,None,Balanced,0.0006897155304283,1
D017,TECO10,8102,906,1386.0827814569536,2153.771022081836,3203.7200000000003,2027,661.8520971302428,238.77777777777777,583.9838383188488,2177318.291435537,474374,0,0.0225603535823422,-0.0072890209881627,1680,200,None,Balanced,0.0007034392265704,1
D017,TECO10,8103,862,1318.3178654292344,2155.62009480528,3203.7200000000007,1931,593.4106728538283,237.02756892230576,579.2319598187086,2089258.0736898163,466746,0,0.0155482916094154,0.0003530684847753,1680,200,None,Balanced,0.0007038621077499,1
D017,TECO15,8101,876,1409.590182648402,2155.4945881346025,3203.7200000000007,2003.5,684.5856164383562,236.98677248677248,578.6863631529501,2106956.7044777265,481832,0,0.0145060347342963,0.0017784039108109,1680,200,None,Balanced,0.0006897155304283,1
D017,TECO15,8102,906,1386.0827814569536,2153.771022081836,3203.7200000000003,2027,661.8520971302428,238.77777777777777,583.9838383188488,2177318.291435537,474374,0,0.0225603535823422,-0.0072890209881627,1680,200,None,Balanced,0.0007034392265704,1
D017,TECO15,8103,862,1318.3178654292344,2155.62009480528,3203.7200000000007,1931,593.4106728538283,237.02756892230576,579.2319598187086,2089258.0736898163,466746,0,0.0155482916094154,0.0003530684847753,1680,200,None,Balanced,0.0007038621077499,1
D018,SP,8101,876,757.7134703196347,1527.3926228065554,3203.7200000000007,1019.25,212.2865296803653,246.98677248677248,607.6499770611385,1567687.6289076528,260753,0,0.1255857730792043,-0.0014221670291199,1680,200,None,Arterial,0.0009453111262857,1
D018,SP,8102,906,739.6578366445916,1506.2757967325863,3203.7200000000003,1041,203.79690949227373,249.01808785529715,613.1871982528231,1601989.3175635657,254540,0,0.1455060656459473,-0.0104847858164996,1680,200,None,Arterial,0.0009738550873646,1
D018,SP,8103,862,663.677494199536,1489.7032144454067,3203.7200000000007,953.95,133.4338747099768,247.02756892230576,607.6764235974201,1526587.0638673112,248772,0,0.1207637701239174,-0.001432813203482,1680,200,None,Arterial,0.0009785446079015,1
D018,DTT,8101,876,472.52853881278537,1307.2770446107972,3398.5669748858454,905,2.493150684931507,246.98677248677248,607.6499770611385,1374866.3824081686,235208,0.3148888682228215,0.2061738910472414,-0.0307745233089655,1680,200,None,Arterial,0.0010051831505438,1
D018,DTT,8102,906,490.59823399558496,1341.548117237524,3418.2565783664463,906.5,4.420529801324503,249.01808785529715,613.1871982528231,1452746.039941039,234873,0.353708303761533,0.2232620667939683,-0.0584020334954787,1680,200,None,Arterial,0.0010149977671125,1
D018,DTT,8103,862,435.6461716937355,1186.0578965957282,3413.7296867749424,810.8499999999998,1.8016241299303943,247.02756892230576,607.6764235974201,1264844.7998808883,197937,0.3364765194659695,0.199063314615725,-0.0251094602853608,1680,200,None,Arterial,0.0010980976956037,1
D018,ECO,8101,876,757.7134703196347,1527.3926228065554,3203.7200000000007,1019.25,212.2865296803653,246.98677248677248,607.6499770611385,1567687.6289076528,260753,0,0.1255857730792043,-0.0014221670291199,1680,200,None,Arterial,0.0009453111262857,1
D018,ECO,8102,906,739.6578366445916,1506.2757967325863,3203.7200000000003,1041,203.79690949227373,249.01808785529715,613.1871982528231,1601989.3175635657,254540,0,0.1455060656459473,-0.0104847858164996,1680,200,None,Arterial,0.0009738550873646,1
D018,ECO,8103,862,663.677494199536,1489.7032144454067,3203.7200000000007,953.95,133.4338747099768,247.02756892230576,607.6764235974201,1526587.0638673112,248772,0,0.1207637701239174,-0.001432813203482,1680,200,None,Arterial,0.0009785446079015,1
D018,TECO05,8101,876,757.7134703196347,1527.3926228065554,3203.7200000000007,1019.25,212.2865296803653,246.98677248677248,607.6499770611385,1567687.6289076528,260753,0,0.1255857730792043,-0.0014221670291199,1680,200,None,Arterial,0.0009453111262857,1
D018,TECO05,8102,906,739.6578366445916,1506.2757967325863,3203.7200000000003,1041,203.79690949227373,249.01808785529715,613.1871982528231,1601989.3175635657,254540,0,0.1455060656459473,-0.0104847858164996,1680,200,None,Arterial,0.0009738550873646,1
D018,TECO05,8103,862,663.677494199536,1489.7032144454067,3203.7200000000007,953.95,133.4338747099768,247.02756892230576,607.6764235974201,1526587.0638673112,248772,0,0.1207637701239174,-0.001432813203482,1680,200,None,Arterial,0.0009785446079015,1
D018,TECO10,8101,876,757.7134703196347,1527.3926228065554,3203.7200000000007,1019.25,212.2865296803653,246.98677248677248,607.6499770611385,1567687.6289076528,260753,0,0.1255857730792043,-0.0014221670291199,1680,200,None,Arterial,0.0009453111262857,1
D018,TECO10,8102,906,739.6578366445916,1506.2757967325863,3203.7200000000003,1041,203.79690949227373,249.01808785529715,613.1871982528231,1601989.3175635657,254540,0,0.1455060656459473,-0.0104847858164996,1680,200,None,Arterial,0.0009738550873646,1
D018,TECO10,8103,862,663.677494199536,1489.7032144454067,3203.7200000000007,953.95,133.4338747099768,247.02756892230576,607.6764235974201,1526587.0638673112,248772,0,0.1207637701239174,-0.001432813203482,1680,200,None,Arterial,0.0009785446079015,1
D018,TECO15,8101,876,757.7134703196347,1527.3926228065554,3203.7200000000007,1019.25,212.2865296803653,246.98677248677248,607.6499770611385,1567687.6289076528,260753,0,0.1255857730792043,-0.0014221670291199,1680,200,None,Arterial,0.0009453111262857,1
D018,TECO15,8102,906,739.6578366445916,1506.2757967325863,3203.7200000000003,1041,203.79690949227373,249.01808785529715,613.1871982528231,1601989.3175635657,254540,0,0.1455060656459473,-0.0104847858164996,1680,200,None,Arterial,0.0009738550873646,1
D018,TECO15,8103,862,663.677494199536,1489.7032144454067,3203.7200000000007,953.95,133.4338747099768,247.02756892230576,607.6764235974201,1526587.0638673112,248772,0,0.1207637701239174,-0.001432813203482,1680,200,None,Arterial,0.0009785446079015,1
D019,SP,8101,876,1409.590182648402,2155.4945881346025,3203.7200000000007,2003.5,684.5856164383562,236.98677248677248,578.6863631529501,2106956.7044777265,481832,0,0.0145060347342963,0.0017784039108109,1680,200,U,Balanced,0.0006897155304283,0.35
D019,SP,8102,906,1386.0827814569536,2153.771022081836,3203.7200000000003,2027,661.8520971302428,238.77777777777777,583.9838383188488,2177318.291435537,474374,0,0.0225603535823422,-0.0072890209881627,1680,200,U,Balanced,0.0007034392265704,0.35
D019,SP,8103,862,1318.3178654292344,2155.62009480528,3203.7200000000007,1931,593.4106728538283,237.02756892230576,579.2319598187086,2089258.0736898163,466746,0,0.0155482916094154,0.0003530684847753,1680,200,U,Balanced,0.0007038621077499,0.35
D019,DTT,8101,876,596.7568493150685,1656.814685777548,3518.878824200913,796.25,2.767123287671233,236.98677248677248,578.6863631529501,1670113.1100129469,345283,0.4207153373170521,0.2762303940543685,0.0910120622182074,1680,200,U,Balanced,0.0008073040312794,0.35
D019,DTT,8102,906,569.884105960265,1577.7131130741009,3503.2442163355413,808.25,2.2549668874172184,238.77777777777777,583.9838383188488,1655409.82587453,315696,0.4012001352265044,0.248041203322028,0.0391604135094511,1680,200,U,Balanced,0.0008584173848952,0.35
D019,DTT,8103,862,577.5174013921114,1606.158379648351,3499.675290023202,781.3999999999992,4.709976798143852,237.02756892230576,579.2319598187086,1615622.0752245432,321149,0.4130589070262597,0.3037917982747105,0.0889583123102551,1680,200,U,Balanced,0.0008494608943181,0.35
D019,ECO,8101,876,1409.590182648402,2155.4945881346025,3203.7200000000007,2003.5,684.5856164383562,236.98677248677248,578.6863631529501,2106956.7044777265,481832,0,0.0145060347342963,0.0017784039108109,1680,200,U,Balanced,0.0006897155304283,0.35
D019,ECO,8102,906,1386.0827814569536,2153.771022081836,3203.7200000000003,2027,661.8520971302428,238.77777777777777,583.9838383188488,2177318.291435537,474374,0,0.0225603535823422,-0.0072890209881627,1680,200,U,Balanced,0.0007034392265704,0.35
D019,ECO,8103,862,1318.3178654292344,2155.62009480528,3203.7200000000007,1931,593.4106728538283,237.02756892230576,579.2319598187086,2089258.0736898163,466746,0,0.0155482916094154,0.0003530684847753,1680,200,U,Balanced,0.0007038621077499,0.35
D019,TECO05,8101,876,814.6723744292237,1912.571488074314,3370.5969406392696,1214.25,158.63584474885846,236.98677248677248,578.6863631529501,1894156.068824914,418488,0.2658024224072672,0.1425662731771739,0.0631646116965996,1680,200,U,Balanced,0.0007274839275363,0.35
D019,TECO05,8102,906,767.5927152317881,1882.104033159112,3378.92110375276,1149,122.43708609271523,238.77777777777777,583.9838383188488,1931187.9994715496,400484,0.2744580069229367,0.1310610895406796,0.0438730716469454,1680,200,U,Balanced,0.0007524067217866,0.35
D019,TECO05,8103,862,749.0649651972158,1878.814831280993,3363.117447795824,1167,106.85962877030164,237.02756892230576,579.2319598187086,1850651.9365318809,395878,0.2543927399111798,0.1405849919508699,0.0551433408110029,1680,200,U,Balanced,0.0007545431959531,0.35
D019,TECO10,8101,876,1409.590182648402,2155.4945881346025,3203.7200000000007,2003.5,684.5856164383562,236.98677248677248,578.6863631529501,2106956.7044777265,481832,0,0.0145060347342963,0.0017784039108109,1680,200,U,Balanced,0.0006897155304283,0.35
D019,TECO10,8102,906,1386.0827814569536,2153.771022081836,3203.7200000000003,2027,661.8520971302428,238.77777777777777,583.9838383188488,2177318.291435537,474374,0,0.0225603535823422,-0.0072890209881627,1680,200,U,Balanced,0.0007034392265704,0.35
D019,TECO10,8103,862,1318.3178654292344,2155.62009480528,3203.7200000000007,1931,593.4106728538283,237.02756892230576,579.2319598187086,2089258.0736898163,466746,0,0.0155482916094154,0.0003530684847753,1680,200,U,Balanced,0.0007038621077499,0.35
D019,TECO15,8101,876,1409.590182648402,2155.4945881346025,3203.7200000000007,2003.5,684.5856164383562,236.98677248677248,578.6863631529501,2106956.7044777265,481832,0,0.0145060347342963,0.0017784039108109,1680,200,U,Balanced,0.0006897155304283,0.35
D019,TECO15,8102,906,1386.0827814569536,2153.771022081836,3203.7200000000003,2027,661.8520971302428,238.77777777777777,583.9838383188488,2177318.291435537,474374,0,0.0225603535823422,-0.0072890209881627,1680,200,U,Balanced,0.0007034392265704,0.35
D019,TECO15,8103,862,1318.3178654292344,2155.62009480528,3203.7200000000007,1931,593.4106728538283,237.02756892230576,579.2319598187086,2089258.0736898163,466746,0,0.0155482916094154,0.0003530684847753,1680,200,U,Balanced,0.0007038621077499,0.35
D020,SP,8101,876,757.7134703196347,1527.3926228065554,3203.7200000000007,1019.25,212.2865296803653,246.98677248677248,607.6499770611385,1567687.6289076528,260753,0,0.1255857730792043,-0.0014221670291199,1680,200,U,Arterial,0.0009453111262857,0.35
D020,SP,8102,906,739.6578366445916,1506.2757967325863,3203.7200000000003,1041,203.79690949227373,249.01808785529715,613.1871982528231,1601989.3175635657,254540,0,0.1455060656459473,-0.0104847858164996,1680,200,U,Arterial,0.0009738550873646,0.35
D020,SP,8103,862,663.677494199536,1489.7032144454067,3203.7200000000007,953.95,133.4338747099768,247.02756892230576,607.6764235974201,1526587.0638673112,248772,0,0.1207637701239174,-0.001432813203482,1680,200,U,Arterial,0.0009785446079015,0.35
D020,DTT,8101,876,482.92009132420094,1345.4715544776157,3381.340091324201,905,2.713470319634703,246.98677248677248,607.6499770611385,1408324.773051502,243574,0.2856605193827625,0.1924575090147657,-0.0276916051076862,1680,200,U,Arterial,0.0009836321187112,0.35
D020,DTT,8102,906,490.0022075055188,1343.6453805997078,3400.267604856512,906.5,6.855408388520972,249.01808785529715,613.1871982528231,1454646.1605471778,235352,0.3264793032234893,0.2201631246735139,-0.0412785479875108,1680,200,U,Arterial,0.0010104933918708,0.35
D020,DTT,8103,862,435.6461716937355,1185.9338957756058,3413.7296867749424,810.8499999999998,1.8016241299303943,247.02756892230576,607.6764235974201,1264737.9111739427,197814,0.3364765194659695,0.200026719908027,-0.0238303880913234,1680,200,U,Arterial,0.0010981696437901,0.35
D020,ECO,8101,876,757.7134703196347,1527.3926228065554,3203.7200000000007,1019.25,212.2865296803653,246.98677248677248,607.6499770611385,1567687.6289076528,260753,0,0.1255857730792043,-0.0014221670291199,1680,200,U,Arterial,0.0009453111262857,0.35
D020,ECO,8102,906,739.6578366445916,1506.2757967325863,3203.7200000000003,1041,203.79690949227373,249.01808785529715,613.1871982528231,1601989.3175635657,254540,0,0.1455060656459473,-0.0104847858164996,1680,200,U,Arterial,0.0009738550873646,0.35
D020,ECO,8103,862,663.677494199536,1489.7032144454067,3203.7200000000007,953.95,133.4338747099768,247.02756892230576,607.6764235974201,1526587.0638673112,248772,0,0.1207637701239174,-0.001432813203482,1680,200,U,Arterial,0.0009785446079015,0.35
D020,TECO05,8101,876,757.7134703196347,1527.3926228065554,3203.7200000000007,1019.25,212.2865296803653,246.98677248677248,607.6499770611385,1567687.6289076528,260753,0,0.1255857730792043,-0.0014221670291199,1680,200,U,Arterial,0.0009453111262857,0.35
D020,TECO05,8102,906,739.6578366445916,1506.2757967325863,3203.7200000000003,1041,203.79690949227373,249.01808785529715,613.1871982528231,1601989.3175635657,254540,0,0.1455060656459473,-0.0104847858164996,1680,200,U,Arterial,0.0009738550873646,0.35
D020,TECO05,8103,862,663.677494199536,1489.7032144454067,3203.7200000000007,953.95,133.4338747099768,247.02756892230576,607.6764235974201,1526587.0638673112,248772,0,0.1207637701239174,-0.001432813203482,1680,200,U,Arterial,0.0009785446079015,0.35
D020,TECO10,8101,876,757.7134703196347,1527.3926228065554,3203.7200000000007,1019.25,212.2865296803653,246.98677248677248,607.6499770611385,1567687.6289076528,260753,0,0.1255857730792043,-0.0014221670291199,1680,200,U,Arterial,0.0009453111262857,0.35
D020,TECO10,8102,906,739.6578366445916,1506.2757967325863,3203.7200000000003,1041,203.79690949227373,249.01808785529715,613.1871982528231,1601989.3175635657,254540,0,0.1455060656459473,-0.0104847858164996,1680,200,U,Arterial,0.0009738550873646,0.35
D020,TECO10,8103,862,663.677494199536,1489.7032144454067,3203.7200000000007,953.95,133.4338747099768,247.02756892230576,607.6764235974201,1526587.0638673112,248772,0,0.1207637701239174,-0.001432813203482,1680,200,U,Arterial,0.0009785446079015,0.35
D020,TECO15,8101,876,757.7134703196347,1527.3926228065554,3203.7200000000007,1019.25,212.2865296803653,246.98677248677248,607.6499770611385,1567687.6289076528,260753,0,0.1255857730792043,-0.0014221670291199,1680,200,U,Arterial,0.0009453111262857,0.35
D020,TECO15,8102,906,739.6578366445916,1506.2757967325863,3203.7200000000003,1041,203.79690949227373,249.01808785529715,613.1871982528231,1601989.3175635657,254540,0,0.1455060656459473,-0.0104847858164996,1680,200,U,Arterial,0.0009738550873646,0.35
D020,TECO15,8103,862,663.677494199536,1489.7032144454067,3203.7200000000007,953.95,133.4338747099768,247.02756892230576,607.6764235974201,1526587.0638673112,248772,0,0.1207637701239174,-0.001432813203482,1680,200,U,Arterial,0.0009785446079015,0.35
D021,SP,8101,876,1621.4018264840183,2441.811006866119,3203.7200000000007,2216.25,810.2888127853881,236.98677248677248,578.6863631529501,2357769.887286535,578031,0,0.1491306725604191,0.0786700490443678,1680,200,C,Balanced,0.000615140728063,0.35
D021,SP,8102,906,1597.7869757174392,2449.440088420768,3203.7200000000003,2240.5,784.158940397351,238.77777777777777,583.9838383188488,2445194.4655386102,570907,0,0.1488001457212088,0.0589906158909157,1680,200,C,Balanced,0.0006272605888904,0.35
D021,SP,8103,862,1529.991879350348,2447.5903655883235,3203.7200000000007,2139.9,717.0046403712297,237.02756892230576,579.2319598187086,2340936.4471048,561410,0,0.1408972902052659,0.0745422606063559,1680,200,C,Balanced,0.0006279577858339,0.35
D021,DTT,8101,876,654.5102739726027,1776.6950077906824,3615.996632420091,937,5.993150684931507,236.98677248677248,578.6780132350236,1775125.1158274768,388442,0.4521107209928962,0.2946394845372584,0.056888713700976,1680,200,C,Balanced,0.0007616780041841,0.35
D021,DTT,8102,906,690.4878587196469,1849.239479360514,3581.895441501104,958,21.73289183222958,238.77777777777777,583.9762891444793,1901409.7921995395,395665,0.486813627254509,0.254133813904682,0.0284467840354451,1680,200,C,Balanced,0.0007693671781261,0.35
D021,DTT,8103,862,632.7343387470997,1720.7516842171044,3646.885127610208,948.95,2.2401392111368907,237.02756892230576,579.2319598187086,1714401.5037628089,358374,0.4586588541666667,0.3206972536812039,0.0223860880690985,1680,200,C,Balanced,0.0007993791261389,0.35
D021,ECO,8101,876,1102.4429223744291,2932.618541233868,3733.2778881278537,1753.5,22.763698630136982,580.558201058201,1510.237722489058,3139843.701221732,836161,0.3599760065981855,0.4345651193325668,-0.2539685479374566,1680,200,C,Balanced,0.000496146183028,0.35
D021,ECO,8102,906,1108.1699779249448,2989.89438413886,3732.7591832229577,1875.5,11.310154525386311,464.1369509043928,1201.2470483300683,3173726.9197335434,796774,0.3351194786386676,0.4162066608038168,-0.264445428449607,1680,200,C,Balanced,0.0005073383471945,0.35
D021,ECO,8103,862,1048.2412993039443,2742.930282341916,3752.7613225058,1558,49.17981438515081,431.453634085213,1113.5340783134047,2808706.00062578,705770,0.2229543365001532,0.4977510875087209,-0.0964979843302993,1680,200,C,Balanced,0.0005085161113142,0.35
D021,TECO05,8101,876,845.0205479452055,2184.3866032261703,3533.537534246576,1344.25,70.31963470319634,236.98677248677248,578.6863631529501,2132266.1096979403,491837,0.2953448275862069,0.2748032023146446,0.0323187864247624,1680,200,C,Balanced,0.0006415790522852,0.35
D021,TECO05,8102,906,812.9812362030905,2117.8253084678904,3564.476479028698,1329,50.51103752759382,238.9095607235142,584.390274930075,2144908.7658698475,455442,0.3335510737323426,0.2821987385296714,0.0472063167422413,1680,200,C,Balanced,0.0006734590005381,0.35
D021,TECO05,8103,862,665.4872389791183,1842.875581480228,3622.733874709977,1080.9499999999998,5.5116009280742455,284.1979949874687,705.786512758057,1870167.5698264216,410009,0.4097245270494524,0.3538592477538003,-0.0467988501711494,1680,200,C,Balanced,0.0007329619934626,0.35
D021,TECO10,8101,876,973.3995433789954,2318.873586148655,3640.662773972603,1841,126.86986301369863,236.98677248677248,578.6287884713453,2250054.9435083903,514727,0.1495204524961062,0.4936936619655369,0.0311158831251903,1680,200,C,Balanced,0.0005985129161547,0.35
D021,TECO10,8102,906,963.3245033112582,2412.226502512151,3535.4400662251664,1834,105.14790286975716,238.77777777777777,583.9838383188488,2411478.9567054035,541116,0.1972194472194472,0.3064275181050389,0.0310004799293668,1680,200,C,Balanced,0.0006054557531448,0.35
D021,TECO10,8103,862,901.0394431554524,2282.5688208862057,3560.074814385151,1541.9,85.51972157772622,237.02756892230576,579.2243733062537,2198684.848553105,508079,0.222779555478682,0.3083021963384611,-0.0004908427056305,1680,200,C,Balanced,0.0006268857343609,0.35
D021,TECO15,8101,876,854.0102739726027,2309.5070296532867,3652.66154109589,1337.25,9.626712328767123,296.35714285714283,740.9361074308778,2303202.0065851505,567820,0.3659251049006413,0.3726413252781747,-0.1133531613603831,1680,200,C,Balanced,0.0006229859802465,0.35
D021,TECO15,8102,906,927.0165562913908,2449.394528094469,3575.9055960264905,1460.5,46.6280353200883,371.3049095607235,945.8799679911372,2585206.9900661586,605608,0.3130949524038077,0.4179047480656617,-0.0203586373717072,1680,200,C,Balanced,0.0005857081233564,0.35
D021,TECO15,8103,862,1079.4350348027842,2623.1910581245397,3613.9904176334103,1930.9,125.32134570765662,258.3308270676692,638.3159374905805,2515878.7511620945,601824,0.2190228341168569,0.7830044473471747,0.3157505732823316,1680,200,C,Balanced,0.0005556547138688,0.35
D022,SP,8101,876,920.8972602739726,1712.412722469323,3203.7200000000007,1153,345.30593607305934,246.98677248677248,607.6499770611385,1729765.236212237,328503,0,0.1656409733750271,0.0674018805729996,1680,200,C,Arterial,0.0008657988937298,0.35
D022,SP,8102,906,910.8366445916116,1699.9713097062115,3203.7200000000003,1178,338.93156732891833,249.01808785529715,613.1871982528231,1777477.4523176705,319337,0,0.1640131753347269,0.0463861875827026,1680,200,C,Arterial,0.0008877883541637,0.35
D022,SP,8103,862,849.2633410672854,1700.3137231826552,3203.7200000000007,1101,277.3329466357309,247.02756892230576,607.6764235974201,1708133.3223988195,315953,0,0.141830913139282,0.0577289662322851,1680,200,C,Arterial,0.0008872089460259,0.35
D022,DTT,8101,876,556.37899543379,1495.781942745572,3483.3232420091326,1170.25,2.493150684931507,246.98677248677248,607.6499770611385,1539996.6731742315,293559,0.4624384236453202,0.3240446651707338,-0.0431303619772472,1680,200,C,Arterial,0.0009202243227473,0.35
D022,DTT,8102,906,589.635761589404,1588.0161790756435,3462.935982339956,1059.5,20.082781456953644,277.41602067183464,691.9830071004665,1706540.0819904134,309549,0.4070347437220502,0.225632267100174,-0.0726187594731486,1680,200,C,Arterial,0.0008884129716134,0.35
D022,DTT,8103,862,525.822505800464,1426.2021601903414,3473.6996519721583,1038.6499999999996,1.8016241299303943,258.9924812030075,641.0938738119668,1485182.717735049,267206,0.3803879310344827,0.2787653540729753,-0.0748905105806781,1680,200,C,Arterial,0.000964649314487,0.35
D022,ECO,8101,876,920.8972602739726,1712.412722469323,3203.7200000000007,1153,345.30593607305934,246.98677248677248,607.6499770611385,1729765.236212237,328503,0,0.1656409733750271,0.0674018805729996,1680,200,C,Arterial,0.0008657988937298,0.35
D022,ECO,8102,906,910.8366445916116,1699.9713097062115,3203.7200000000003,1178,338.93156732891833,249.01808785529715,613.1871982528231,1777477.4523176705,319337,0,0.1640131753347269,0.0463861875827026,1680,200,C,Arterial,0.0008877883541637,0.35
D022,ECO,8103,862,849.2633410672854,1700.3137231826552,3203.7200000000007,1101,277.3329466357309,247.02756892230576,607.6764235974201,1708133.3223988195,315953,0,0.141830913139282,0.0577289662322851,1680,200,C,Arterial,0.0008872089460259,0.35
D022,TECO05,8101,876,541.0810502283105,1455.153047946077,3373.17899543379,982.25,12.228310502283104,246.98677248677248,607.6499770611385,1504405.7613298737,272228,0.284247853676745,0.2371991577830029,-0.0409258297858649,1680,200,C,Arterial,0.0009562151895891,0.35
D022,TECO05,8102,906,567.3830022075056,1534.918592679508,3418.3484105960265,991.75,17.46467991169978,263.0516795865633,651.1337353121103,1642625.0005334208,286756,0.3529723055212559,0.2807271775764752,-0.0845285403145558,1680,200,C,Arterial,0.00092836737439,0.35
D022,TECO05,8103,862,570.1044083526682,1528.713780236637,3375.5786194895595,1064,18.51972157772622,252.59147869674183,622.5723082593969,1566157.6295594804,286463,0.2833254605573925,0.2802342673189741,-0.1038639594296253,1680,200,C,Arterial,0.0009474556424659,0.35
D022,TECO10,8101,876,637.1426940639269,1756.468548818188,3502.697089041096,1276.25,1.7431506849315068,361.8174603174603,924.1292945459776,1887987.322103112,394888,0.2550108459869848,0.3315598640094774,-0.2162845866514694,1680,200,C,Arterial,0.0007782998563493,0.35
D022,TECO10,8102,906,651.8465783664459,1792.3286534825152,3504.575121412804,1162.5,2.1876379690949226,340.90697674418607,863.9309433900657,1958191.0351471144,386261,0.3150742037685509,0.3434863479998766,-0.2344516962724132,1680,200,C,Arterial,0.0007960123303331,0.35
D022,TECO10,8103,862,749.776102088167,2016.5143081636816,3542.5166241299303,1757,2.5290023201856147,428.6365914786968,1103.7002656258917,2178611.7396218246,497807,0.4161415623651273,0.4949337322668454,-0.2911921737256738,1680,200,C,Arterial,0.0007050284896481,0.35
D022,TECO15,8101,876,779.7385844748859,2166.6038272756614,3422.8688013698634,2079.25,14.034246575342468,671.9973544973545,1751.993983239926,2560198.678358172,620854,0.2258643915581499,0.3357770482006074,-0.2594773552410933,1680,200,C,Arterial,0.0006247532302638,0.35
D022,TECO15,8102,906,759.280353200883,2105.3454377602843,3487.654116997792,1610.25,5.3719646799117,477.6434108527132,1234.5513248401032,2385214.3293239377,524952,0.2259393124317054,0.3778088757903464,-0.2720931928533737,1680,200,C,Arterial,0.0006674296281654,0.35
D022,TECO15,8103,862,787.8213457076566,2159.5967082620155,3517.460580046404,1694.7999999999995,1.8549883990719256,606.5087719298245,1579.0877838198298,2491628.3882659697,597319,0.3227969348659004,0.4293317055826973,-0.3418023241566214,1680,200,C,Arterial,0.000631576975396,0.35
D023,SP,8101,876,1409.590182648402,2155.4945881346025,3203.7200000000007,2003.5,684.5856164383562,236.98677248677248,578.6863631529501,2106956.7044777265,481832,0,0.0145060347342963,0.0017784039108109,1680,200,L,Balanced,0.0006897155304283,0.35
D023,SP,8102,906,1386.0827814569536,2153.771022081836,3203.7200000000003,2027,661.8520971302428,238.77777777777777,583.9838383188488,2177318.291435537,474374,0,0.0225603535823422,-0.0072890209881627,1680,200,L,Balanced,0.0007034392265704,0.35
D023,SP,8103,862,1318.3178654292344,2155.62009480528,3203.7200000000007,1931,593.4106728538283,237.02756892230576,579.2319598187086,2089258.0736898163,466746,0,0.0155482916094154,0.0003530684847753,1680,200,L,Balanced,0.0007038621077499,0.35
D023,DTT,8101,876,539.8196347031964,1478.7671963209543,3553.7017694063925,779.25,3.1746575342465757,236.98677248677248,578.6863631529501,1514143.5092489712,303608,0.4346975240364162,0.3073509601245053,0.0880051907669095,1680,200,L,Balanced,0.0008659828415428,0.35
D023,DTT,8102,906,587.8366445916115,1593.0495601468858,3568.5534105960264,842.75,10.81456953642384,238.77777777777777,583.9838383188488,1669304.6469224729,317194,0.5057359043202343,0.2986567678377837,0.0864071090161049,1680,200,L,Balanced,0.0008582628058178,0.35
D023,DTT,8103,862,525.8422273781903,1437.2332101146,3581.645707656613,795.9499999999999,1.836426914153132,237.02756892230576,579.2319598187086,1470008.57908645,278123,0.4400886313277655,0.3150380467089691,0.0816724199906045,1680,200,L,Balanced,0.0009029138853024,0.35
D023,ECO,8101,876,1409.590182648402,2155.4945881346025,3203.7200000000007,2003.5,684.5856164383562,236.98677248677248,578.6863631529501,2106956.7044777265,481832,0,0.0145060347342963,0.0017784039108109,1680,200,L,Balanced,0.0006897155304283,0.35
D023,ECO,8102,906,1386.0827814569536,2153.771022081836,3203.7200000000003,2027,661.8520971302428,238.77777777777777,583.9838383188488,2177318.291435537,474374,0,0.0225603535823422,-0.0072890209881627,1680,200,L,Balanced,0.0007034392265704,0.35
D023,ECO,8103,862,1318.3178654292344,2155.62009480528,3203.7200000000007,1931,593.4106728538283,237.02756892230576,579.2319598187086,2089258.0736898163,466746,0,0.0155482916094154,0.0003530684847753,1680,200,L,Balanced,0.0007038621077499,0.35
D023,TECO05,8101,876,795.9006849315068,1874.162813224816,3386.684166666668,1243,147.50570776255708,236.98677248677248,578.6863631529501,1860510.069656754,407815,0.2985561248253376,0.207512761276463,0.1046912988407526,1680,200,L,Balanced,0.0007446545030986,0.35
D023,TECO05,8102,906,692.0386313465783,1786.0500891209276,3385.7355739514355,1110,75.92825607064017,238.77777777777777,583.9838383188488,1844163.126172955,371861,0.2896327709104033,0.1601331865261971,0.0365517064961693,1680,200,L,Balanced,0.0007920175585303,0.35
D023,TECO05,8103,862,718.4060324825986,1805.628767425844,3410.4765313225057,1152.9499999999998,95.54640371229698,237.02756892230576,579.2319598187086,1787565.549488742,376988,0.3346445630795167,0.2020375666841624,0.1054751845453459,1680,200,L,Balanced,0.0007754208026122,0.35
D023,TECO10,8101,876,1409.590182648402,2155.4945881346025,3203.7200000000007,2003.5,684.5856164383562,236.98677248677248,578.6863631529501,2106956.7044777265,481832,0,0.0145060347342963,0.0017784039108109,1680,200,L,Balanced,0.0006897155304283,0.35
D023,TECO10,8102,906,1386.0827814569536,2153.771022081836,3203.7200000000003,2027,661.8520971302428,238.77777777777777,583.9838383188488,2177318.291435537,474374,0,0.0225603535823422,-0.0072890209881627,1680,200,L,Balanced,0.0007034392265704,0.35
D023,TECO10,8103,862,1318.3178654292344,2155.62009480528,3203.7200000000007,1931,593.4106728538283,237.02756892230576,579.2319598187086,2089258.0736898163,466746,0,0.0155482916094154,0.0003530684847753,1680,200,L,Balanced,0.0007038621077499,0.35
D023,TECO15,8101,876,1409.590182648402,2155.4945881346025,3203.7200000000007,2003.5,684.5856164383562,236.98677248677248,578.6863631529501,2106956.7044777265,481832,0,0.0145060347342963,0.0017784039108109,1680,200,L,Balanced,0.0006897155304283,0.35
D023,TECO15,8102,906,1386.0827814569536,2153.771022081836,3203.7200000000003,2027,661.8520971302428,238.77777777777777,583.9838383188488,2177318.291435537,474374,0,0.0225603535823422,-0.0072890209881627,1680,200,L,Balanced,0.0007034392265704,0.35
D023,TECO15,8103,862,1318.3178654292344,2155.62009480528,3203.7200000000007,1931,593.4106728538283,237.02756892230576,579.2319598187086,2089258.0736898163,466746,0,0.0155482916094154,0.0003530684847753,1680,200,L,Balanced,0.0007038621077499,0.35
D024,SP,8101,876,757.7134703196347,1527.3926228065554,3203.7200000000007,1019.25,212.2865296803653,246.98677248677248,607.6499770611385,1567687.6289076528,260753,0,0.1255857730792043,-0.0014221670291199,1680,200,L,Arterial,0.0009453111262857,0.35
D024,SP,8102,906,739.6578366445916,1506.2757967325863,3203.7200000000003,1041,203.79690949227373,249.01808785529715,613.1871982528231,1601989.3175635657,254540,0,0.1455060656459473,-0.0104847858164996,1680,200,L,Arterial,0.0009738550873646,0.35
D024,SP,8103,862,663.677494199536,1489.7032144454067,3203.7200000000007,953.95,133.4338747099768,247.02756892230576,607.6764235974201,1526587.0638673112,248772,0,0.1207637701239174,-0.001432813203482,1680,200,L,Arterial,0.0009785446079015,0.35
D024,DTT,8101,876,501.398401826484,1387.344297807546,3301.1245662100464,654.25,15.07876712328767,246.98677248677248,607.6499770611385,1445005.296208521,243306,0.1611001964636542,0.1246695109851135,-0.007139611581344,1680,200,L,Arterial,0.0009838838902936,0.35
D024,DTT,8102,906,478.2748344370861,1342.4591514566814,3311.056644591612,711.5,11.80242825607064,249.01808785529715,613.1871982528231,1453571.436943596,230803,0.1782542981296051,0.1184079919722579,-0.0327781636932488,1680,200,L,Arterial,0.0010248216964315,0.35
D024,DTT,8103,862,450.0742459396752,1257.603726618813,3309.257122969838,619.9499999999999,9.51276102088167,247.02756892230576,607.6764235974201,1326517.3053607873,208560,0.1781951898230968,0.1494647874093516,-0.0015540435724538,1680,200,L,Arterial,0.0010670177684867,0.35
D024,ECO,8101,876,757.7134703196347,1527.3926228065554,3203.7200000000007,1019.25,212.2865296803653,246.98677248677248,607.6499770611385,1567687.6289076528,260753,0,0.1255857730792043,-0.0014221670291199,1680,200,L,Arterial,0.0009453111262857,0.35
D024,ECO,8102,906,739.6578366445916,1506.2757967325863,3203.7200000000003,1041,203.79690949227373,249.01808785529715,613.1871982528231,1601989.3175635657,254540,0,0.1455060656459473,-0.0104847858164996,1680,200,L,Arterial,0.0009738550873646,0.35
D024,ECO,8103,862,663.677494199536,1489.7032144454067,3203.7200000000007,953.95,133.4338747099768,247.02756892230576,607.6764235974201,1526587.0638673112,248772,0,0.1207637701239174,-0.001432813203482,1680,200,L,Arterial,0.0009785446079015,0.35
D024,TECO05,8101,876,757.7134703196347,1527.3926228065554,3203.7200000000007,1019.25,212.2865296803653,246.98677248677248,607.6499770611385,1567687.6289076528,260753,0,0.1255857730792043,-0.0014221670291199,1680,200,L,Arterial,0.0009453111262857,0.35
D024,TECO05,8102,906,739.6578366445916,1506.2757967325863,3203.7200000000003,1041,203.79690949227373,249.01808785529715,613.1871982528231,1601989.3175635657,254540,0,0.1455060656459473,-0.0104847858164996,1680,200,L,Arterial,0.0009738550873646,0.35
D024,TECO05,8103,862,663.677494199536,1489.7032144454067,3203.7200000000007,953.95,133.4338747099768,247.02756892230576,607.6764235974201,1526587.0638673112,248772,0,0.1207637701239174,-0.001432813203482,1680,200,L,Arterial,0.0009785446079015,0.35
D024,TECO10,8101,876,757.7134703196347,1527.3926228065554,3203.7200000000007,1019.25,212.2865296803653,246.98677248677248,607.6499770611385,1567687.6289076528,260753,0,0.1255857730792043,-0.0014221670291199,1680,200,L,Arterial,0.0009453111262857,0.35
D024,TECO10,8102,906,739.6578366445916,1506.2757967325863,3203.7200000000003,1041,203.79690949227373,249.01808785529715,613.1871982528231,1601989.3175635657,254540,0,0.1455060656459473,-0.0104847858164996,1680,200,L,Arterial,0.0009738550873646,0.35
D024,TECO10,8103,862,663.677494199536,1489.7032144454067,3203.7200000000007,953.95,133.4338747099768,247.02756892230576,607.6764235974201,1526587.0638673112,248772,0,0.1207637701239174,-0.001432813203482,1680,200,L,Arterial,0.0009785446079015,0.35
D024,TECO15,8101,876,757.7134703196347,1527.3926228065554,3203.7200000000007,1019.25,212.2865296803653,246.98677248677248,607.6499770611385,1567687.6289076528,260753,0,0.1255857730792043,-0.0014221670291199,1680,200,L,Arterial,0.0009453111262857,0.35
D024,TECO15,8102,906,739.6578366445916,1506.2757967325863,3203.7200000000003,1041,203.79690949227373,249.01808785529715,613.1871982528231,1601989.3175635657,254540,0,0.1455060656459473,-0.0104847858164996,1680,200,L,Arterial,0.0009738550873646,0.35
D024,TECO15,8103,862,663.677494199536,1489.7032144454067,3203.7200000000007,953.95,133.4338747099768,247.02756892230576,607.6764235974201,1526587.0638673112,248772,0,0.1207637701239174,-0.001432813203482,1680,200,L,Arterial,0.0009785446079015,0.35
